station_id,hour_utc,availability_class,health_status,health_total_progressive,full_outage_run_hours,partial_outage_run_hours,outage_duration_multiplier,outage_duration_penalty,selected_event_start_utc,selected_event_end_utc,selected_event_duration_hours,selected_event_recovered,health_total_hard_zero
IDERNA7,2025-07-05 14:00:00+00:00,full_outage,full_outage,61.07623381779942,1.0,0.0,0.9591894571091382,0.040810542890861834,2025-07-08 14:00:00+00:00,2025-08-11 11:00:00+00:00,814,True,0.0
IDERNA7,2025-07-05 15:00:00+00:00,online,scored,67.42373785302459,0.0,0.0,1.0,0.0,2025-07-08 14:00:00+00:00,2025-08-11 11:00:00+00:00,814,True,67.42373785302459
IDERNA7,2025-07-05 16:00:00+00:00,online,scored,66.73482696600485,0.0,0.0,1.0,0.0,2025-07-08 14:00:00+00:00,2025-08-11 11:00:00+00:00,814,True,66.73482696600485
IDERNA7,2025-07-05 17:00:00+00:00,online,scored,65.7350951510299,0.0,0.0,1.0,0.0,2025-07-08 14:00:00+00:00,2025-08-11 11:00:00+00:00,814,True,65.7350951510299
IDERNA7,2025-07-05 18:00:00+00:00,online,scored,67.31374479283222,0.0,0.0,1.0,0.0,2025-07-08 14:00:00+00:00,2025-08-11 11:00:00+00:00,814,True,67.31374479283222
IDERNA7,2025-07-05 19:00:00+00:00,online,scored,63.34839726876761,0.0,0.0,1.0,0.0,2025-07-08 14:00:00+00:00,2025-08-11 11:00:00+00:00,814,True,63.34839726876761
IDERNA7,2025-07-05 20:00:00+00:00,online,scored,58.69321111715393,0.0,0.0,1.0,0.0,2025-07-08 14:00:00+00:00,2025-08-11 11:00:00+00:00,814,True,58.69321111715393
IDERNA7,2025-07-05 21:00:00+00:00,online,scored,56.19195329663372,0.0,0.0,1.0,0.0,2025-07-08 14:00:00+00:00,2025-08-11 11:00:00+00:00,814,True,56.19195329663372
IDERNA7,2025-07-05 22:00:00+00:00,full_outage,full_outage,53.89872917650014,1.0,0.0,0.9591894571091382,0.040810542890861834,2025-07-08 14:00:00+00:00,2025-08-11 11:00:00+00:00,814,True,0.0
IDERNA7,2025-07-05 23:00:00+00:00,online,scored,51.6658547201587,0.0,0.0,1.0,0.0,2025-07-08 14:00:00+00:00,2025-08-11 11:00:00+00:00,814,True,51.6658547201587
IDERNA7,2025-07-06 00:00:00+00:00,online,scored,52.00295575231603,0.0,0.0,1.0,0.0,2025-07-08 14:00:00+00:00,2025-08-11 11:00:00+00:00,814,True,52.00295575231603
IDERNA7,2025-07-06 01:00:00+00:00,online,scored,54.414757846015796,0.0,0.0,1.0,0.0,2025-07-08 14:00:00+00:00,2025-08-11 11:00:00+00:00,814,True,54.414757846015796
IDERNA7,2025-07-06 02:00:00+00:00,online,scored,55.57261685140728,0.0,0.0,1.0,0.0,2025-07-08 14:00:00+00:00,2025-08-11 11:00:00+00:00,814,True,55.57261685140728
IDERNA7,2025-07-06 03:00:00+00:00,online,scored,55.27704041026648,0.0,0.0,1.0,0.0,2025-07-08 14:00:00+00:00,2025-08-11 11:00:00+00:00,814,True,55.27704041026648
IDERNA7,2025-07-06 04:00:00+00:00,online,scored,55.858382823904954,0.0,0.0,1.0,0.0,2025-07-08 14:00:00+00:00,2025-08-11 11:00:00+00:00,814,True,55.858382823904954
IDERNA7,2025-07-06 05:00:00+00:00,online,scored,55.54559546457724,0.0,0.0,1.0,0.0,2025-07-08 14:00:00+00:00,2025-08-11 11:00:00+00:00,814,True,55.54559546457724
IDERNA7,2025-07-06 06:00:00+00:00,online,scored,59.357199397400464,0.0,0.0,1.0,0.0,2025-07-08 14:00:00+00:00,2025-08-11 11:00:00+00:00,814,True,59.357199397400464
IDERNA7,2025-07-06 07:00:00+00:00,online,scored,55.4887857686711,0.0,0.0,1.0,0.0,2025-07-08 14:00:00+00:00,2025-08-11 11:00:00+00:00,814,True,55.4887857686711
IDERNA7,2025-07-06 08:00:00+00:00,full_outage,full_outage,53.22425829709691,1.0,0.0,0.9591894571091382,0.040810542890861834,2025-07-08 14:00:00+00:00,2025-08-11 11:00:00+00:00,814,True,0.0
IDERNA7,2025-07-06 09:00:00+00:00,full_outage,full_outage,51.05214742102893,2.0,0.0,0.9200444146293233,0.07995558537067671,2025-07-08 14:00:00+00:00,2025-08-11 11:00:00+00:00,814,True,0.0
IDERNA7,2025-07-06 10:00:00+00:00,online,scored,54.404100517670344,0.0,0.0,1.0,0.0,2025-07-08 14:00:00+00:00,2025-08-11 11:00:00+00:00,814,True,54.404100517670344
IDERNA7,2025-07-06 11:00:00+00:00,online,scored,55.32335937675847,0.0,0.0,1.0,0.0,2025-07-08 14:00:00+00:00,2025-08-11 11:00:00+00:00,814,True,55.32335937675847
IDERNA7,2025-07-06 12:00:00+00:00,online,scored,55.33852908999093,0.0,0.0,1.0,0.0,2025-07-08 14:00:00+00:00,2025-08-11 11:00:00+00:00,814,True,55.33852908999093
IDERNA7,2025-07-06 13:00:00+00:00,online,scored,56.337839215016885,0.0,0.0,1.0,0.0,2025-07-08 14:00:00+00:00,2025-08-11 11:00:00+00:00,814,True,56.337839215016885
IDERNA7,2025-07-06 14:00:00+00:00,online,scored,57.001301081000356,0.0,0.0,1.0,0.0,2025-07-08 14:00:00+00:00,2025-08-11 11:00:00+00:00,814,True,57.001301081000356
IDERNA7,2025-07-06 15:00:00+00:00,online,scored,58.32200200602002,0.0,0.0,1.0,0.0,2025-07-08 14:00:00+00:00,2025-08-11 11:00:00+00:00,814,True,58.32200200602002
IDERNA7,2025-07-06 16:00:00+00:00,online,scored,54.809595688280915,0.0,0.0,1.0,0.0,2025-07-08 14:00:00+00:00,2025-08-11 11:00:00+00:00,814,True,54.809595688280915
IDERNA7,2025-07-06 17:00:00+00:00,online,scored,56.30509510477508,0.0,0.0,1.0,0.0,2025-07-08 14:00:00+00:00,2025-08-11 11:00:00+00:00,814,True,56.30509510477508
IDERNA7,2025-07-06 18:00:00+00:00,online,scored,58.86541618758887,0.0,0.0,1.0,0.0,2025-07-08 14:00:00+00:00,2025-08-11 11:00:00+00:00,814,True,58.86541618758887
IDERNA7,2025-07-06 19:00:00+00:00,online,scored,61.5065067763116,0.0,0.0,1.0,0.0,2025-07-08 14:00:00+00:00,2025-08-11 11:00:00+00:00,814,True,61.5065067763116
IDERNA7,2025-07-06 20:00:00+00:00,full_outage,full_outage,58.99639284344985,1.0,0.0,0.9591894571091382,0.040810542890861834,2025-07-08 14:00:00+00:00,2025-08-11 11:00:00+00:00,814,True,0.0
IDERNA7,2025-07-06 21:00:00+00:00,online,scored,56.50022570510872,0.0,0.0,1.0,0.0,2025-07-08 14:00:00+00:00,2025-08-11 11:00:00+00:00,814,True,56.50022570510872
IDERNA7,2025-07-06 22:00:00+00:00,online,scored,60.21212118090624,0.0,0.0,1.0,0.0,2025-07-08 14:00:00+00:00,2025-08-11 11:00:00+00:00,814,True,60.21212118090624
IDERNA7,2025-07-06 23:00:00+00:00,online,scored,59.5270053045983,0.0,0.0,1.0,0.0,2025-07-08 14:00:00+00:00,2025-08-11 11:00:00+00:00,814,True,59.5270053045983
IDERNA7,2025-07-07 00:00:00+00:00,online,scored,58.05373954148111,0.0,0.0,1.0,0.0,2025-07-08 14:00:00+00:00,2025-08-11 11:00:00+00:00,814,True,58.05373954148111
IDERNA7,2025-07-07 01:00:00+00:00,online,scored,58.771808066807324,0.0,0.0,1.0,0.0,2025-07-08 14:00:00+00:00,2025-08-11 11:00:00+00:00,814,True,58.771808066807324
IDERNA7,2025-07-07 02:00:00+00:00,online,scored,59.864397380165876,0.0,0.0,1.0,0.0,2025-07-08 14:00:00+00:00,2025-08-11 11:00:00+00:00,814,True,59.864397380165876
IDERNA7,2025-07-07 03:00:00+00:00,full_outage,full_outage,57.42129882324701,1.0,0.0,0.9591894571091382,0.040810542890861834,2025-07-08 14:00:00+00:00,2025-08-11 11:00:00+00:00,814,True,0.0
IDERNA7,2025-07-07 04:00:00+00:00,full_outage,full_outage,55.07790444477191,2.0,0.0,0.9200444146293233,0.07995558537067671,2025-07-08 14:00:00+00:00,2025-08-11 11:00:00+00:00,814,True,0.0
IDERNA7,2025-07-07 05:00:00+00:00,full_outage,full_outage,52.83014526308977,3.0,0.0,0.8824969025845955,0.11750309741540454,2025-07-08 14:00:00+00:00,2025-08-11 11:00:00+00:00,814,True,0.0
IDERNA7,2025-07-07 06:00:00+00:00,full_outage,full_outage,50.674118353899956,4.0,0.0,0.8464817248906141,0.15351827510938587,2025-07-08 14:00:00+00:00,2025-08-11 11:00:00+00:00,814,True,0.0
IDERNA7,2025-07-07 07:00:00+00:00,full_outage,full_outage,48.606080073361525,5.0,0.0,0.8119363461506349,0.18806365384936508,2025-07-08 14:00:00+00:00,2025-08-11 11:00:00+00:00,814,True,0.0
IDERNA7,2025-07-07 08:00:00+00:00,online,scored,58.83089883303813,0.0,0.0,1.0,0.0,2025-07-08 14:00:00+00:00,2025-08-11 11:00:00+00:00,814,True,58.83089883303813
IDERNA7,2025-07-07 09:00:00+00:00,online,scored,59.65164944612696,0.0,0.0,1.0,0.0,2025-07-08 14:00:00+00:00,2025-08-11 11:00:00+00:00,814,True,59.65164944612696
IDERNA7,2025-07-07 10:00:00+00:00,online,scored,59.95591715738076,0.0,0.0,1.0,0.0,2025-07-08 14:00:00+00:00,2025-08-11 11:00:00+00:00,814,True,59.95591715738076
IDERNA7,2025-07-07 11:00:00+00:00,online,scored,56.30887483726715,0.0,0.0,1.0,0.0,2025-07-08 14:00:00+00:00,2025-08-11 11:00:00+00:00,814,True,56.30887483726715
IDERNA7,2025-07-07 12:00:00+00:00,full_outage,full_outage,54.01087908558469,1.0,0.0,0.9591894571091382,0.040810542890861834,2025-07-08 14:00:00+00:00,2025-08-11 11:00:00+00:00,814,True,0.0
IDERNA7,2025-07-07 13:00:00+00:00,full_outage,full_outage,51.806665788089276,2.0,0.0,0.9200444146293233,0.07995558537067671,2025-07-08 14:00:00+00:00,2025-08-11 11:00:00+00:00,814,True,0.0
IDERNA7,2025-07-07 14:00:00+00:00,full_outage,full_outage,49.69240763191193,3.0,0.0,0.8824969025845955,0.11750309741540454,2025-07-08 14:00:00+00:00,2025-08-11 11:00:00+00:00,814,True,0.0
IDERNA7,2025-07-07 15:00:00+00:00,full_outage,full_outage,47.6644334988996,4.0,0.0,0.8464817248906141,0.15351827510938587,2025-07-08 14:00:00+00:00,2025-08-11 11:00:00+00:00,814,True,0.0
IDERNA7,2025-07-07 16:00:00+00:00,online,scored,57.202986187069804,0.0,0.0,1.0,0.0,2025-07-08 14:00:00+00:00,2025-08-11 11:00:00+00:00,814,True,57.202986187069804
IDERNA7,2025-07-07 17:00:00+00:00,online,scored,63.186394375636866,0.0,0.0,1.0,0.0,2025-07-08 14:00:00+00:00,2025-08-11 11:00:00+00:00,814,True,63.186394375636866
IDERNA7,2025-07-07 18:00:00+00:00,online,scored,65.570419284303,0.0,0.0,1.0,0.0,2025-07-08 14:00:00+00:00,2025-08-11 11:00:00+00:00,814,True,65.570419284303
IDERNA7,2025-07-07 19:00:00+00:00,online,scored,65.57357775188193,0.0,0.0,1.0,0.0,2025-07-08 14:00:00+00:00,2025-08-11 11:00:00+00:00,814,True,65.57357775188193
IDERNA7,2025-07-07 20:00:00+00:00,online,scored,61.45499752234283,0.0,0.0,1.0,0.0,2025-07-08 14:00:00+00:00,2025-08-11 11:00:00+00:00,814,True,61.45499752234283
IDERNA7,2025-07-07 21:00:00+00:00,online,scored,59.37949089644443,0.0,0.0,1.0,0.0,2025-07-08 14:00:00+00:00,2025-08-11 11:00:00+00:00,814,True,59.37949089644443
IDERNA7,2025-07-07 22:00:00+00:00,online,scored,60.02446491581068,0.0,0.0,1.0,0.0,2025-07-08 14:00:00+00:00,2025-08-11 11:00:00+00:00,814,True,60.02446491581068
IDERNA7,2025-07-07 23:00:00+00:00,online,scored,60.593900452575994,0.0,0.0,1.0,0.0,2025-07-08 14:00:00+00:00,2025-08-11 11:00:00+00:00,814,True,60.593900452575994
IDERNA7,2025-07-08 00:00:00+00:00,online,scored,60.809887256573994,0.0,0.0,1.0,0.0,2025-07-08 14:00:00+00:00,2025-08-11 11:00:00+00:00,814,True,60.809887256573994
IDERNA7,2025-07-08 01:00:00+00:00,online,scored,61.0113330239199,0.0,0.0,1.0,0.0,2025-07-08 14:00:00+00:00,2025-08-11 11:00:00+00:00,814,True,61.0113330239199
IDERNA7,2025-07-08 02:00:00+00:00,online,scored,62.854128187315204,0.0,0.0,1.0,0.0,2025-07-08 14:00:00+00:00,2025-08-11 11:00:00+00:00,814,True,62.854128187315204
IDERNA7,2025-07-08 03:00:00+00:00,online,scored,62.516375868381225,0.0,0.0,1.0,0.0,2025-07-08 14:00:00+00:00,2025-08-11 11:00:00+00:00,814,True,62.516375868381225
IDERNA7,2025-07-08 04:00:00+00:00,online,scored,64.6595032601646,0.0,0.0,1.0,0.0,2025-07-08 14:00:00+00:00,2025-08-11 11:00:00+00:00,814,True,64.6595032601646
IDERNA7,2025-07-08 05:00:00+00:00,online,scored,61.16437300191802,0.0,0.0,1.0,0.0,2025-07-08 14:00:00+00:00,2025-08-11 11:00:00+00:00,814,True,61.16437300191802
IDERNA7,2025-07-08 06:00:00+00:00,online,scored,65.38961676859499,0.0,0.0,1.0,0.0,2025-07-08 14:00:00+00:00,2025-08-11 11:00:00+00:00,814,True,65.38961676859499
IDERNA7,2025-07-08 07:00:00+00:00,online,scored,62.72580218638589,0.0,0.0,1.0,0.0,2025-07-08 14:00:00+00:00,2025-08-11 11:00:00+00:00,814,True,62.72580218638589
IDERNA7,2025-07-08 08:00:00+00:00,online,scored,62.75446085228279,0.0,0.0,1.0,0.0,2025-07-08 14:00:00+00:00,2025-08-11 11:00:00+00:00,814,True,62.75446085228279
IDERNA7,2025-07-08 09:00:00+00:00,online,scored,61.756421902312795,0.0,0.0,1.0,0.0,2025-07-08 14:00:00+00:00,2025-08-11 11:00:00+00:00,814,True,61.756421902312795
IDERNA7,2025-07-08 10:00:00+00:00,online,scored,62.10625668419803,0.0,0.0,1.0,0.0,2025-07-08 14:00:00+00:00,2025-08-11 11:00:00+00:00,814,True,62.10625668419803
IDERNA7,2025-07-08 11:00:00+00:00,online,scored,58.51630743587134,0.0,0.0,1.0,0.0,2025-07-08 14:00:00+00:00,2025-08-11 11:00:00+00:00,814,True,58.51630743587134
IDERNA7,2025-07-08 12:00:00+00:00,online,scored,59.589857677876594,0.0,0.0,1.0,0.0,2025-07-08 14:00:00+00:00,2025-08-11 11:00:00+00:00,814,True,59.589857677876594
IDERNA7,2025-07-08 13:00:00+00:00,online,scored,60.10902864735846,0.0,0.0,1.0,0.0,2025-07-08 14:00:00+00:00,2025-08-11 11:00:00+00:00,814,True,60.10902864735846
IDERNA7,2025-07-08 14:00:00+00:00,full_outage,full_outage,57.6559465556174,1.0,0.0,0.9591894571091382,0.040810542890861834,2025-07-08 14:00:00+00:00,2025-08-11 11:00:00+00:00,814,True,0.0
IDERNA7,2025-07-08 15:00:00+00:00,full_outage,full_outage,55.302976075796124,2.0,0.0,0.9200444146293233,0.07995558537067671,2025-07-08 14:00:00+00:00,2025-08-11 11:00:00+00:00,814,True,0.0
IDERNA7,2025-07-08 16:00:00+00:00,full_outage,full_outage,53.04603159866255,3.0,0.0,0.8824969025845955,0.11750309741540454,2025-07-08 14:00:00+00:00,2025-08-11 11:00:00+00:00,814,True,0.0
IDERNA7,2025-07-08 17:00:00+00:00,full_outage,full_outage,50.881194250915314,4.0,0.0,0.8464817248906141,0.15351827510938587,2025-07-08 14:00:00+00:00,2025-08-11 11:00:00+00:00,814,True,0.0
IDERNA7,2025-07-08 18:00:00+00:00,full_outage,full_outage,48.80470509060007,5.0,0.0,0.8119363461506349,0.18806365384936508,2025-07-08 14:00:00+00:00,2025-08-11 11:00:00+00:00,814,True,0.0
IDERNA7,2025-07-08 19:00:00+00:00,full_outage,full_outage,46.81295858022427,6.0,0.0,0.7788007830714049,0.22119921692859512,2025-07-08 14:00:00+00:00,2025-08-11 11:00:00+00:00,814,True,0.0
IDERNA7,2025-07-08 20:00:00+00:00,full_outage,full_outage,44.902496326237895,7.0,0.0,0.7470175003104326,0.25298249968956743,2025-07-08 14:00:00+00:00,2025-08-11 11:00:00+00:00,814,True,0.0
IDERNA7,2025-07-08 21:00:00+00:00,full_outage,full_outage,43.070001074009205,8.0,0.0,0.7165313105737893,0.28346868942621073,2025-07-08 14:00:00+00:00,2025-08-11 11:00:00+00:00,814,True,0.0
IDERNA7,2025-07-08 22:00:00+00:00,full_outage,full_outage,41.312290947868874,9.0,0.0,0.6872892787909722,0.31271072120902776,2025-07-08 14:00:00+00:00,2025-08-11 11:00:00+00:00,814,True,0.0
IDERNA7,2025-07-08 23:00:00+00:00,full_outage,full_outage,39.62631392622113,10.0,0.0,0.6592406302004438,0.34075936979955623,2025-07-08 14:00:00+00:00,2025-08-11 11:00:00+00:00,814,True,0.0
IDERNA7,2025-07-09 00:00:00+00:00,full_outage,full_outage,38.009142542128316,11.0,0.0,0.6323366621862497,0.36766333781375027,2025-07-08 14:00:00+00:00,2025-08-11 11:00:00+00:00,814,True,0.0
IDERNA7,2025-07-09 01:00:00+00:00,full_outage,full_outage,36.4579688001679,12.0,0.0,0.6065306597126334,0.3934693402873666,2025-07-08 14:00:00+00:00,2025-08-11 11:00:00+00:00,814,True,0.0
IDERNA7,2025-07-09 02:00:00+00:00,full_outage,full_outage,34.97009930073496,13.0,0.0,0.5817778142098083,0.41822218579019166,2025-07-08 14:00:00+00:00,2025-08-11 11:00:00+00:00,814,True,0.0
IDERNA7,2025-07-09 03:00:00+00:00,full_outage,full_outage,33.54295056332461,14.0,0.0,0.5580351457700471,0.4419648542299529,2025-07-08 14:00:00+00:00,2025-08-11 11:00:00+00:00,814,True,0.0
IDERNA7,2025-07-09 04:00:00+00:00,full_outage,full_outage,32.174044540674004,15.0,0.0,0.5352614285189903,0.4647385714810097,2025-07-08 14:00:00+00:00,2025-08-11 11:00:00+00:00,814,True,0.0
IDERNA7,2025-07-09 05:00:00+00:00,full_outage,full_outage,30.861004315974316,16.0,0.0,0.513417119032592,0.486582880967408,2025-07-08 14:00:00+00:00,2025-08-11 11:00:00+00:00,814,True,0.0
IDERNA7,2025-07-09 06:00:00+00:00,full_outage,full_outage,29.601549975682182,17.0,0.0,0.49246428767540973,0.5075357123245903,2025-07-08 14:00:00+00:00,2025-08-11 11:00:00+00:00,814,True,0.0
IDERNA7,2025-07-09 07:00:00+00:00,full_outage,full_outage,28.393494650763607,18.0,0.0,0.4723665527410147,0.5276334472589853,2025-07-08 14:00:00+00:00,2025-08-11 11:00:00+00:00,814,True,0.0
IDERNA7,2025-07-09 08:00:00+00:00,full_outage,full_outage,27.234740719497168,19.0,0.0,0.453089017280169,0.5469109827198311,2025-07-08 14:00:00+00:00,2025-08-11 11:00:00+00:00,814,True,0.0
IDERNA7,2025-07-09 09:00:00+00:00,full_outage,full_outage,26.12327616524263,20.0,0.0,0.4345982085070782,0.5654017914929218,2025-07-08 14:00:00+00:00,2025-08-11 11:00:00+00:00,814,True,0.0
IDERNA7,2025-07-09 10:00:00+00:00,full_outage,full_outage,25.057171082851163,21.0,0.0,0.4168620196785084,0.5831379803214916,2025-07-08 14:00:00+00:00,2025-08-11 11:00:00+00:00,814,True,0.0
IDERNA7,2025-07-09 11:00:00+00:00,full_outage,full_outage,24.0345743276508,22.0,0.0,0.39984965434484737,0.6001503456551527,2025-07-08 14:00:00+00:00,2025-08-11 11:00:00+00:00,814,True,0.0
IDERNA7,2025-07-09 12:00:00+00:00,full_outage,full_outage,23.05371030118861,23.0,0.0,0.3835315728763107,0.6164684271236893,2025-07-08 14:00:00+00:00,2025-08-11 11:00:00+00:00,814,True,0.0
IDERNA7,2025-07-09 13:00:00+00:00,full_outage,full_outage,22.11287586814845,24.0,0.0,0.36787944117144233,0.6321205588285577,2025-07-08 14:00:00+00:00,2025-08-11 11:00:00+00:00,814,True,0.0
IDERNA7,2025-07-09 14:00:00+00:00,full_outage,full_outage,21.210437399091074,25.0,0.0,0.3528660814588489,0.6471339185411511,2025-07-08 14:00:00+00:00,2025-08-11 11:00:00+00:00,814,True,0.0
IDERNA7,2025-07-09 15:00:00+00:00,full_outage,full_outage,20.34482793388153,26.0,0.0,0.3384654251067422,0.6615345748932577,2025-07-08 14:00:00+00:00,2025-08-11 11:00:00+00:00,814,True,0.0
IDERNA7,2025-07-09 16:00:00+00:00,full_outage,full_outage,19.514544460878653,27.0,0.0,0.32465246735834974,0.6753475326416503,2025-07-08 14:00:00+00:00,2025-08-11 11:00:00+00:00,814,True,0.0
IDERNA7,2025-07-09 17:00:00+00:00,full_outage,full_outage,18.718145307162334,28.0,0.0,0.3114032239145977,0.6885967760854024,2025-07-08 14:00:00+00:00,2025-08-11 11:00:00+00:00,814,True,0.0
IDERNA7,2025-07-09 18:00:00+00:00,full_outage,full_outage,17.954247635267002,29.0,0.0,0.29869468928867837,0.7013053107113216,2025-07-08 14:00:00+00:00,2025-08-11 11:00:00+00:00,814,True,0.0
IDERNA7,2025-07-09 19:00:00+00:00,full_outage,full_outage,17.221525042074784,30.0,0.0,0.2865047968601901,0.7134952031398099,2025-07-08 14:00:00+00:00,2025-08-11 11:00:00+00:00,814,True,0.0
IDERNA7,2025-07-09 20:00:00+00:00,full_outage,full_outage,16.51870525569914,31.0,0.0,0.27481238055948964,0.7251876194405104,2025-07-08 14:00:00+00:00,2025-08-11 11:00:00+00:00,814,True,0.0
IDERNA7,2025-07-09 21:00:00+00:00,full_outage,full_outage,15.844567926359925,32.0,0.0,0.26359713811572677,0.7364028618842733,2025-07-08 14:00:00+00:00,2025-08-11 11:00:00+00:00,814,True,0.0
IDERNA7,2025-07-09 22:00:00+00:00,full_outage,full_outage,15.197942507414037,33.0,0.0,0.25283959580474646,0.7471604041952535,2025-07-08 14:00:00+00:00,2025-08-11 11:00:00+00:00,814,True,0.0
IDERNA7,2025-07-09 23:00:00+00:00,full_outage,full_outage,14.577706222862368,34.0,0.0,0.2425210746356487,0.7574789253643512,2025-07-08 14:00:00+00:00,2025-08-11 11:00:00+00:00,814,True,0.0
IDERNA7,2025-07-10 00:00:00+00:00,full_outage,full_outage,13.982782117803863,35.0,0.0,0.2326236579172927,0.7673763420827073,2025-07-08 14:00:00+00:00,2025-08-11 11:00:00+00:00,814,True,0.0
IDERNA7,2025-07-10 01:00:00+00:00,full_outage,full_outage,13.412137188451648,36.0,0.0,0.22313016014842982,0.7768698398515702,2025-07-08 14:00:00+00:00,2025-08-11 11:00:00+00:00,814,True,0.0
IDERNA7,2025-07-10 02:00:00+00:00,full_outage,full_outage,12.864780588464217,37.0,0.0,0.21402409717744744,0.7859759028225526,2025-07-08 14:00:00+00:00,2025-08-11 11:00:00+00:00,814,True,0.0
IDERNA7,2025-07-10 03:00:00+00:00,full_outage,full_outage,12.339761908477174,38.0,0.0,0.20528965757990927,0.7947103424200908,2025-07-08 14:00:00+00:00,2025-08-11 11:00:00+00:00,814,True,0.0
IDERNA7,2025-07-10 04:00:00+00:00,full_outage,full_outage,11.836169525848245,39.0,0.0,0.19691167520419406,0.8030883247958059,2025-07-08 14:00:00+00:00,2025-08-11 11:00:00+00:00,814,True,0.0
IDERNA7,2025-07-10 05:00:00+00:00,full_outage,full_outage,11.353129021750101,40.0,0.0,0.18887560283756183,0.8111243971624382,2025-07-08 14:00:00+00:00,2025-08-11 11:00:00+00:00,814,True,0.0
IDERNA7,2025-07-10 06:00:00+00:00,full_outage,full_outage,10.889801662862482,41.0,0.0,0.18116748694692214,0.8188325130530778,2025-07-08 14:00:00+00:00,2025-08-11 11:00:00+00:00,814,True,0.0
IDERNA7,2025-07-10 07:00:00+00:00,full_outage,full_outage,10.445382945027255,42.0,0.0,0.17377394345044514,0.8262260565495548,2025-07-08 14:00:00+00:00,2025-08-11 11:00:00+00:00,814,True,0.0
IDERNA7,2025-07-10 08:00:00+00:00,full_outage,full_outage,10.019101196337743,43.0,0.0,0.16668213447794653,0.8333178655220534,2025-07-08 14:00:00+00:00,2025-08-11 11:00:00+00:00,814,True,0.0
IDERNA7,2025-07-10 09:00:00+00:00,full_outage,full_outage,9.610216237236719,44.0,0.0,0.1598797460796939,0.8401202539203061,2025-07-08 14:00:00+00:00,2025-08-11 11:00:00+00:00,814,True,0.0
IDERNA7,2025-07-10 10:00:00+00:00,full_outage,full_outage,9.218018095296511,45.0,0.0,0.15335496684492847,0.8466450331550716,2025-07-08 14:00:00+00:00,2025-08-11 11:00:00+00:00,814,True,0.0
IDERNA7,2025-07-10 11:00:00+00:00,full_outage,full_outage,8.84182577244967,46.0,0.0,0.1470964673929768,0.8529035326070232,2025-07-08 14:00:00+00:00,2025-08-11 11:00:00+00:00,814,True,0.0
IDERNA7,2025-07-10 12:00:00+00:00,full_outage,full_outage,8.480986062529588,47.0,0.0,0.1410933807013415,0.8589066192986585,2025-07-08 14:00:00+00:00,2025-08-11 11:00:00+00:00,814,True,0.0
IDERNA7,2025-07-10 13:00:00+00:00,full_outage,full_outage,8.134872417067923,48.0,0.0,0.1353352832366127,0.8646647167633873,2025-07-08 14:00:00+00:00,2025-08-11 11:00:00+00:00,814,True,0.0
IDERNA7,2025-07-10 14:00:00+00:00,full_outage,full_outage,7.802883857379483,49.0,0.0,0.129812176855438,0.870187823144562,2025-07-08 14:00:00+00:00,2025-08-11 11:00:00+00:00,814,True,0.0
IDERNA7,2025-07-10 15:00:00+00:00,full_outage,full_outage,7.484443931045484,50.0,0.0,0.12451447144412296,0.875485528555877,2025-07-08 14:00:00+00:00,2025-08-11 11:00:00+00:00,814,True,0.0
IDERNA7,2025-07-10 16:00:00+00:00,full_outage,full_outage,7.178999710983303,51.0,0.0,0.11943296826671962,0.8805670317332803,2025-07-08 14:00:00+00:00,2025-08-11 11:00:00+00:00,814,True,0.0
IDERNA7,2025-07-10 17:00:00+00:00,full_outage,full_outage,6.886020835364735,52.0,0.0,0.11455884399268773,0.8854411560073123,2025-07-08 14:00:00+00:00,2025-08-11 11:00:00+00:00,814,True,0.0
IDERNA7,2025-07-10 18:00:00+00:00,full_outage,full_outage,6.604998586715712,53.0,0.0,0.10988363537639657,0.8901163646236034,2025-07-08 14:00:00+00:00,2025-08-11 11:00:00+00:00,814,True,0.0
IDERNA7,2025-07-10 19:00:00+00:00,full_outage,full_outage,6.335445008598471,54.0,0.0,0.10539922456186433,0.8946007754381357,2025-07-08 14:00:00+00:00,2025-08-11 11:00:00+00:00,814,True,0.0
IDERNA7,2025-07-10 20:00:00+00:00,full_outage,full_outage,6.076892058342367,55.0,0.0,0.10109782498721881,0.8989021750127812,2025-07-08 14:00:00+00:00,2025-08-11 11:00:00+00:00,814,True,0.0
IDERNA7,2025-07-10 21:00:00+00:00,full_outage,full_outage,5.8288907943522466,56.0,0.0,0.09697196786440505,0.9030280321355949,2025-07-08 14:00:00+00:00,2025-08-11 11:00:00+00:00,814,True,0.0
IDERNA7,2025-07-10 22:00:00+00:00,full_outage,full_outage,5.591010596583185,57.0,0.0,0.09301448921066349,0.9069855107893365,2025-07-08 14:00:00+00:00,2025-08-11 11:00:00+00:00,814,True,0.0
IDERNA7,2025-07-10 23:00:00+00:00,full_outage,full_outage,5.3628384188280664,58.0,0.0,0.08921851740926011,0.9107814825907399,2025-07-08 14:00:00+00:00,2025-08-11 11:00:00+00:00,814,True,0.0
IDERNA7,2025-07-11 00:00:00+00:00,full_outage,full_outage,5.14397807151972,59.0,0.0,0.08557746127787037,0.9144225387221296,2025-07-08 14:00:00+00:00,2025-08-11 11:00:00+00:00,814,True,0.0
IDERNA7,2025-07-11 01:00:00+00:00,full_outage,full_outage,4.9340495338023125,60.0,0.0,0.0820849986238988,0.9179150013761012,2025-07-08 14:00:00+00:00,2025-08-11 11:00:00+00:00,814,True,0.0
IDERNA7,2025-07-11 02:00:00+00:00,full_outage,full_outage,4.7326882936774375,61.0,0.0,0.07873506526686186,0.9212649347331381,2025-07-08 14:00:00+00:00,2025-08-11 11:00:00+00:00,814,True,0.0
IDERNA7,2025-07-11 03:00:00+00:00,full_outage,full_outage,4.539544715079233,62.0,0.0,0.07552184450877376,0.9244781554912263,2025-07-08 14:00:00+00:00,2025-08-11 11:00:00+00:00,814,True,0.0
IDERNA7,2025-07-11 04:00:00+00:00,full_outage,full_outage,4.354283430779507,63.0,0.0,0.07243975703425146,0.9275602429657486,2025-07-08 14:00:00+00:00,2025-08-11 11:00:00+00:00,814,True,0.0
IDERNA7,2025-07-11 05:00:00+00:00,full_outage,full_outage,4.176582760068712,64.0,0.0,0.06948345122280154,0.9305165487771985,2025-07-08 14:00:00+00:00,2025-08-11 11:00:00+00:00,814,True,0.0
IDERNA7,2025-07-11 06:00:00+00:00,full_outage,full_outage,4.006134150201692,65.0,0.0,0.06664779385646828,0.9333522061435318,2025-07-08 14:00:00+00:00,2025-08-11 11:00:00+00:00,814,True,0.0
IDERNA7,2025-07-11 07:00:00+00:00,full_outage,full_outage,3.84264164063834,66.0,0.0,0.06392786120670757,0.9360721387932924,2025-07-08 14:00:00+00:00,2025-08-11 11:00:00+00:00,814,True,0.0
IDERNA7,2025-07-11 08:00:00+00:00,full_outage,full_outage,3.685821349148858,67.0,0.0,0.06131893048501018,0.9386810695149899,2025-07-08 14:00:00+00:00,2025-08-11 11:00:00+00:00,814,True,0.0
IDERNA7,2025-07-11 09:00:00+00:00,full_outage,full_outage,3.5354009788913636,68.0,0.0,0.05881647164242988,0.9411835283575701,2025-07-08 14:00:00+00:00,2025-08-11 11:00:00+00:00,814,True,0.0
IDERNA7,2025-07-11 10:00:00+00:00,full_outage,full_outage,3.391119345605924,69.0,0.0,0.05641613950377735,0.9435838604962227,2025-07-08 14:00:00+00:00,2025-08-11 11:00:00+00:00,814,True,0.0
IDERNA7,2025-07-11 11:00:00+00:00,full_outage,full_outage,3.252725924104043,70.0,0.0,0.05411376622282161,0.9458862337771784,2025-07-08 14:00:00+00:00,2025-08-11 11:00:00+00:00,814,True,0.0
IDERNA7,2025-07-11 12:00:00+00:00,full_outage,full_outage,3.1199804132661755,71.0,0.0,0.05190535404539906,0.9480946459546009,2025-07-08 14:00:00+00:00,2025-08-11 11:00:00+00:00,814,True,0.0
IDERNA7,2025-07-11 13:00:00+00:00,full_outage,full_outage,2.992652318791928,72.0,0.0,0.049787068367863944,0.950212931632136,2025-07-08 14:00:00+00:00,2025-08-11 11:00:00+00:00,814,True,0.0
IDERNA7,2025-07-11 14:00:00+00:00,full_outage,full_outage,2.8705205529784332,73.0,0.0,0.04775523107882697,0.952244768921173,2025-07-08 14:00:00+00:00,2025-08-11 11:00:00+00:00,814,True,0.0
IDERNA7,2025-07-11 15:00:00+00:00,full_outage,full_outage,2.753373050832006,74.0,0.0,0.04580631417262147,0.9541936858273785,2025-07-08 14:00:00+00:00,2025-08-11 11:00:00+00:00,814,True,0.0
IDERNA7,2025-07-11 16:00:00+00:00,full_outage,full_outage,2.641006401846483,75.0,0.0,0.04393693362340742,0.9560630663765926,2025-07-08 14:00:00+00:00,2025-08-11 11:00:00+00:00,814,True,0.0
IDERNA7,2025-07-11 17:00:00+00:00,full_outage,full_outage,2.533225496808887,76.0,0.0,0.042143843509276406,0.9578561564907236,2025-07-08 14:00:00+00:00,2025-08-11 11:00:00+00:00,814,True,0.0
IDERNA7,2025-07-11 18:00:00+00:00,full_outage,full_outage,2.4298431890191425,77.0,0.0,0.040423930376155305,0.9595760696238447,2025-07-08 14:00:00+00:00,2025-08-11 11:00:00+00:00,814,True,0.0
IDERNA7,2025-07-11 19:00:00+00:00,full_outage,full_outage,2.330679969335609,78.0,0.0,0.03877420783172201,0.961225792168278,2025-07-08 14:00:00+00:00,2025-08-11 11:00:00+00:00,814,True,0.0
IDERNA7,2025-07-11 20:00:00+00:00,full_outage,full_outage,2.2355636544821658,79.0,0.0,0.037191811359946335,0.9628081886400537,2025-07-08 14:00:00+00:00,2025-08-11 11:00:00+00:00,814,True,0.0
IDERNA7,2025-07-11 21:00:00+00:00,full_outage,full_outage,2.1443290880756694,80.0,0.0,0.035673993347252395,0.9643260066527476,2025-07-08 14:00:00+00:00,2025-08-11 11:00:00+00:00,814,True,0.0
IDERNA7,2025-07-11 22:00:00+00:00,full_outage,full_outage,2.0568178538546347,81.0,0.0,0.03421811831166603,0.965781881688334,2025-07-08 14:00:00+00:00,2025-08-11 11:00:00+00:00,814,True,0.0
IDERNA7,2025-07-11 23:00:00+00:00,full_outage,full_outage,1.97287800061121,82.0,0.0,0.03282165832666321,0.9671783416733368,2025-07-08 14:00:00+00:00,2025-08-11 11:00:00+00:00,814,True,0.0
IDERNA7,2025-07-12 00:00:00+00:00,full_outage,full_outage,1.892363778348828,83.0,0.0,0.0314821886317737,0.9685178113682263,2025-07-08 14:00:00+00:00,2025-08-11 11:00:00+00:00,814,True,0.0
IDERNA7,2025-07-12 01:00:00+00:00,full_outage,full_outage,1.8151353852074104,84.0,0.0,0.0301973834223185,0.9698026165776815,2025-07-08 14:00:00+00:00,2025-08-11 11:00:00+00:00,814,True,0.0
IDERNA7,2025-07-12 02:00:00+00:00,full_outage,full_outage,1.7410587247166827,85.0,0.0,0.028965011810970175,0.9710349881890298,2025-07-08 14:00:00+00:00,2025-08-11 11:00:00+00:00,814,True,0.0
IDERNA7,2025-07-12 03:00:00+00:00,full_outage,full_outage,1.6700051729561225,86.0,0.0,0.02778293395412425,0.9722170660458758,2025-07-08 14:00:00+00:00,2025-08-11 11:00:00+00:00,814,True,0.0
IDERNA7,2025-07-12 04:00:00+00:00,full_outage,full_outage,1.6018513552172358,87.0,0.0,0.026649097336355485,0.9733509026636445,2025-07-08 14:00:00+00:00,2025-08-11 11:00:00+00:00,814,True,0.0
IDERNA7,2025-07-12 05:00:00+00:00,full_outage,full_outage,1.536478931780358,88.0,0.0,0.025561533206507402,0.9744384667934926,2025-07-08 14:00:00+00:00,2025-08-11 11:00:00+00:00,814,True,0.0
IDERNA7,2025-07-12 06:00:00+00:00,full_outage,full_outage,1.4737743924340294,89.0,0.0,0.024518353159227037,0.975481646840773,2025-07-08 14:00:00+00:00,2025-08-11 11:00:00+00:00,814,True,0.0
IDERNA7,2025-07-12 07:00:00+00:00,full_outage,full_outage,1.4136288593801474,90.0,0.0,0.023517745856009107,0.9764822541439909,2025-07-08 14:00:00+00:00,2025-08-11 11:00:00+00:00,814,True,0.0
IDERNA7,2025-07-12 08:00:00+00:00,full_outage,full_outage,1.3559378981826535,91.0,0.0,0.022557973880056065,0.9774420261199439,2025-07-08 14:00:00+00:00,2025-08-11 11:00:00+00:00,814,True,0.0
IDERNA7,2025-07-12 09:00:00+00:00,full_outage,full_outage,1.3006013364315254,92.0,0.0,0.02163737071949309,0.9783626292805069,2025-07-08 14:00:00+00:00,2025-08-11 11:00:00+00:00,814,True,0.0
IDERNA7,2025-07-12 10:00:00+00:00,full_outage,full_outage,1.2475230898071743,93.0,0.0,0.020754337873699742,0.9792456621263003,2025-07-08 14:00:00+00:00,2025-08-11 11:00:00+00:00,814,True,0.0
IDERNA7,2025-07-12 11:00:00+00:00,full_outage,full_outage,1.1966109952432586,94.0,0.0,0.019907342077733686,0.9800926579222663,2025-07-08 14:00:00+00:00,2025-08-11 11:00:00+00:00,814,True,0.0
IDERNA7,2025-07-12 12:00:00+00:00,full_outage,full_outage,1.1477766508982064,95.0,0.0,0.01909491264002727,0.9809050873599727,2025-07-08 14:00:00+00:00,2025-08-11 11:00:00+00:00,814,True,0.0
IDERNA7,2025-07-12 13:00:00+00:00,full_outage,full_outage,1.1009352626575954,96.0,0.0,0.01831563888873418,0.9816843611112658,2025-07-08 14:00:00+00:00,2025-08-11 11:00:00+00:00,814,True,0.0
IDERNA7,2025-07-12 14:00:00+00:00,full_outage,full_outage,1.056005496900845,97.0,0.0,0.01756816772229195,0.982431832277708,2025-07-08 14:00:00+00:00,2025-08-11 11:00:00+00:00,814,True,0.0
IDERNA7,2025-07-12 15:00:00+00:00,full_outage,full_outage,1.0129093392765878,98.0,0.0,0.01685120125994751,0.9831487987400525,2025-07-08 14:00:00+00:00,2025-08-11 11:00:00+00:00,814,True,0.0
IDERNA7,2025-07-12 16:00:00+00:00,full_outage,full_outage,0.9715719592414859,99.0,0.0,0.016163494588165874,0.9838365054118341,2025-07-08 14:00:00+00:00,2025-08-11 11:00:00+00:00,814,True,0.0
IDERNA7,2025-07-12 17:00:00+00:00,full_outage,full_outage,0.9319215801273024,100.0,0.0,0.015503853599009314,0.9844961464009907,2025-07-08 14:00:00+00:00,2025-08-11 11:00:00+00:00,814,True,0.0
IDERNA7,2025-07-12 18:00:00+00:00,full_outage,full_outage,0.8938893545105978,101.0,0.0,0.014871132916733311,0.9851288670832666,2025-07-08 14:00:00+00:00,2025-08-11 11:00:00+00:00,814,True,0.0
IDERNA7,2025-07-12 19:00:00+00:00,full_outage,full_outage,0.8574092446686582,102.0,0.0,0.014264233908999256,0.9857357660910008,2025-07-08 14:00:00+00:00,2025-08-11 11:00:00+00:00,814,True,0.0
IDERNA7,2025-07-12 20:00:00+00:00,full_outage,full_outage,0.8224179079140863,103.0,0.0,0.013682102779250752,0.9863178972207493,2025-07-08 14:00:00+00:00,2025-08-11 11:00:00+00:00,814,True,0.0
IDERNA7,2025-07-12 21:00:00+00:00,full_outage,full_outage,0.788854586608946,104.0,0.0,0.013123728736940968,0.986876271263059,2025-07-08 14:00:00+00:00,2025-08-11 11:00:00+00:00,814,True,0.0
IDERNA7,2025-07-12 22:00:00+00:00,full_outage,full_outage,0.7566610026674884,105.0,0.0,0.012588142242433998,0.987411857757566,2025-07-08 14:00:00+00:00,2025-08-11 11:00:00+00:00,814,True,0.0
IDERNA7,2025-07-12 23:00:00+00:00,full_outage,full_outage,0.7257812563642843,106.0,0.0,0.012074413323532873,0.9879255866764671,2025-07-08 14:00:00+00:00,2025-08-11 11:00:00+00:00,814,True,0.0
IDERNA7,2025-07-13 00:00:00+00:00,full_outage,full_outage,0.6961617292720462,107.0,0.0,0.011581649960710847,0.9884183500392891,2025-07-08 14:00:00+00:00,2025-08-11 11:00:00+00:00,814,True,0.0
IDERNA7,2025-07-13 01:00:00+00:00,full_outage,full_outage,0.6677509911606127,108.0,0.0,0.011108996538242306,0.9888910034617577,2025-07-08 14:00:00+00:00,2025-08-11 11:00:00+00:00,814,True,0.0
IDERNA7,2025-07-13 02:00:00+00:00,full_outage,full_outage,0.6404997106954369,109.0,0.0,0.01065563235854393,0.9893443676414561,2025-07-08 14:00:00+00:00,2025-08-11 11:00:00+00:00,814,True,0.0
IDERNA7,2025-07-13 03:00:00+00:00,full_outage,full_outage,0.6143605697805166,110.0,0.0,0.010220770217146324,0.9897792297828537,2025-07-08 14:00:00+00:00,2025-08-11 11:00:00+00:00,814,True,0.0
IDERNA7,2025-07-13 04:00:00+00:00,full_outage,full_outage,0.5892881813970343,111.0,0.0,0.009803655035821828,0.9901963449641782,2025-07-08 14:00:00+00:00,2025-08-11 11:00:00+00:00,814,True,0.0
IDERNA7,2025-07-13 05:00:00+00:00,full_outage,full_outage,0.5652390107950526,112.0,0.0,0.009403562551495206,0.9905964374485048,2025-07-08 14:00:00+00:00,2025-08-11 11:00:00+00:00,814,True,0.0
IDERNA7,2025-07-13 06:00:00+00:00,full_outage,full_outage,0.542171299901413,113.0,0.0,0.009019798058660513,0.9909802019413395,2025-07-08 14:00:00+00:00,2025-08-11 11:00:00+00:00,814,True,0.0
IDERNA7,2025-07-13 07:00:00+00:00,full_outage,full_outage,0.5200449948125919,114.0,0.0,0.008651695203120634,0.9913483047968794,2025-07-08 14:00:00+00:00,2025-08-11 11:00:00+00:00,814,True,0.0
IDERNA7,2025-07-13 08:00:00+00:00,full_outage,full_outage,0.49882167624661444,115.0,0.0,0.008298614824955013,0.991701385175045,2025-07-08 14:00:00+00:00,2025-08-11 11:00:00+00:00,814,True,0.0
IDERNA7,2025-07-13 09:00:00+00:00,full_outage,full_outage,0.4784644928332607,116.0,0.0,0.00795994384870645,0.9920400561512935,2025-07-08 14:00:00+00:00,2025-08-11 11:00:00+00:00,814,True,0.0
IDERNA7,2025-07-13 10:00:00+00:00,full_outage,full_outage,0.4589380971267345,117.0,0.0,0.007635094218859962,0.99236490578114,2025-07-08 14:00:00+00:00,2025-08-11 11:00:00+00:00,814,True,0.0
IDERNA7,2025-07-13 11:00:00+00:00,full_outage,full_outage,0.44020858422969317,118.0,0.0,0.007323501878765404,0.9926764981212346,2025-07-08 14:00:00+00:00,2025-08-11 11:00:00+00:00,814,True,0.0
IDERNA7,2025-07-13 12:00:00+00:00,full_outage,full_outage,0.4222434329220619,119.0,0.0,0.0070246257912307455,0.9929753742087692,2025-07-08 14:00:00+00:00,2025-08-11 11:00:00+00:00,814,True,0.0
IDERNA7,2025-07-13 13:00:00+00:00,full_outage,full_outage,0.4050114491924113,120.0,0.0,0.006737946999085467,0.9932620530009145,2025-07-08 14:00:00+00:00,2025-08-11 11:00:00+00:00,814,True,0.0
IDERNA7,2025-07-13 14:00:00+00:00,full_outage,full_outage,0.3884827120738542,121.0,0.0,0.006462967724082934,0.993537032275917,2025-07-08 14:00:00+00:00,2025-08-11 11:00:00+00:00,814,True,0.0
IDERNA7,2025-07-13 15:00:00+00:00,full_outage,full_outage,0.37262852169040606,122.0,0.0,0.006199210502576996,0.993800789497423,2025-07-08 14:00:00+00:00,2025-08-11 11:00:00+00:00,814,True,0.0
IDERNA7,2025-07-13 16:00:00+00:00,full_outage,full_outage,0.35742134942360115,123.0,0.0,0.005946217356472094,0.994053782643528,2025-07-08 14:00:00+00:00,2025-08-11 11:00:00+00:00,814,True,0.0
IDERNA7,2025-07-13 17:00:00+00:00,full_outage,full_outage,0.3428347901128395,124.0,0.0,0.005703548998007402,0.9942964510019926,2025-07-08 14:00:00+00:00,2025-08-11 11:00:00+00:00,814,True,0.0
IDERNA7,2025-07-13 18:00:00+00:00,full_outage,full_outage,0.3288435162064601,125.0,0.0,0.005470784066994092,0.9945292159330059,2025-07-08 14:00:00+00:00,2025-08-11 11:00:00+00:00,814,True,0.0
IDERNA7,2025-07-13 19:00:00+00:00,full_outage,full_outage,0.3154232337839344,126.0,0.0,0.005247518399181385,0.9947524816008186,2025-07-08 14:00:00+00:00,2025-08-11 11:00:00+00:00,814,True,0.0
IDERNA7,2025-07-13 20:00:00+00:00,full_outage,full_outage,0.30255064037282076,127.0,0.0,0.005033364324481005,0.994966635675519,2025-07-08 14:00:00+00:00,2025-08-11 11:00:00+00:00,814,True,0.0
IDERNA7,2025-07-13 21:00:00+00:00,full_outage,full_outage,0.29020338448722827,128.0,0.0,0.004827949993831441,0.9951720500061686,2025-07-08 14:00:00+00:00,2025-08-11 11:00:00+00:00,814,True,0.0
IDERNA7,2025-07-13 22:00:00+00:00,full_outage,full_outage,0.2783600268175388,129.0,0.0,0.004630918733533246,0.9953690812664667,2025-07-08 14:00:00+00:00,2025-08-11 11:00:00+00:00,814,True,0.0
IDERNA7,2025-07-13 23:00:00+00:00,full_outage,full_outage,0.2670000030040001,130.0,0.0,0.004441928425934291,0.9955580715740657,2025-07-08 14:00:00+00:00,2025-08-11 11:00:00+00:00,814,True,0.0
IDERNA7,2025-07-14 00:00:00+00:00,full_outage,full_outage,0.25610358792954535,131.0,0.0,0.004260650915389564,0.9957393490846105,2025-07-08 14:00:00+00:00,2025-08-11 11:00:00+00:00,814,True,0.0
IDERNA7,2025-07-14 01:00:00+00:00,full_outage,full_outage,0.2456518614698429,132.0,0.0,0.004086771438464067,0.995913228561536,2025-07-08 14:00:00+00:00,2025-08-11 11:00:00+00:00,814,True,0.0
IDERNA7,2025-07-14 02:00:00+00:00,full_outage,full_outage,0.23562667564110776,133.0,0.0,0.003919988077389479,0.9960800119226105,2025-07-08 14:00:00+00:00,2025-08-11 11:00:00+00:00,814,True,0.0
IDERNA7,2025-07-14 03:00:00+00:00,full_outage,full_outage,0.2260106230886253,134.0,0.0,0.0037600112358255108,0.9962399887641745,2025-07-08 14:00:00+00:00,2025-08-11 11:00:00+00:00,814,True,0.0
IDERNA7,2025-07-14 04:00:00+00:00,full_outage,full_outage,0.2167870068612765,135.0,0.0,0.0036065631360157305,0.9963934368639843,2025-07-08 14:00:00+00:00,2025-08-11 11:00:00+00:00,814,True,0.0
IDERNA7,2025-07-14 05:00:00+00:00,full_outage,full_outage,0.20793981141958273,136.0,0.0,0.0034593773364647584,0.9965406226635353,2025-07-08 14:00:00+00:00,2025-08-11 11:00:00+00:00,814,True,0.0
IDERNA7,2025-07-14 06:00:00+00:00,full_outage,full_outage,0.19945367482692622,137.0,0.0,0.00331819826929929,0.9966818017307008,2025-07-08 14:00:00+00:00,2025-08-11 11:00:00+00:00,814,True,0.0
IDERNA7,2025-07-14 07:00:00+00:00,full_outage,full_outage,0.19131386207566192,138.0,0.0,0.003182780796509667,0.9968172192034903,2025-07-08 14:00:00+00:00,2025-08-11 11:00:00+00:00,814,True,0.0
IDERNA7,2025-07-14 08:00:00+00:00,full_outage,full_outage,0.18350623950180667,139.0,0.0,0.003052889784301497,0.9969471102156985,2025-07-08 14:00:00+00:00,2025-08-11 11:00:00+00:00,814,True,0.0
IDERNA7,2025-07-14 09:00:00+00:00,full_outage,full_outage,0.17601725024387752,140.0,0.0,0.0029282996948181888,0.9970717003051818,2025-07-08 14:00:00+00:00,2025-08-11 11:00:00+00:00,814,True,0.0
IDERNA7,2025-07-14 10:00:00+00:00,full_outage,full_outage,0.16883389070326815,141.0,0.0,0.0028087941945255128,0.9971912058054745,2025-07-08 14:00:00+00:00,2025-08-11 11:00:00+00:00,814,True,0.0
IDERNA7,2025-07-14 11:00:00+00:00,full_outage,full_outage,0.16194368796529132,142.0,0.0,0.0026941657785782246,0.9973058342214218,2025-07-08 14:00:00+00:00,2025-08-11 11:00:00+00:00,814,True,0.0
IDERNA7,2025-07-14 12:00:00+00:00,full_outage,full_outage,0.1553346781416795,143.0,0.0,0.0025842154105164676,0.9974157845894835,2025-07-08 14:00:00+00:00,2025-08-11 11:00:00+00:00,814,True,0.0
IDERNA7,2025-07-14 13:00:00+00:00,full_outage,full_outage,0.14899538559694026,144.0,0.0,0.0024787521766663585,0.9975212478233336,2025-07-08 14:00:00+00:00,2025-08-11 11:00:00+00:00,814,True,0.0
IDERNA7,2025-07-14 14:00:00+00:00,full_outage,full_outage,0.14291480302249582,145.0,0.0,0.0023775929546446983,0.9976224070453553,2025-07-08 14:00:00+00:00,2025-08-11 11:00:00+00:00,814,True,0.0
IDERNA7,2025-07-14 15:00:00+00:00,full_outage,full_outage,0.13708237232400725,146.0,0.0,0.002280562095392161,0.9977194379046078,2025-07-08 14:00:00+00:00,2025-08-11 11:00:00+00:00,814,True,0.0
IDERNA7,2025-07-14 16:00:00+00:00,full_outage,full_outage,0.13148796628869724,147.0,0.0,0.002187491118182885,0.9978125088818172,2025-07-08 14:00:00+00:00,2025-08-11 11:00:00+00:00,814,True,0.0
IDERNA7,2025-07-14 17:00:00+00:00,full_outage,full_outage,0.12612187100084013,148.0,0.0,0.0020982184180809026,0.9979017815819191,2025-07-08 14:00:00+00:00,2025-08-11 11:00:00+00:00,814,True,0.0
IDERNA7,2025-07-14 18:00:00+00:00,full_outage,full_outage,0.12097476897488467,149.0,0.0,0.002012588985335417,0.9979874110146646,2025-07-08 14:00:00+00:00,2025-08-11 11:00:00+00:00,814,True,0.0
IDERNA7,2025-07-14 19:00:00+00:00,full_outage,full_outage,0.116037722976923,150.0,0.0,0.0019304541362277093,0.9980695458637723,2025-07-08 14:00:00+00:00,2025-08-11 11:00:00+00:00,814,True,0.0
IDERNA7,2025-07-14 20:00:00+00:00,full_outage,full_outage,0.11130216050641531,151.0,0.0,0.0018516712549023462,0.9981483287450976,2025-07-08 14:00:00+00:00,2025-08-11 11:00:00+00:00,814,True,0.0
IDERNA7,2025-07-14 21:00:00+00:00,full_outage,full_outage,0.10675985891122274,152.0,0.0,0.0017761035457343791,0.9982238964542656,2025-07-08 14:00:00+00:00,2025-08-11 11:00:00+00:00,814,True,0.0
IDERNA7,2025-07-14 22:00:00+00:00,full_outage,full_outage,0.10240293111010387,153.0,0.0,0.001703619795802574,0.9982963802041974,2025-07-08 14:00:00+00:00,2025-08-11 11:00:00+00:00,814,True,0.0
IDERNA7,2025-07-14 23:00:00+00:00,full_outage,full_outage,0.09822381189788497,154.0,0.0,0.0016340941470562513,0.9983659058529437,2025-07-08 14:00:00+00:00,2025-08-11 11:00:00+00:00,814,True,0.0
IDERNA7,2025-07-15 00:00:00+00:00,full_outage,full_outage,0.0942152448095225,155.0,0.0,0.0015674058777801069,0.9984325941222199,2025-07-08 14:00:00+00:00,2025-08-11 11:00:00+00:00,814,True,0.0
IDERNA7,2025-07-15 01:00:00+00:00,full_outage,full_outage,0.09037026952025037,156.0,0.0,0.0015034391929775724,0.9984965608070224,2025-07-08 14:00:00+00:00,2025-08-11 11:00:00+00:00,814,True,0.0
IDERNA7,2025-07-15 02:00:00+00:00,full_outage,full_outage,0.08668220975993543,157.0,0.0,0.0014420830233087582,0.9985579169766913,2025-07-08 14:00:00+00:00,2025-08-11 11:00:00+00:00,814,True,0.0
IDERNA7,2025-07-15 03:00:00+00:00,full_outage,full_outage,0.08314466172065296,158.0,0.0,0.0013832308322338331,0.9986167691677662,2025-07-08 14:00:00+00:00,2025-08-11 11:00:00+00:00,814,True,0.0
IDERNA7,2025-07-15 04:00:00+00:00,full_outage,full_outage,0.07975148293735602,159.0,0.0,0.0013267804310269915,0.998673219568973,2025-07-08 14:00:00+00:00,2025-08-11 11:00:00+00:00,814,True,0.0
IDERNA7,2025-07-15 05:00:00+00:00,full_outage,full_outage,0.0764967816223312,160.0,0.0,0.0012726338013398079,0.9987273661986602,2025-07-08 14:00:00+00:00,2025-08-11 11:00:00+00:00,814,True,0.0
IDERNA7,2025-07-15 06:00:00+00:00,full_outage,full_outage,0.07337490643492021,161.0,0.0,0.00122069692500587,0.9987793030749942,2025-07-08 14:00:00+00:00,2025-08-11 11:00:00+00:00,814,True,0.0
IDERNA7,2025-07-15 07:00:00+00:00,full_outage,full_outage,0.07038043666874491,162.0,0.0,0.0011708796207911744,0.9988291203792088,2025-07-08 14:00:00+00:00,2025-08-11 11:00:00+00:00,814,True,0.0
IDERNA7,2025-07-15 08:00:00+00:00,full_outage,full_outage,0.06750817283939747,163.0,0.0,0.0011230953878068398,0.9988769046121931,2025-07-08 14:00:00+00:00,2025-08-11 11:00:00+00:00,814,True,0.0
IDERNA7,2025-07-15 09:00:00+00:00,full_outage,full_outage,0.06475312765625157,164.0,0.0,0.0010772612553122203,0.9989227387446877,2025-07-08 14:00:00+00:00,2025-08-11 11:00:00+00:00,814,True,0.0
IDERNA7,2025-07-15 10:00:00+00:00,full_outage,full_outage,0.06211051736271866,165.0,0.0,0.001033297638647637,0.9989667023613523,2025-07-08 14:00:00+00:00,2025-08-11 11:00:00+00:00,814,True,0.0
IDERNA7,2025-07-15 11:00:00+00:00,full_outage,full_outage,0.059575753429913794,166.0,0.0,0.000991128201046581,0.9990088717989534,2025-07-08 14:00:00+00:00,2025-08-11 11:00:00+00:00,814,True,0.0
IDERNA7,2025-07-15 12:00:00+00:00,full_outage,full_outage,0.057144434589306924,167.0,0.0,0.0009506797210874275,0.9990493202789126,2025-07-08 14:00:00+00:00,2025-08-11 11:00:00+00:00,814,True,0.0
IDERNA7,2025-07-15 13:00:00+00:00,full_outage,full_outage,0.036475278622180654,168.0,0.0,0.0009118819655545162,0.9990881180344455,2025-07-08 14:00:00+00:00,2025-08-11 11:00:00+00:00,814,True,0.0
IDERNA7,2025-07-15 14:00:00+00:00,full_outage,full_outage,0.034986702699514,169.0,0.0,0.00087466756748785,0.9991253324325121,2025-07-08 14:00:00+00:00,2025-08-11 11:00:00+00:00,814,True,0.0
IDERNA7,2025-07-15 15:00:00+00:00,full_outage,full_outage,0.03355887636838567,170.0,0.0,0.0008389719092096418,0.9991610280907903,2025-07-08 14:00:00+00:00,2025-08-11 11:00:00+00:00,814,True,0.0
IDERNA7,2025-07-15 16:00:00+00:00,full_outage,full_outage,0.032189320404984526,171.0,0.0,0.0008047330101246132,0.9991952669898754,2025-07-08 14:00:00+00:00,2025-08-11 11:00:00+00:00,814,True,0.0
IDERNA7,2025-07-15 17:00:00+00:00,full_outage,full_outage,0.03087565676396921,172.0,0.0,0.0007718914190992302,0.9992281085809007,2025-07-08 14:00:00+00:00,2025-08-11 11:00:00+00:00,814,True,0.0
IDERNA7,2025-07-15 18:00:00+00:00,full_outage,full_outage,0.02961560444931973,173.0,0.0,0.0007403901112329933,0.999259609888767,2025-07-08 14:00:00+00:00,2025-08-11 11:00:00+00:00,814,True,0.0
IDERNA7,2025-07-15 19:00:00+00:00,full_outage,full_outage,0.02840697555370196,174.0,0.0,0.000710174388842549,0.9992898256111574,2025-07-08 14:00:00+00:00,2025-08-11 11:00:00+00:00,814,True,0.0
IDERNA7,2025-07-15 20:00:00+00:00,full_outage,full_outage,0.027247671459467937,175.0,0.0,0.0006811917864866984,0.9993188082135133,2025-07-08 14:00:00+00:00,2025-08-11 11:00:00+00:00,814,True,0.0
IDERNA7,2025-07-15 21:00:00+00:00,full_outage,full_outage,0.026135679194695227,176.0,0.0,0.0006533919798673806,0.9993466080201326,2025-07-08 14:00:00+00:00,2025-08-11 11:00:00+00:00,814,True,0.0
IDERNA7,2025-07-15 22:00:00+00:00,full_outage,full_outage,0.025069067937938304,177.0,0.0,0.0006267266984484576,0.9993732733015516,2025-07-08 14:00:00+00:00,2025-08-11 11:00:00+00:00,814,True,0.0
IDERNA7,2025-07-15 23:00:00+00:00,full_outage,full_outage,0.024045985665623135,178.0,0.0,0.0006011496416405784,0.9993988503583594,2025-07-08 14:00:00+00:00,2025-08-11 11:00:00+00:00,814,True,0.0
IDERNA7,2025-07-16 00:00:00+00:00,full_outage,full_outage,0.02306465593626319,179.0,0.0,0.0005766163984065797,0.9994233836015934,2025-07-08 14:00:00+00:00,2025-08-11 11:00:00+00:00,814,True,0.0
IDERNA7,2025-07-16 01:00:00+00:00,full_outage,full_outage,0.022123374805913344,180.0,0.0,0.0005530843701478336,0.9994469156298522,2025-07-08 14:00:00+00:00,2025-08-11 11:00:00+00:00,814,True,0.0
IDERNA7,2025-07-16 02:00:00+00:00,full_outage,full_outage,0.021220507869506,181.0,0.0,0.00053051269673765,0.9994694873032623,2025-07-08 14:00:00+00:00,2025-08-11 11:00:00+00:00,814,True,0.0
IDERNA7,2025-07-16 03:00:00+00:00,full_outage,full_outage,0.020354487422931666,182.0,0.0,0.0005088621855732917,0.9994911378144267,2025-07-08 14:00:00+00:00,2025-08-11 11:00:00+00:00,814,True,0.0
IDERNA7,2025-07-16 04:00:00+00:00,full_outage,full_outage,0.0195238097409366,183.0,0.0,0.000488095243523415,0.9995119047564766,2025-07-08 14:00:00+00:00,2025-08-11 11:00:00+00:00,814,True,0.0
IDERNA7,2025-07-16 05:00:00+00:00,full_outage,full_outage,0.018727032466111074,184.0,0.0,0.00046817581165277687,0.9995318241883472,2025-07-08 14:00:00+00:00,2025-08-11 11:00:00+00:00,814,True,0.0
IDERNA7,2025-07-16 06:00:00+00:00,full_outage,full_outage,0.0179627721044343,185.0,0.0,0.00044906930261085745,0.9995509306973891,2025-07-08 14:00:00+00:00,2025-08-11 11:00:00+00:00,814,True,0.0
IDERNA7,2025-07-16 07:00:00+00:00,full_outage,full_outage,0.0172297016230275,186.0,0.0,0.00043074254057568753,0.9995692574594243,2025-07-08 14:00:00+00:00,2025-08-11 11:00:00+00:00,814,True,0.0
IDERNA7,2025-07-16 08:00:00+00:00,full_outage,full_outage,0.016526548145944182,187.0,0.0,0.0004131637036486045,0.9995868362963514,2025-07-08 14:00:00+00:00,2025-08-11 11:00:00+00:00,814,True,0.0
IDERNA7,2025-07-16 09:00:00+00:00,full_outage,full_outage,0.015852090743996242,188.0,0.0,0.00039630226859990606,0.9996036977314001,2025-07-08 14:00:00+00:00,2025-08-11 11:00:00+00:00,814,True,0.0
IDERNA7,2025-07-16 10:00:00+00:00,full_outage,full_outage,0.015205158314778547,189.0,0.0,0.0003801289578694637,0.9996198710421306,2025-07-08 14:00:00+00:00,2025-08-11 11:00:00+00:00,814,True,0.0
IDERNA7,2025-07-16 11:00:00+00:00,full_outage,full_outage,0.01458462754921093,190.0,0.0,0.0003646156887302732,0.9996353843112697,2025-07-08 14:00:00+00:00,2025-08-11 11:00:00+00:00,814,True,0.0
IDERNA7,2025-07-16 12:00:00+00:00,full_outage,full_outage,0.01398942098106662,191.0,0.0,0.0003497355245266655,0.9996502644754733,2025-07-08 14:00:00+00:00,2025-08-11 11:00:00+00:00,814,True,0.0
IDERNA7,2025-07-16 13:00:00+00:00,full_outage,full_outage,0.013418505116100474,192.0,0.0,0.00033546262790251185,0.9996645373720975,2025-07-08 14:00:00+00:00,2025-08-11 11:00:00+00:00,814,True,0.0
IDERNA7,2025-07-16 14:00:00+00:00,full_outage,full_outage,0.012870888637528614,193.0,0.0,0.00032177221593821534,0.9996782277840618,2025-07-08 14:00:00+00:00,2025-08-11 11:00:00+00:00,814,True,0.0
IDERNA7,2025-07-16 15:00:00+00:00,full_outage,full_outage,0.012345620684743232,194.0,0.0,0.0003086405171185808,0.9996913594828815,2025-07-08 14:00:00+00:00,2025-08-11 11:00:00+00:00,814,True,0.0
IDERNA7,2025-07-16 16:00:00+00:00,full_outage,full_outage,0.011841789202274215,195.0,0.0,0.0002960447300568554,0.9997039552699432,2025-07-08 14:00:00+00:00,2025-08-11 11:00:00+00:00,814,True,0.0
IDERNA7,2025-07-16 17:00:00+00:00,full_outage,full_outage,0.011358519356130265,196.0,0.0,0.00028396298390325663,0.9997160370160968,2025-07-08 14:00:00+00:00,2025-08-11 11:00:00+00:00,814,True,0.0
IDERNA7,2025-07-16 18:00:00+00:00,full_outage,full_outage,0.010894972014770212,197.0,0.0,0.0002723743003692553,0.9997276256996307,2025-07-08 14:00:00+00:00,2025-08-11 11:00:00+00:00,814,True,0.0
IDERNA7,2025-07-16 19:00:00+00:00,full_outage,full_outage,0.010450342292066702,198.0,0.0,0.00026125855730166754,0.9997387414426984,2025-07-08 14:00:00+00:00,2025-08-11 11:00:00+00:00,814,True,0.0
IDERNA7,2025-07-16 20:00:00+00:00,full_outage,full_outage,0.010023858149732131,199.0,0.0,0.0002505964537433033,0.9997494035462567,2025-07-08 14:00:00+00:00,2025-08-11 11:00:00+00:00,814,True,0.0
IDERNA7,2025-07-16 21:00:00+00:00,full_outage,full_outage,0.009614779056780563,200.0,0.0,0.00024036947641951407,0.9997596305235805,2025-07-08 14:00:00+00:00,2025-08-11 11:00:00+00:00,814,True,0.0
IDERNA7,2025-07-16 22:00:00+00:00,full_outage,full_outage,0.009222394703697664,201.0,0.0,0.00023055986759244163,0.9997694401324075,2025-07-08 14:00:00+00:00,2025-08-11 11:00:00+00:00,814,True,0.0
IDERNA7,2025-07-16 23:00:00+00:00,full_outage,full_outage,0.00884602376908596,202.0,0.0,0.000221150594227149,0.9997788494057729,2025-07-08 14:00:00+00:00,2025-08-11 11:00:00+00:00,814,True,0.0
IDERNA7,2025-07-17 00:00:00+00:00,full_outage,full_outage,0.008485012736644083,203.0,0.0,0.0002121253184161021,0.9997878746815839,2025-07-08 14:00:00+00:00,2025-08-11 11:00:00+00:00,814,True,0.0
IDERNA7,2025-07-17 01:00:00+00:00,full_outage,full_outage,0.008138734760425767,204.0,0.0,0.00020346836901064417,0.9997965316309894,2025-07-08 14:00:00+00:00,2025-08-11 11:00:00+00:00,814,True,0.0
IDERNA7,2025-07-17 02:00:00+00:00,full_outage,full_outage,0.007806588576408069,205.0,0.0,0.0001951647144102017,0.9998048352855898,2025-07-08 14:00:00+00:00,2025-08-11 11:00:00+00:00,814,True,0.0
IDERNA7,2025-07-17 03:00:00+00:00,full_outage,full_outage,0.0074879974584792465,206.0,0.0,0.00018719993646198116,0.999812800063538,2025-07-08 14:00:00+00:00,2025-08-11 11:00:00+00:00,814,True,0.0
IDERNA7,2025-07-17 04:00:00+00:00,full_outage,full_outage,0.007182408217033319,207.0,0.0,0.00017956020542583297,0.9998204397945741,2025-07-08 14:00:00+00:00,2025-08-11 11:00:00+00:00,814,True,0.0
IDERNA7,2025-07-17 05:00:00+00:00,full_outage,full_outage,0.006889290238432405,208.0,0.0,0.00017223225596081014,0.9998277677440391,2025-07-08 14:00:00+00:00,2025-08-11 11:00:00+00:00,814,True,0.0
IDERNA7,2025-07-17 06:00:00+00:00,full_outage,full_outage,0.006608134563669257,209.0,0.0,0.00016520336409173142,0.9998347966359082,2025-07-08 14:00:00+00:00,2025-08-11 11:00:00+00:00,814,True,0.0
IDERNA7,2025-07-17 07:00:00+00:00,full_outage,full_outage,0.006338453004630051,210.0,0.0,0.00015846132511575126,0.9998415386748842,2025-07-08 14:00:00+00:00,2025-08-11 11:00:00+00:00,814,True,0.0
IDERNA7,2025-07-17 08:00:00+00:00,full_outage,full_outage,0.006079777296422888,211.0,0.0,0.0001519944324105722,0.9998480055675895,2025-07-08 14:00:00+00:00,2025-08-11 11:00:00+00:00,814,True,0.0
IDERNA7,2025-07-17 09:00:00+00:00,full_outage,full_outage,0.005831658284300326,212.0,0.0,0.00014579145710750816,0.9998542085428925,2025-07-08 14:00:00+00:00,2025-08-11 11:00:00+00:00,814,True,0.0
IDERNA7,2025-07-17 10:00:00+00:00,full_outage,full_outage,0.005593665143764042,213.0,0.0,0.00013984162859410104,0.9998601583714058,2025-07-08 14:00:00+00:00,2025-08-11 11:00:00+00:00,814,True,0.0
IDERNA7,2025-07-17 11:00:00+00:00,full_outage,full_outage,0.005365384632497343,214.0,0.0,0.00013413461581243357,0.9998658653841875,2025-07-08 14:00:00+00:00,2025-08-11 11:00:00+00:00,814,True,0.0
IDERNA7,2025-07-17 12:00:00+00:00,full_outage,full_outage,0.005146420372826834,215.0,0.0,0.00012866050932067085,0.9998713394906793,2025-07-08 14:00:00+00:00,2025-08-11 11:00:00+00:00,814,True,0.0
IDERNA7,2025-07-17 13:00:00+00:00,full_outage,full_outage,0.004936392163467183,216.0,0.0,0.00012340980408667956,0.9998765901959134,2025-07-08 14:00:00+00:00,2025-08-11 11:00:00+00:00,814,True,0.0
IDERNA7,2025-07-17 14:00:00+00:00,full_outage,full_outage,0.004734935319353893,217.0,0.0,0.00011837338298384733,0.9998816266170162,2025-07-08 14:00:00+00:00,2025-08-11 11:00:00+00:00,814,True,0.0
IDERNA7,2025-07-17 15:00:00+00:00,full_outage,full_outage,0.004541700038417939,218.0,0.0,0.00011354250096044848,0.9998864574990396,2025-07-08 14:00:00+00:00,2025-08-11 11:00:00+00:00,814,True,0.0
IDERNA7,2025-07-17 16:00:00+00:00,full_outage,full_outage,0.004356350794202659,219.0,0.0,0.00010890876985506645,0.999891091230145,2025-07-08 14:00:00+00:00,2025-08-11 11:00:00+00:00,814,True,0.0
IDERNA7,2025-07-17 17:00:00+00:00,full_outage,full_outage,0.004178565753268212,220.0,0.0,0.00010446414383170532,0.9998955358561683,2025-07-08 14:00:00+00:00,2025-08-11 11:00:00+00:00,814,True,0.0
IDERNA7,2025-07-17 18:00:00+00:00,full_outage,full_outage,0.00400803621637217,221.0,0.0,0.00010020090540930423,0.9998997990945907,2025-07-08 14:00:00+00:00,2025-08-11 11:00:00+00:00,814,True,0.0
IDERNA7,2025-07-17 19:00:00+00:00,full_outage,full_outage,0.003844466082455788,222.0,0.0,9.61116520613947e-05,0.9999038883479386,2025-07-08 14:00:00+00:00,2025-08-11 11:00:00+00:00,814,True,0.0
IDERNA7,2025-07-17 20:00:00+00:00,full_outage,full_outage,0.0036875713345052644,223.0,0.0,9.218928336263161e-05,0.9999078107166374,2025-07-08 14:00:00+00:00,2025-08-11 11:00:00+00:00,814,True,0.0
IDERNA7,2025-07-17 21:00:00+00:00,full_outage,full_outage,0.0035370795463953207,224.0,0.0,8.842698865988302e-05,0.9999115730113401,2025-07-08 14:00:00+00:00,2025-08-11 11:00:00+00:00,814,True,0.0
IDERNA7,2025-07-17 22:00:00+00:00,full_outage,full_outage,0.0033927294098587664,225.0,0.0,8.481823524646916e-05,0.9999151817647536,2025-07-08 14:00:00+00:00,2025-08-11 11:00:00+00:00,814,True,0.0
IDERNA7,2025-07-17 23:00:00+00:00,full_outage,full_outage,0.0032542702807606388,226.0,0.0,8.135675701901597e-05,0.999918643242981,2025-07-08 14:00:00+00:00,2025-08-11 11:00:00+00:00,814,True,0.0
IDERNA7,2025-07-18 00:00:00+00:00,full_outage,full_outage,0.003121461743889196,227.0,0.0,7.80365435972299e-05,0.9999219634564027,2025-07-08 14:00:00+00:00,2025-08-11 11:00:00+00:00,814,True,0.0
IDERNA7,2025-07-18 01:00:00+00:00,full_outage,full_outage,0.0029940731955080237,228.0,0.0,7.48518298877006e-05,0.9999251481701124,2025-07-08 14:00:00+00:00,2025-08-11 11:00:00+00:00,814,True,0.0
IDERNA7,2025-07-18 02:00:00+00:00,full_outage,full_outage,0.0028718834429443656,229.0,0.0,7.179708607360914e-05,0.9999282029139264,2025-07-08 14:00:00+00:00,2025-08-11 11:00:00+00:00,814,True,0.0
IDERNA7,2025-07-18 03:00:00+00:00,full_outage,full_outage,0.0027546803205185247,230.0,0.0,6.886700801296313e-05,0.999931132991987,2025-07-08 14:00:00+00:00,2025-08-11 11:00:00+00:00,814,True,0.0
IDERNA7,2025-07-18 04:00:00+00:00,full_outage,full_outage,0.0026422603211473925,231.0,0.0,6.605650802868481e-05,0.9999339434919713,2025-07-08 14:00:00+00:00,2025-08-11 11:00:00+00:00,814,True,0.0
IDERNA7,2025-07-18 05:00:00+00:00,full_outage,full_outage,0.002534428242982386,232.0,0.0,6.336070607455965e-05,0.9999366392939254,2025-07-08 14:00:00+00:00,2025-08-11 11:00:00+00:00,814,True,0.0
IDERNA7,2025-07-18 06:00:00+00:00,full_outage,full_outage,0.002430996850468339,233.0,0.0,6.077492126170848e-05,0.9999392250787383,2025-07-08 14:00:00+00:00,2025-08-11 11:00:00+00:00,814,True,0.0
IDERNA7,2025-07-18 07:00:00+00:00,full_outage,full_outage,0.0023317865492347525,234.0,0.0,5.829466373086881e-05,0.9999417053362691,2025-07-08 14:00:00+00:00,2025-08-11 11:00:00+00:00,814,True,0.0
IDERNA7,2025-07-18 08:00:00+00:00,full_outage,full_outage,0.0022366250742548743,235.0,0.0,5.591562685637185e-05,0.9999440843731436,2025-07-08 14:00:00+00:00,2025-08-11 11:00:00+00:00,814,True,0.0
IDERNA7,2025-07-18 09:00:00+00:00,full_outage,full_outage,0.002145347190731216,236.0,0.0,5.36336797682804e-05,0.9999463663202317,2025-07-08 14:00:00+00:00,2025-08-11 11:00:00+00:00,814,True,0.0
IDERNA7,2025-07-18 10:00:00+00:00,full_outage,full_outage,0.0020577944071880913,237.0,0.0,5.144486017970228e-05,0.9999485551398203,2025-07-08 14:00:00+00:00,2025-08-11 11:00:00+00:00,814,True,0.0
IDERNA7,2025-07-18 11:00:00+00:00,full_outage,full_outage,0.001973814700272967,238.0,0.0,4.9345367506824176e-05,0.9999506546324932,2025-07-08 14:00:00+00:00,2025-08-11 11:00:00+00:00,814,True,0.0
IDERNA7,2025-07-18 12:00:00+00:00,full_outage,full_outage,0.0018932622507888612,239.0,0.0,4.7331556269721534e-05,0.9999526684437303,2025-07-08 14:00:00+00:00,2025-08-11 11:00:00+00:00,814,True,0.0
IDERNA7,2025-07-18 13:00:00+00:00,full_outage,full_outage,0.0018159971904993942,240.0,0.0,4.5399929762484854e-05,0.9999546000702375,2025-07-08 14:00:00+00:00,2025-08-11 11:00:00+00:00,814,True,0.0
IDERNA7,2025-07-18 14:00:00+00:00,full_outage,full_outage,0.001741885359266835,241.0,0.0,4.354713398167087e-05,0.9999564528660183,2025-07-08 14:00:00+00:00,2025-08-11 11:00:00+00:00,814,True,0.0
IDERNA7,2025-07-18 15:00:00+00:00,full_outage,full_outage,0.0016707980721015095,242.0,0.0,4.176995180253774e-05,0.9999582300481975,2025-07-08 14:00:00+00:00,2025-08-11 11:00:00+00:00,814,True,0.0
IDERNA7,2025-07-18 16:00:00+00:00,full_outage,full_outage,0.0016026118957180428,243.0,0.0,4.006529739295107e-05,0.999959934702607,2025-07-08 14:00:00+00:00,2025-08-11 11:00:00+00:00,814,True,0.0
IDERNA7,2025-07-18 17:00:00+00:00,full_outage,full_outage,0.0015372084342104371,244.0,0.0,3.843021085526093e-05,0.9999615697891447,2025-07-08 14:00:00+00:00,2025-08-11 11:00:00+00:00,814,True,0.0
IDERNA7,2025-07-18 18:00:00+00:00,full_outage,full_outage,0.0014744741234738955,245.0,0.0,3.686185308684739e-05,0.9999631381469132,2025-07-08 14:00:00+00:00,2025-08-11 11:00:00+00:00,814,True,0.0
IDERNA7,2025-07-18 19:00:00+00:00,full_outage,full_outage,0.0014143000340163994,246.0,0.0,3.535750085040998e-05,0.9999646424991496,2025-07-08 14:00:00+00:00,2025-08-11 11:00:00+00:00,814,True,0.0
IDERNA7,2025-07-18 20:00:00+00:00,full_outage,full_outage,0.0013565816818176266,247.0,0.0,3.3914542045440665e-05,0.9999660854579545,2025-07-08 14:00:00+00:00,2025-08-11 11:00:00+00:00,814,True,0.0
IDERNA7,2025-07-18 21:00:00+00:00,full_outage,full_outage,0.0013012188469068494,248.0,0.0,3.2530471172671234e-05,0.9999674695288273,2025-07-08 14:00:00+00:00,2025-08-11 11:00:00+00:00,814,True,0.0
IDERNA7,2025-07-18 22:00:00+00:00,full_outage,full_outage,0.0012481153993447601,249.0,0.0,3.1202884983619004e-05,0.9999687971150164,2025-07-08 14:00:00+00:00,2025-08-11 11:00:00+00:00,814,True,0.0
IDERNA7,2025-07-18 23:00:00+00:00,full_outage,full_outage,0.0011971791323070564,250.0,0.0,2.9929478307676412e-05,0.9999700705216923,2025-07-08 14:00:00+00:00,2025-08-11 11:00:00+00:00,814,True,0.0
IDERNA7,2025-07-19 00:00:00+00:00,full_outage,full_outage,0.0011483216019799933,251.0,0.0,2.8708040049499833e-05,0.9999712919599505,2025-07-08 14:00:00+00:00,2025-08-11 11:00:00+00:00,814,True,0.0
IDERNA7,2025-07-19 01:00:00+00:00,full_outage,full_outage,0.0011014579739898863,252.0,0.0,2.7536449349747158e-05,0.9999724635506503,2025-07-08 14:00:00+00:00,2025-08-11 11:00:00+00:00,814,True,0.0
IDERNA7,2025-07-19 02:00:00+00:00,full_outage,full_outage,0.001056506876099891,253.0,0.0,2.6412671902497274e-05,0.9999735873280975,2025-07-08 14:00:00+00:00,2025-08-11 11:00:00+00:00,814,True,0.0
IDERNA7,2025-07-19 03:00:00+00:00,full_outage,full_outage,0.0010133902569183246,254.0,0.0,2.5334756422958116e-05,0.999974665243577,2025-07-08 14:00:00+00:00,2025-08-11 11:00:00+00:00,814,True,0.0
IDERNA7,2025-07-19 04:00:00+00:00,full_outage,full_outage,0.0009720332503731785,255.0,0.0,2.430083125932946e-05,0.9999756991687406,2025-07-08 14:00:00+00:00,2025-08-11 11:00:00+00:00,814,True,0.0
IDERNA7,2025-07-19 05:00:00+00:00,full_outage,full_outage,0.0009323640457174806,256.0,0.0,2.3309101142937016e-05,0.9999766908988571,2025-07-08 14:00:00+00:00,2025-08-11 11:00:00+00:00,814,True,0.0
IDERNA7,2025-07-19 06:00:00+00:00,full_outage,full_outage,0.0008943137628398288,257.0,0.0,2.235784407099572e-05,0.999977642155929,2025-07-08 14:00:00+00:00,2025-08-11 11:00:00+00:00,814,True,0.0
IDERNA7,2025-07-19 07:00:00+00:00,full_outage,full_outage,0.0008578163326635666,258.0,0.0,2.1445408316589164e-05,0.9999785545916834,2025-07-08 14:00:00+00:00,2025-08-11 11:00:00+00:00,814,True,0.0
IDERNA7,2025-07-19 08:00:00+00:00,full_outage,full_outage,0.0008228083824269189,259.0,0.0,2.057020956067297e-05,0.9999794297904393,2025-07-08 14:00:00+00:00,2025-08-11 11:00:00+00:00,814,True,0.0
IDERNA7,2025-07-19 09:00:00+00:00,full_outage,full_outage,0.0007892291256449234,260.0,0.0,1.9730728141123086e-05,0.9999802692718589,2025-07-08 14:00:00+00:00,2025-08-11 11:00:00+00:00,814,True,0.0
IDERNA7,2025-07-19 10:00:00+00:00,full_outage,full_outage,0.0007570202565620744,261.0,0.0,1.892550641405186e-05,0.999981074493586,2025-07-08 14:00:00+00:00,2025-08-11 11:00:00+00:00,814,True,0.0
IDERNA7,2025-07-19 11:00:00+00:00,full_outage,full_outage,0.000726125848912397,262.0,0.0,1.8153146222809926e-05,0.9999818468537772,2025-07-08 14:00:00+00:00,2025-08-11 11:00:00+00:00,814,True,0.0
IDERNA7,2025-07-19 12:00:00+00:00,full_outage,full_outage,0.0006964922588111936,263.0,0.0,1.7412306470279837e-05,0.9999825876935298,2025-07-08 14:00:00+00:00,2025-08-11 11:00:00+00:00,814,True,0.0
IDERNA7,2025-07-19 13:00:00+00:00,full_outage,full_outage,0.0006680680316098264,264.0,0.0,1.670170079024566e-05,0.9999832982992097,2025-07-08 14:00:00+00:00,2025-08-11 11:00:00+00:00,814,True,0.0
IDERNA7,2025-07-19 14:00:00+00:00,full_outage,full_outage,0.0006408038125518003,265.0,0.0,1.6020095313795006e-05,0.9999839799046862,2025-07-08 14:00:00+00:00,2025-08-11 11:00:00+00:00,814,True,0.0
IDERNA7,2025-07-19 15:00:00+00:00,full_outage,full_outage,0.0006146522610750267,266.0,0.0,1.5366306526875664e-05,0.9999846336934731,2025-07-08 14:00:00+00:00,2025-08-11 11:00:00+00:00,814,True,0.0
IDERNA7,2025-07-19 16:00:00+00:00,full_outage,full_outage,0.0005895679686114593,267.0,0.0,1.4739199215286483e-05,0.9999852608007848,2025-07-08 14:00:00+00:00,2025-08-11 11:00:00+00:00,814,True,0.0
IDERNA7,2025-07-19 17:00:00+00:00,full_outage,full_outage,0.0005655073797413635,268.0,0.0,1.4137684493534087e-05,0.9999858623155065,2025-07-08 14:00:00+00:00,2025-08-11 11:00:00+00:00,814,True,0.0
IDERNA7,2025-07-19 18:00:00+00:00,full_outage,full_outage,0.0005424287165653291,269.0,0.0,1.3560717914133226e-05,0.9999864392820859,2025-07-08 14:00:00+00:00,2025-08-11 11:00:00+00:00,814,True,0.0
IDERNA7,2025-07-19 19:00:00+00:00,full_outage,full_outage,0.0005202919061627049,270.0,0.0,1.300729765406762e-05,0.9999869927023459,2025-07-08 14:00:00+00:00,2025-08-11 11:00:00+00:00,814,True,0.0
IDERNA7,2025-07-19 20:00:00+00:00,full_outage,full_outage,0.0004990585110104839,271.0,0.0,1.2476462775262095e-05,0.9999875235372248,2025-07-08 14:00:00+00:00,2025-08-11 11:00:00+00:00,814,True,0.0
IDERNA7,2025-07-19 21:00:00+00:00,full_outage,full_outage,0.0004786916622418403,272.0,0.0,1.1967291556046007e-05,0.9999880327084439,2025-07-08 14:00:00+00:00,2025-08-11 11:00:00+00:00,814,True,0.0
IDERNA7,2025-07-19 22:00:00+00:00,full_outage,full_outage,0.00045915599562842204,273.0,0.0,1.147889989071055e-05,0.9999885211001093,2025-07-08 14:00:00+00:00,2025-08-11 11:00:00+00:00,814,True,0.0
IDERNA7,2025-07-19 23:00:00+00:00,full_outage,full_outage,0.00044041759017523217,274.0,0.0,1.1010439754380804e-05,0.9999889895602456,2025-07-08 14:00:00+00:00,2025-08-11 11:00:00+00:00,814,True,0.0
IDERNA7,2025-07-20 00:00:00+00:00,full_outage,full_outage,0.00042244390922149534,275.0,0.0,1.0561097730537384e-05,0.9999894389022694,2025-07-08 14:00:00+00:00,2025-08-11 11:00:00+00:00,814,True,0.0
IDERNA7,2025-07-20 01:00:00+00:00,full_outage,full_outage,0.0004052037439452284,276.0,0.0,1.013009359863071e-05,0.9999898699064014,2025-07-08 14:00:00+00:00,2025-08-11 11:00:00+00:00,814,True,0.0
IDERNA7,2025-07-20 02:00:00+00:00,full_outage,full_outage,0.0003886671591734141,277.0,0.0,9.716678979335353e-06,0.9999902833210207,2025-07-08 14:00:00+00:00,2025-08-11 11:00:00+00:00,814,True,0.0
IDERNA7,2025-07-20 03:00:00+00:00,full_outage,full_outage,0.0003728054414036977,278.0,0.0,9.320136035092442e-06,0.999990679863965,2025-07-08 14:00:00+00:00,2025-08-11 11:00:00+00:00,814,True,0.0
IDERNA7,2025-07-20 04:00:00+00:00,full_outage,full_outage,0.0003575910489473456,279.0,0.0,8.93977622368364e-06,0.9999910602237763,2025-07-08 14:00:00+00:00,2025-08-11 11:00:00+00:00,814,True,0.0
IDERNA7,2025-07-20 05:00:00+00:00,full_outage,full_outage,0.0003429975641068919,280.0,0.0,8.574939102672297e-06,0.9999914250608973,2025-07-08 14:00:00+00:00,2025-08-11 11:00:00+00:00,814,True,0.0
IDERNA7,2025-07-20 06:00:00+00:00,full_outage,full_outage,0.0003289996473054461,281.0,0.0,8.224991182636152e-06,0.9999917750088174,2025-07-08 14:00:00+00:00,2025-08-11 11:00:00+00:00,814,True,0.0
IDERNA7,2025-07-20 07:00:00+00:00,full_outage,full_outage,0.00031557299308800893,282.0,0.0,7.889324827200223e-06,0.9999921106751728,2025-07-08 14:00:00+00:00,2025-08-11 11:00:00+00:00,814,True,0.0
IDERNA7,2025-07-20 08:00:00+00:00,full_outage,full_outage,0.0003026942879183933,283.0,0.0,7.567357197959832e-06,0.999992432642802,2025-07-08 14:00:00+00:00,2025-08-11 11:00:00+00:00,814,True,0.0
IDERNA7,2025-07-20 09:00:00+00:00,full_outage,full_outage,0.0002903411696984805,284.0,0.0,7.258529242462012e-06,0.9999927414707576,2025-07-08 14:00:00+00:00,2025-08-11 11:00:00+00:00,814,True,0.0
IDERNA7,2025-07-20 10:00:00+00:00,full_outage,full_outage,0.0002784921889395178,285.0,0.0,6.962304723487946e-06,0.9999930376952765,2025-07-08 14:00:00+00:00,2025-08-11 11:00:00+00:00,814,True,0.0
IDERNA7,2025-07-20 11:00:00+00:00,full_outage,full_outage,0.00026712677151803177,286.0,0.0,6.678169287950794e-06,0.9999933218307121,2025-07-08 14:00:00+00:00,2025-08-11 11:00:00+00:00,814,True,0.0
IDERNA7,2025-07-20 12:00:00+00:00,full_outage,full_outage,0.0002562251829516974,287.0,0.0,6.4056295737924355e-06,0.9999935943704262,2025-07-08 14:00:00+00:00,2025-08-11 11:00:00+00:00,814,True,0.0
IDERNA7,2025-07-20 13:00:00+00:00,full_outage,full_outage,0.0002457684941331284,288.0,0.0,6.14421235332821e-06,0.9999938557876467,2025-07-08 14:00:00+00:00,2025-08-11 11:00:00+00:00,814,True,0.0
IDERNA7,2025-07-20 14:00:00+00:00,full_outage,full_outage,0.00023573854846208595,289.0,0.0,5.893463711552149e-06,0.9999941065362884,2025-07-08 14:00:00+00:00,2025-08-11 11:00:00+00:00,814,True,0.0
IDERNA7,2025-07-20 15:00:00+00:00,full_outage,full_outage,0.00022611793031904423,290.0,0.0,5.652948257976106e-06,0.9999943470517421,2025-07-08 14:00:00+00:00,2025-08-11 11:00:00+00:00,814,True,0.0
IDERNA7,2025-07-20 16:00:00+00:00,full_outage,full_outage,0.0002168899348253661,291.0,0.0,5.422248370634153e-06,0.9999945777516294,2025-07-08 14:00:00+00:00,2025-08-11 11:00:00+00:00,814,True,0.0
IDERNA7,2025-07-20 17:00:00+00:00,full_outage,full_outage,0.00020803853883757944,292.0,0.0,5.200963470939485e-06,0.9999947990365291,2025-07-08 14:00:00+00:00,2025-08-11 11:00:00+00:00,814,True,0.0
IDERNA7,2025-07-20 18:00:00+00:00,full_outage,full_outage,0.0001995483731253959,293.0,0.0,4.988709328134898e-06,0.9999950112906719,2025-07-08 14:00:00+00:00,2025-08-11 11:00:00+00:00,814,True,0.0
IDERNA7,2025-07-20 19:00:00+00:00,full_outage,full_outage,0.00019140469568516036,294.0,0.0,4.785117392129009e-06,0.9999952148826079,2025-07-08 14:00:00+00:00,2025-08-11 11:00:00+00:00,814,True,0.0
IDERNA7,2025-07-20 20:00:00+00:00,full_outage,full_outage,0.00018359336614238888,295.0,0.0,4.589834153559722e-06,0.9999954101658465,2025-07-08 14:00:00+00:00,2025-08-11 11:00:00+00:00,814,True,0.0
IDERNA7,2025-07-20 21:00:00+00:00,full_outage,full_outage,0.000176100821198957,296.0,0.0,4.402520529973925e-06,0.99999559747947,2025-07-08 14:00:00+00:00,2025-08-11 11:00:00+00:00,814,True,0.0
IDERNA7,2025-07-20 22:00:00+00:00,full_outage,full_outage,0.00016891405108230108,297.0,0.0,4.222851277057527e-06,0.9999957771487229,2025-07-08 14:00:00+00:00,2025-08-11 11:00:00+00:00,814,True,0.0
IDERNA7,2025-07-20 23:00:00+00:00,full_outage,full_outage,0.0001620205769557377,298.0,0.0,4.050514423893443e-06,0.9999959494855761,2025-07-08 14:00:00+00:00,2025-08-11 11:00:00+00:00,814,True,0.0
IDERNA7,2025-07-21 00:00:00+00:00,full_outage,full_outage,0.00015540842925068323,299.0,0.0,3.88521073126708e-06,0.9999961147892688,2025-07-08 14:00:00+00:00,2025-08-11 11:00:00+00:00,814,True,0.0
IDERNA7,2025-07-21 01:00:00+00:00,full_outage,full_outage,0.00014906612688314684,300.0,0.0,3.726653172078671e-06,0.999996273346828,2025-07-08 14:00:00+00:00,2025-08-11 11:00:00+00:00,814,True,0.0
IDERNA7,2025-07-21 02:00:00+00:00,full_outage,full_outage,0.0001429826573184076,301.0,0.0,3.5745664329601904e-06,0.999996425433567,2025-07-08 14:00:00+00:00,2025-08-11 11:00:00+00:00,814,True,0.0
IDERNA7,2025-07-21 03:00:00+00:00,full_outage,full_outage,0.00013714745744926516,302.0,0.0,3.4286864362316294e-06,0.9999965713135638,2025-07-08 14:00:00+00:00,2025-08-11 11:00:00+00:00,814,True,0.0
IDERNA7,2025-07-21 04:00:00+00:00,full_outage,full_outage,0.00013155039525465938,303.0,0.0,3.2887598813664843e-06,0.9999967112401187,2025-07-08 14:00:00+00:00,2025-08-11 11:00:00+00:00,814,True,0.0
IDERNA7,2025-07-21 05:00:00+00:00,full_outage,full_outage,0.00012618175220680935,304.0,0.0,3.1545438051702337e-06,0.9999968454561948,2025-07-08 14:00:00+00:00,2025-08-11 11:00:00+00:00,814,True,0.0
IDERNA7,2025-07-21 06:00:00+00:00,full_outage,full_outage,0.00012103220639632911,305.0,0.0,3.0258051599082278e-06,0.9999969741948401,2025-07-08 14:00:00+00:00,2025-08-11 11:00:00+00:00,814,True,0.0
IDERNA7,2025-07-21 07:00:00+00:00,full_outage,full_outage,0.00011609281634601616,306.0,0.0,2.902320408650404e-06,0.9999970976795913,2025-07-08 14:00:00+00:00,2025-08-11 11:00:00+00:00,814,True,0.0
IDERNA7,2025-07-21 08:00:00+00:00,full_outage,full_outage,0.0001113550054852062,307.0,0.0,2.7838751371301547e-06,0.9999972161248629,2025-07-08 14:00:00+00:00,2025-08-11 11:00:00+00:00,814,True,0.0
IDERNA7,2025-07-21 09:00:00+00:00,full_outage,full_outage,0.0001068105472577399,308.0,0.0,2.6702636814434975e-06,0.9999973297363186,2025-07-08 14:00:00+00:00,2025-08-11 11:00:00+00:00,814,True,0.0
IDERNA7,2025-07-21 10:00:00+00:00,full_outage,full_outage,0.00010245155083768155,309.0,0.0,2.5612887709420388e-06,0.999997438711229,2025-07-08 14:00:00+00:00,2025-08-11 11:00:00+00:00,814,True,0.0
IDERNA7,2025-07-21 11:00:00+00:00,full_outage,full_outage,9.827044742798509e-05,310.0,0.0,2.4567611856996272e-06,0.9999975432388143,2025-07-08 14:00:00+00:00,2025-08-11 11:00:00+00:00,814,True,0.0
IDERNA7,2025-07-21 12:00:00+00:00,full_outage,full_outage,9.425997711832101e-05,311.0,0.0,2.356499427958025e-06,0.9999976435005721,2025-07-08 14:00:00+00:00,2025-08-11 11:00:00+00:00,814,True,0.0
IDERNA7,2025-07-21 13:00:00+00:00,full_outage,full_outage,9.041317627924217e-05,312.0,0.0,2.2603294069810542e-06,0.999997739670593,2025-07-08 14:00:00+00:00,2025-08-11 11:00:00+00:00,814,True,0.0
IDERNA7,2025-07-21 14:00:00+00:00,full_outage,full_outage,8.672336547079916e-05,313.0,0.0,2.168084136769979e-06,0.9999978319158632,2025-07-08 14:00:00+00:00,2025-08-11 11:00:00+00:00,814,True,0.0
IDERNA7,2025-07-21 15:00:00+00:00,full_outage,full_outage,8.318413784461312e-05,314.0,0.0,2.079603446115328e-06,0.9999979203965539,2025-07-08 14:00:00+00:00,2025-08-11 11:00:00+00:00,814,True,0.0
IDERNA7,2025-07-21 16:00:00+00:00,full_outage,full_outage,7.978934801926624e-05,315.0,0.0,1.994733700481656e-06,0.9999980052662996,2025-07-08 14:00:00+00:00,2025-08-11 11:00:00+00:00,814,True,0.0
IDERNA7,2025-07-21 17:00:00+00:00,full_outage,full_outage,7.65331014096921e-05,316.0,0.0,1.9133275352423027e-06,0.9999980866724647,2025-07-08 14:00:00+00:00,2025-08-11 11:00:00+00:00,814,True,0.0
IDERNA7,2025-07-21 18:00:00+00:00,full_outage,full_outage,7.34097439920411e-05,317.0,0.0,1.8352435998010277e-06,0.9999981647564002,2025-07-08 14:00:00+00:00,2025-08-11 11:00:00+00:00,814,True,0.0
IDERNA7,2025-07-21 19:00:00+00:00,full_outage,full_outage,7.041385248624677e-05,318.0,0.0,1.7603463121561693e-06,0.9999982396536878,2025-07-08 14:00:00+00:00,2025-08-11 11:00:00+00:00,814,True,0.0
IDERNA7,2025-07-21 20:00:00+00:00,full_outage,full_outage,6.754022493924602e-05,319.0,0.0,1.6885056234811505e-06,0.9999983114943766,2025-07-08 14:00:00+00:00,2025-08-11 11:00:00+00:00,814,True,0.0
IDERNA7,2025-07-21 21:00:00+00:00,full_outage,full_outage,6.47838716925044e-05,320.0,0.0,1.6195967923126097e-06,0.9999983804032077,2025-07-08 14:00:00+00:00,2025-08-11 11:00:00+00:00,814,True,0.0
IDERNA7,2025-07-21 22:00:00+00:00,full_outage,full_outage,6.21400067181614e-05,321.0,0.0,1.5535001679540347e-06,0.999998446499832,2025-07-08 14:00:00+00:00,2025-08-11 11:00:00+00:00,814,True,0.0
IDERNA7,2025-07-21 23:00:00+00:00,full_outage,full_outage,5.960403930875145e-05,322.0,0.0,1.4901009827187863e-06,0.9999985098990173,2025-07-08 14:00:00+00:00,2025-08-11 11:00:00+00:00,814,True,0.0
IDERNA7,2025-07-22 00:00:00+00:00,full_outage,full_outage,5.7171566106072974e-05,323.0,0.0,1.4292891526518243e-06,0.9999985707108473,2025-07-08 14:00:00+00:00,2025-08-11 11:00:00+00:00,814,True,0.0
IDERNA7,2025-07-22 01:00:00+00:00,full_outage,full_outage,5.483836345536337e-05,324.0,0.0,1.3709590863840845e-06,0.9999986290409136,2025-07-08 14:00:00+00:00,2025-08-11 11:00:00+00:00,814,True,0.0
IDERNA7,2025-07-22 02:00:00+00:00,full_outage,full_outage,5.2600380071503625e-05,325.0,0.0,1.3150095017875907e-06,0.9999986849904983,2025-07-08 14:00:00+00:00,2025-08-11 11:00:00+00:00,814,True,0.0
IDERNA7,2025-07-22 03:00:00+00:00,full_outage,full_outage,5.0453730004519846e-05,326.0,0.0,1.261343250112996e-06,0.9999987386567499,2025-07-08 14:00:00+00:00,2025-08-11 11:00:00+00:00,814,True,0.0
IDERNA7,2025-07-22 04:00:00+00:00,full_outage,full_outage,4.839468589216645e-05,327.0,0.0,1.2098671473041613e-06,0.9999987901328526,2025-07-08 14:00:00+00:00,2025-08-11 11:00:00+00:00,814,True,0.0
IDERNA7,2025-07-22 05:00:00+00:00,full_outage,full_outage,4.641967248787443e-05,328.0,0.0,1.1604918121968607e-06,0.9999988395081878,2025-07-08 14:00:00+00:00,2025-08-11 11:00:00+00:00,814,True,0.0
IDERNA7,2025-07-22 06:00:00+00:00,full_outage,full_outage,4.452526045282822e-05,329.0,0.0,1.1131315113207056e-06,0.9999988868684887,2025-07-08 14:00:00+00:00,2025-08-11 11:00:00+00:00,814,True,0.0
IDERNA7,2025-07-22 07:00:00+00:00,full_outage,full_outage,4.2708160401391305e-05,330.0,0.0,1.0677040100347827e-06,0.99999893229599,2025-07-08 14:00:00+00:00,2025-08-11 11:00:00+00:00,814,True,0.0
IDERNA7,2025-07-22 08:00:00+00:00,full_outage,full_outage,4.096521718954055e-05,331.0,0.0,1.0241304297385136e-06,0.9999989758695703,2025-07-08 14:00:00+00:00,2025-08-11 11:00:00+00:00,814,True,0.0
IDERNA7,2025-07-22 09:00:00+00:00,full_outage,full_outage,3.929340443639329e-05,332.0,0.0,9.823351109098322e-07,0.9999990176648891,2025-07-08 14:00:00+00:00,2025-08-11 11:00:00+00:00,814,True,0.0
IDERNA7,2025-07-22 10:00:00+00:00,full_outage,full_outage,3.76898192693139e-05,333.0,0.0,9.422454817328475e-07,0.9999990577545183,2025-07-08 14:00:00+00:00,2025-08-11 11:00:00+00:00,814,True,0.0
IDERNA7,2025-07-22 11:00:00+00:00,full_outage,full_outage,3.615167728347476e-05,334.0,0.0,9.037919320868689e-07,0.9999990962080679,2025-07-08 14:00:00+00:00,2025-08-11 11:00:00+00:00,814,True,0.0
IDERNA7,2025-07-22 12:00:00+00:00,full_outage,full_outage,3.4676307707120876e-05,335.0,0.0,8.669076926780219e-07,0.9999991330923074,2025-07-08 14:00:00+00:00,2025-08-11 11:00:00+00:00,814,True,0.0
IDERNA7,2025-07-22 13:00:00+00:00,full_outage,full_outage,3.3261148764142713e-05,336.0,0.0,8.315287191035679e-07,0.9999991684712809,2025-07-08 14:00:00+00:00,2025-08-11 11:00:00+00:00,814,True,0.0
IDERNA7,2025-07-22 14:00:00+00:00,full_outage,full_outage,3.1903743225904346e-05,337.0,0.0,7.975935806476088e-07,0.9999992024064194,2025-07-08 14:00:00+00:00,2025-08-11 11:00:00+00:00,814,True,0.0
IDERNA7,2025-07-22 15:00:00+00:00,full_outage,full_outage,3.0601734144604504e-05,338.0,0.0,7.650433536151126e-07,0.9999992349566463,2025-07-08 14:00:00+00:00,2025-08-11 11:00:00+00:00,814,True,0.0
IDERNA7,2025-07-22 16:00:00+00:00,full_outage,full_outage,2.935286076076139e-05,339.0,0.0,7.338215190190347e-07,0.999999266178481,2025-07-08 14:00:00+00:00,2025-08-11 11:00:00+00:00,814,True,0.0
IDERNA7,2025-07-22 17:00:00+00:00,full_outage,full_outage,2.815495457771486e-05,340.0,0.0,7.038738644428715e-07,0.9999992961261356,2025-07-08 14:00:00+00:00,2025-08-11 11:00:00+00:00,814,True,0.0
IDERNA7,2025-07-22 18:00:00+00:00,full_outage,full_outage,2.7005935596330728e-05,341.0,0.0,6.751483899082682e-07,0.9999993248516101,2025-07-08 14:00:00+00:00,2025-08-11 11:00:00+00:00,814,True,0.0
IDERNA7,2025-07-22 19:00:00+00:00,full_outage,full_outage,2.5903808703368837e-05,342.0,0.0,6.475952175842209e-07,0.9999993524047824,2025-07-08 14:00:00+00:00,2025-08-11 11:00:00+00:00,814,True,0.0
IDERNA7,2025-07-22 20:00:00+00:00,full_outage,full_outage,2.484666020724334e-05,343.0,0.0,6.211665051810835e-07,0.9999993788334948,2025-07-08 14:00:00+00:00,2025-08-11 11:00:00+00:00,814,True,0.0
IDERNA7,2025-07-22 21:00:00+00:00,full_outage,full_outage,2.3832654515160936e-05,344.0,0.0,5.958163628790234e-07,0.9999994041836371,2025-07-08 14:00:00+00:00,2025-08-11 11:00:00+00:00,814,True,0.0
IDERNA7,2025-07-22 22:00:00+00:00,full_outage,full_outage,2.2860030945866883e-05,345.0,0.0,5.715007736466721e-07,0.9999994284992264,2025-07-08 14:00:00+00:00,2025-08-11 11:00:00+00:00,814,True,0.0
IDERNA7,2025-07-22 23:00:00+00:00,full_outage,full_outage,2.192710067246417e-05,346.0,0.0,5.481775168116042e-07,0.9999994518224832,2025-07-08 14:00:00+00:00,2025-08-11 11:00:00+00:00,814,True,0.0
IDERNA7,2025-07-23 00:00:00+00:00,full_outage,full_outage,2.1032243789998298e-05,347.0,0.0,5.258060947499575e-07,0.9999994741939052,2025-07-08 14:00:00+00:00,2025-08-11 11:00:00+00:00,814,True,0.0
IDERNA7,2025-07-23 01:00:00+00:00,full_outage,full_outage,2.017390650271552e-05,348.0,0.0,5.04347662567888e-07,0.9999994956523375,2025-07-08 14:00:00+00:00,2025-08-11 11:00:00+00:00,814,True,0.0
IDERNA7,2025-07-23 02:00:00+00:00,full_outage,full_outage,1.9350598426110226e-05,349.0,0.0,4.837649606527556e-07,0.9999995162350394,2025-07-08 14:00:00+00:00,2025-08-11 11:00:00+00:00,814,True,0.0
IDERNA7,2025-07-23 03:00:00+00:00,full_outage,full_outage,1.8560889999077588e-05,350.0,0.0,4.6402224997693974e-07,0.99999953597775,2025-07-08 14:00:00+00:00,2025-08-11 11:00:00+00:00,814,True,0.0
IDERNA7,2025-07-23 04:00:00+00:00,full_outage,full_outage,1.7803410001677674e-05,351.0,0.0,4.450852500419419e-07,0.99999955491475,2025-07-08 14:00:00+00:00,2025-08-11 11:00:00+00:00,814,True,0.0
IDERNA7,2025-07-23 05:00:00+00:00,full_outage,full_outage,1.7076843174200623e-05,352.0,0.0,4.2692107935501555e-07,0.9999995730789206,2025-07-08 14:00:00+00:00,2025-08-11 11:00:00+00:00,814,True,0.0
IDERNA7,2025-07-23 06:00:00+00:00,full_outage,full_outage,1.637992793339937e-05,353.0,0.0,4.094981983349842e-07,0.9999995905018016,2025-07-08 14:00:00+00:00,2025-08-11 11:00:00+00:00,814,True,0.0
IDERNA7,2025-07-23 07:00:00+00:00,full_outage,full_outage,1.571145418192416e-05,354.0,0.0,3.927863545481039e-07,0.9999996072136454,2025-07-08 14:00:00+00:00,2025-08-11 11:00:00+00:00,814,True,0.0
IDERNA7,2025-07-23 08:00:00+00:00,full_outage,full_outage,1.5070261207154938e-05,355.0,0.0,3.7675653017887346e-07,0.9999996232434698,2025-07-08 14:00:00+00:00,2025-08-11 11:00:00+00:00,814,True,0.0
IDERNA7,2025-07-23 09:00:00+00:00,full_outage,full_outage,1.4455235665783833e-05,356.0,0.0,3.6138089164459586e-07,0.9999996386191083,2025-07-08 14:00:00+00:00,2025-08-11 11:00:00+00:00,814,True,0.0
IDERNA7,2025-07-23 10:00:00+00:00,full_outage,full_outage,1.3865309650647856e-05,357.0,0.0,3.4663274126619643e-07,0.9999996533672587,2025-07-08 14:00:00+00:00,2025-08-11 11:00:00+00:00,814,True,0.0
IDERNA7,2025-07-23 11:00:00+00:00,full_outage,full_outage,1.3299458836455019e-05,358.0,0.0,3.3248647091137546e-07,0.9999996675135291,2025-07-08 14:00:00+00:00,2025-08-11 11:00:00+00:00,814,True,0.0
IDERNA7,2025-07-23 12:00:00+00:00,full_outage,full_outage,1.2756700701184605e-05,359.0,0.0,3.189175175296151e-07,0.9999996810824825,2025-07-08 14:00:00+00:00,2025-08-11 11:00:00+00:00,814,True,0.0
IDERNA7,2025-07-23 13:00:00+00:00,full_outage,full_outage,1.2236092820073031e-05,360.0,0.0,3.059023205018258e-07,0.9999996940976795,2025-07-08 14:00:00+00:00,2025-08-11 11:00:00+00:00,814,True,0.0
IDERNA7,2025-07-23 14:00:00+00:00,full_outage,full_outage,1.1736731229222883e-05,361.0,0.0,2.9341828073057206e-07,0.9999997065817192,2025-07-08 14:00:00+00:00,2025-08-11 11:00:00+00:00,814,True,0.0
IDERNA7,2025-07-23 15:00:00+00:00,full_outage,full_outage,1.125774885599415e-05,362.0,0.0,2.8144372139985377e-07,0.9999997185562786,2025-07-08 14:00:00+00:00,2025-08-11 11:00:00+00:00,814,True,0.0
IDERNA7,2025-07-23 16:00:00+00:00,full_outage,full_outage,1.0798314013452057e-05,363.0,0.0,2.699578503363014e-07,0.9999997300421497,2025-07-08 14:00:00+00:00,2025-08-11 11:00:00+00:00,814,True,0.0
IDERNA7,2025-07-23 17:00:00+00:00,full_outage,full_outage,1.0357628956257084e-05,364.0,0.0,2.589407239064271e-07,0.9999997410592761,2025-07-08 14:00:00+00:00,2025-08-11 11:00:00+00:00,814,True,0.0
IDERNA7,2025-07-23 18:00:00+00:00,full_outage,full_outage,9.93492849549011e-06,365.0,0.0,2.4837321238725277e-07,0.9999997516267876,2025-07-08 14:00:00+00:00,2025-08-11 11:00:00+00:00,814,True,0.0
IDERNA7,2025-07-23 19:00:00+00:00,full_outage,full_outage,9.529478670007272e-06,366.0,0.0,2.382369667501818e-07,0.9999997617630333,2025-07-08 14:00:00+00:00,2025-08-11 11:00:00+00:00,814,True,0.0
IDERNA7,2025-07-23 20:00:00+00:00,full_outage,full_outage,9.140575472017392e-06,367.0,0.0,2.285143868004348e-07,0.9999997714856133,2025-07-08 14:00:00+00:00,2025-08-11 11:00:00+00:00,814,True,0.0
IDERNA7,2025-07-23 21:00:00+00:00,full_outage,full_outage,8.767543624669458e-06,368.0,0.0,2.1918859061673643e-07,0.9999997808114094,2025-07-08 14:00:00+00:00,2025-08-11 11:00:00+00:00,814,True,0.0
IDERNA7,2025-07-23 22:00:00+00:00,full_outage,full_outage,8.409735409527387e-06,369.0,0.0,2.1024338523818466e-07,0.9999997897566147,2025-07-08 14:00:00+00:00,2025-08-11 11:00:00+00:00,814,True,0.0
IDERNA7,2025-07-23 23:00:00+00:00,full_outage,full_outage,8.066529541896075e-06,370.0,0.0,2.0166323854740188e-07,0.9999997983367614,2025-07-08 14:00:00+00:00,2025-08-11 11:00:00+00:00,814,True,0.0
IDERNA7,2025-07-24 00:00:00+00:00,full_outage,full_outage,7.737330092046112e-06,371.0,0.0,1.934332523011528e-07,0.9999998065667477,2025-07-08 14:00:00+00:00,2025-08-11 11:00:00+00:00,814,True,0.0
IDERNA7,2025-07-24 01:00:00+00:00,full_outage,full_outage,7.421565450463913e-06,372.0,0.0,1.8553913626159784e-07,0.9999998144608637,2025-07-08 14:00:00+00:00,2025-08-11 11:00:00+00:00,814,True,0.0
IDERNA7,2025-07-24 02:00:00+00:00,full_outage,full_outage,7.118687335330421e-06,373.0,0.0,1.7796718338326054e-07,0.9999998220328166,2025-07-08 14:00:00+00:00,2025-08-11 11:00:00+00:00,814,True,0.0
IDERNA7,2025-07-24 03:00:00+00:00,full_outage,full_outage,6.828169840505276e-06,374.0,0.0,1.7070424601263192e-07,0.999999829295754,2025-07-08 14:00:00+00:00,2025-08-11 11:00:00+00:00,814,True,0.0
IDERNA7,2025-07-24 04:00:00+00:00,full_outage,full_outage,6.549508522363251e-06,375.0,0.0,1.6373771305908126e-07,0.999999836262287,2025-07-08 14:00:00+00:00,2025-08-11 11:00:00+00:00,814,True,0.0
IDERNA7,2025-07-24 05:00:00+00:00,full_outage,full_outage,6.282219523897284e-06,376.0,0.0,1.570554880974321e-07,0.9999998429445119,2025-07-08 14:00:00+00:00,2025-08-11 11:00:00+00:00,814,True,0.0
IDERNA7,2025-07-24 06:00:00+00:00,full_outage,full_outage,6.025838734567457e-06,377.0,0.0,1.5064596836418642e-07,0.9999998493540316,2025-07-08 14:00:00+00:00,2025-08-11 11:00:00+00:00,814,True,0.0
IDERNA7,2025-07-24 07:00:00+00:00,full_outage,full_outage,5.7799209844369794e-06,378.0,0.0,1.4449802461092448e-07,0.9999998555019753,2025-07-08 14:00:00+00:00,2025-08-11 11:00:00+00:00,814,True,0.0
IDERNA7,2025-07-24 08:00:00+00:00,full_outage,full_outage,5.544039271195825e-06,379.0,0.0,1.3860098177989563e-07,0.9999998613990182,2025-07-08 14:00:00+00:00,2025-08-11 11:00:00+00:00,814,True,0.0
IDERNA7,2025-07-24 09:00:00+00:00,full_outage,full_outage,5.317784018730059e-06,380.0,0.0,1.3294460046825147e-07,0.9999998670553996,2025-07-08 14:00:00+00:00,2025-08-11 11:00:00+00:00,814,True,0.0
IDERNA7,2025-07-24 10:00:00+00:00,full_outage,full_outage,5.100762365949339e-06,381.0,0.0,1.2751905914873347e-07,0.9999998724809408,2025-07-08 14:00:00+00:00,2025-08-11 11:00:00+00:00,814,True,0.0
IDERNA7,2025-07-24 11:00:00+00:00,full_outage,full_outage,4.892597484637673e-06,382.0,0.0,1.2231493711594182e-07,0.9999998776850629,2025-07-08 14:00:00+00:00,2025-08-11 11:00:00+00:00,814,True,0.0
IDERNA7,2025-07-24 12:00:00+00:00,full_outage,full_outage,4.692927925143139e-06,383.0,0.0,1.1732319812857848e-07,0.9999998826768018,2025-07-08 14:00:00+00:00,2025-08-11 11:00:00+00:00,814,True,0.0
IDERNA7,2025-07-24 13:00:00+00:00,full_outage,full_outage,4.501406988770365e-06,384.0,0.0,1.1253517471925912e-07,0.9999998874648253,2025-07-08 14:00:00+00:00,2025-08-11 11:00:00+00:00,814,True,0.0
IDERNA7,2025-07-24 14:00:00+00:00,full_outage,full_outage,4.317702125785921e-06,385.0,0.0,1.0794255314464804e-07,0.9999998920574469,2025-07-08 14:00:00+00:00,2025-08-11 11:00:00+00:00,814,True,0.0
IDERNA7,2025-07-24 15:00:00+00:00,full_outage,full_outage,4.14149435799158e-06,386.0,0.0,1.0353735894978949e-07,0.9999998964626411,2025-07-08 14:00:00+00:00,2025-08-11 11:00:00+00:00,814,True,0.0
IDERNA7,2025-07-24 16:00:00+00:00,full_outage,full_outage,3.972477724862497e-06,387.0,0.0,9.931194312156244e-08,0.9999999006880569,2025-07-08 14:00:00+00:00,2025-08-11 11:00:00+00:00,814,True,0.0
IDERNA7,2025-07-24 17:00:00+00:00,full_outage,full_outage,3.810358752288999e-06,388.0,0.0,9.525896880722498e-08,0.9999999047410312,2025-07-08 14:00:00+00:00,2025-08-11 11:00:00+00:00,814,True,0.0
IDERNA7,2025-07-24 18:00:00+00:00,full_outage,full_outage,3.6548559429991465e-06,389.0,0.0,9.137139857497866e-08,0.9999999086286014,2025-07-08 14:00:00+00:00,2025-08-11 11:00:00+00:00,814,True,0.0
IDERNA7,2025-07-24 19:00:00+00:00,full_outage,full_outage,3.505699287777454e-06,390.0,0.0,8.764248219443636e-08,0.9999999123575178,2025-07-08 14:00:00+00:00,2025-08-11 11:00:00+00:00,814,True,0.0
IDERNA7,2025-07-24 20:00:00+00:00,full_outage,full_outage,3.362629796631145e-06,391.0,0.0,8.406574491577862e-08,0.9999999159342551,2025-07-08 14:00:00+00:00,2025-08-11 11:00:00+00:00,814,True,0.0
IDERNA7,2025-07-24 21:00:00+00:00,full_outage,full_outage,3.2253990490896473e-06,392.0,0.0,8.063497622724119e-08,0.9999999193650237,2025-07-08 14:00:00+00:00,2025-08-11 11:00:00+00:00,814,True,0.0
IDERNA7,2025-07-24 22:00:00+00:00,full_outage,full_outage,3.0937687628566255e-06,393.0,0.0,7.734421907141565e-08,0.999999922655781,2025-07-08 14:00:00+00:00,2025-08-11 11:00:00+00:00,814,True,0.0
IDERNA7,2025-07-24 23:00:00+00:00,full_outage,full_outage,2.9675103800656534e-06,394.0,0.0,7.418775950164134e-08,0.9999999258122405,2025-07-08 14:00:00+00:00,2025-08-11 11:00:00+00:00,814,True,0.0
IDERNA7,2025-07-25 00:00:00+00:00,full_outage,full_outage,2.8464046704209133e-06,395.0,0.0,7.116011676052283e-08,0.9999999288398832,2025-07-08 14:00:00+00:00,2025-08-11 11:00:00+00:00,814,True,0.0
IDERNA7,2025-07-25 01:00:00+00:00,full_outage,full_outage,2.730241350533948e-06,396.0,0.0,6.82560337633487e-08,0.9999999317439663,2025-07-08 14:00:00+00:00,2025-08-11 11:00:00+00:00,814,True,0.0
IDERNA7,2025-07-25 02:00:00+00:00,full_outage,full_outage,2.6188187187955746e-06,397.0,0.0,6.547046796988936e-08,0.9999999345295321,2025-07-08 14:00:00+00:00,2025-08-11 11:00:00+00:00,814,True,0.0
IDERNA7,2025-07-25 03:00:00+00:00,full_outage,full_outage,2.5119433051487817e-06,398.0,0.0,6.279858262871955e-08,0.9999999372014173,2025-07-08 14:00:00+00:00,2025-08-11 11:00:00+00:00,814,True,0.0
IDERNA7,2025-07-25 04:00:00+00:00,full_outage,full_outage,2.4094295351545914e-06,399.0,0.0,6.023573837886479e-08,0.9999999397642616,2025-07-08 14:00:00+00:00,2025-08-11 11:00:00+00:00,814,True,0.0
IDERNA7,2025-07-25 05:00:00+00:00,full_outage,full_outage,2.311099407767653e-06,400.0,0.0,5.777748519419133e-08,0.9999999422225148,2025-07-08 14:00:00+00:00,2025-08-11 11:00:00+00:00,814,True,0.0
IDERNA7,2025-07-25 06:00:00+00:00,full_outage,full_outage,2.2167821862619116e-06,401.0,0.0,5.5419554656547783e-08,0.9999999445804454,2025-07-08 14:00:00+00:00,2025-08-11 11:00:00+00:00,814,True,0.0
IDERNA7,2025-07-25 07:00:00+00:00,full_outage,full_outage,2.126314101769769e-06,402.0,0.0,5.3157852544244216e-08,0.9999999468421474,2025-07-08 14:00:00+00:00,2025-08-11 11:00:00+00:00,814,True,0.0
IDERNA7,2025-07-25 08:00:00+00:00,full_outage,full_outage,2.0395380689200465e-06,403.0,0.0,5.0988451723001166e-08,0.9999999490115483,2025-07-08 14:00:00+00:00,2025-08-11 11:00:00+00:00,814,True,0.0
IDERNA7,2025-07-25 09:00:00+00:00,full_outage,full_outage,1.9563034130808444e-06,404.0,0.0,4.890758532702111e-08,0.9999999510924147,2025-07-08 14:00:00+00:00,2025-08-11 11:00:00+00:00,814,True,0.0
IDERNA7,2025-07-25 10:00:00+00:00,full_outage,full_outage,1.8764656087337672e-06,405.0,0.0,4.691164021834418e-08,0.9999999530883598,2025-07-08 14:00:00+00:00,2025-08-11 11:00:00+00:00,814,True,0.0
IDERNA7,2025-07-25 11:00:00+00:00,full_outage,full_outage,1.7998860285253083e-06,406.0,0.0,4.4997150713132706e-08,0.9999999550028493,2025-07-08 14:00:00+00:00,2025-08-11 11:00:00+00:00,814,True,0.0
IDERNA7,2025-07-25 12:00:00+00:00,full_outage,full_outage,1.7264317025595175e-06,407.0,0.0,4.316079256398793e-08,0.9999999568392074,2025-07-08 14:00:00+00:00,2025-08-11 11:00:00+00:00,814,True,0.0
IDERNA7,2025-07-25 13:00:00+00:00,full_outage,full_outage,1.6559750875140667e-06,408.0,0.0,4.139937718785167e-08,0.9999999586006229,2025-07-08 14:00:00+00:00,2025-08-11 11:00:00+00:00,814,True,0.0
IDERNA7,2025-07-25 14:00:00+00:00,full_outage,full_outage,1.5883938451788734e-06,409.0,0.0,3.970984612947183e-08,0.9999999602901539,2025-07-08 14:00:00+00:00,2025-08-11 11:00:00+00:00,814,True,0.0
IDERNA7,2025-07-25 15:00:00+00:00,full_outage,full_outage,1.5235706300326236e-06,410.0,0.0,3.808926575081559e-08,0.9999999619107343,2025-07-08 14:00:00+00:00,2025-08-11 11:00:00+00:00,814,True,0.0
IDERNA7,2025-07-25 16:00:00+00:00,full_outage,full_outage,1.4613928854884183e-06,411.0,0.0,3.6534822137210456e-08,0.9999999634651778,2025-07-08 14:00:00+00:00,2025-08-11 11:00:00+00:00,814,True,0.0
IDERNA7,2025-07-25 17:00:00+00:00,full_outage,full_outage,1.401752648454791e-06,412.0,0.0,3.504381621136978e-08,0.9999999649561838,2025-07-08 14:00:00+00:00,2025-08-11 11:00:00+00:00,814,True,0.0
IDERNA7,2025-07-25 18:00:00+00:00,full_outage,full_outage,1.344546361872651e-06,413.0,0.0,3.361365904681627e-08,0.9999999663863409,2025-07-08 14:00:00+00:00,2025-08-11 11:00:00+00:00,814,True,0.0
IDERNA7,2025-07-25 19:00:00+00:00,full_outage,full_outage,1.2896746949026934e-06,414.0,0.0,3.2241867372567335e-08,0.9999999677581326,2025-07-08 14:00:00+00:00,2025-08-11 11:00:00+00:00,814,True,0.0
IDERNA7,2025-07-25 20:00:00+00:00,full_outage,full_outage,1.2370423704511064e-06,415.0,0.0,3.092605926127766e-08,0.9999999690739407,2025-07-08 14:00:00+00:00,2025-08-11 11:00:00+00:00,814,True,0.0
IDERNA7,2025-07-25 21:00:00+00:00,full_outage,full_outage,1.186557999734001e-06,416.0,0.0,2.9663949993350024e-08,0.99999997033605,2025-07-08 14:00:00+00:00,2025-08-11 11:00:00+00:00,814,True,0.0
IDERNA7,2025-07-25 22:00:00+00:00,full_outage,full_outage,1.13813392359336e-06,417.0,0.0,2.8453348089834e-08,0.9999999715466519,2025-07-08 14:00:00+00:00,2025-08-11 11:00:00+00:00,814,True,0.0
IDERNA7,2025-07-25 23:00:00+00:00,full_outage,full_outage,1.0916860602890071e-06,418.0,0.0,2.7292151507225175e-08,0.9999999727078485,2025-07-08 14:00:00+00:00,2025-08-11 11:00:00+00:00,814,True,0.0
IDERNA7,2025-07-26 00:00:00+00:00,full_outage,full_outage,1.047133759502229e-06,419.0,0.0,2.6178343987555724e-08,0.9999999738216561,2025-07-08 14:00:00+00:00,2025-08-11 11:00:00+00:00,814,True,0.0
IDERNA7,2025-07-26 01:00:00+00:00,full_outage,full_outage,1.0043996622975927e-06,420.0,0.0,2.510999155743982e-08,0.9999999748900085,2025-07-08 14:00:00+00:00,2025-08-11 11:00:00+00:00,814,True,0.0
IDERNA7,2025-07-26 02:00:00+00:00,full_outage,full_outage,9.634095667998286e-07,421.0,0.0,2.4085239169995714e-08,0.9999999759147609,2025-07-08 14:00:00+00:00,2025-08-11 11:00:00+00:00,814,True,0.0
IDERNA7,2025-07-26 03:00:00+00:00,full_outage,full_outage,9.240922993524797e-07,422.0,0.0,2.3102307483811994e-08,0.9999999768976925,2025-07-08 14:00:00+00:00,2025-08-11 11:00:00+00:00,814,True,0.0
IDERNA7,2025-07-26 04:00:00+00:00,full_outage,full_outage,8.863795909346392e-07,423.0,0.0,2.215948977336598e-08,0.9999999778405102,2025-07-08 14:00:00+00:00,2025-08-11 11:00:00+00:00,814,True,0.0
IDERNA7,2025-07-26 05:00:00+00:00,full_outage,full_outage,8.502059586212156e-07,424.0,0.0,2.125514896553039e-08,0.999999978744851,2025-07-08 14:00:00+00:00,2025-08-11 11:00:00+00:00,814,True,0.0
IDERNA7,2025-07-26 06:00:00+00:00,full_outage,full_outage,8.155085918808401e-07,425.0,0.0,2.0387714797021004e-08,0.9999999796122852,2025-07-08 14:00:00+00:00,2025-08-11 11:00:00+00:00,814,True,0.0
IDERNA7,2025-07-26 07:00:00+00:00,full_outage,full_outage,7.822272435140198e-07,426.0,0.0,1.9555681087850496e-08,0.9999999804443189,2025-07-08 14:00:00+00:00,2025-08-11 11:00:00+00:00,814,True,0.0
IDERNA7,2025-07-26 08:00:00+00:00,full_outage,full_outage,7.503041250421895e-07,427.0,0.0,1.8757603126054736e-08,0.9999999812423969,2025-07-08 14:00:00+00:00,2025-08-11 11:00:00+00:00,814,True,0.0
IDERNA7,2025-07-26 09:00:00+00:00,full_outage,full_outage,7.196838063659663e-07,428.0,0.0,1.7992095159149157e-08,0.9999999820079049,2025-07-08 14:00:00+00:00,2025-08-11 11:00:00+00:00,814,True,0.0
IDERNA7,2025-07-26 10:00:00+00:00,full_outage,full_outage,6.903131195184085e-07,429.0,0.0,1.7257827987960214e-08,0.9999999827421721,2025-07-08 14:00:00+00:00,2025-08-11 11:00:00+00:00,814,True,0.0
IDERNA7,2025-07-26 11:00:00+00:00,full_outage,full_outage,6.621410663461772e-07,430.0,0.0,1.655352665865443e-08,0.9999999834464733,2025-07-08 14:00:00+00:00,2025-08-11 11:00:00+00:00,814,True,0.0
IDERNA7,2025-07-26 12:00:00+00:00,full_outage,full_outage,6.35118729958257e-07,431.0,0.0,1.5877968248956425e-08,0.9999999841220317,2025-07-08 14:00:00+00:00,2025-08-11 11:00:00+00:00,814,True,0.0
IDERNA7,2025-07-26 13:00:00+00:00,full_outage,full_outage,6.091991897885052e-07,432.0,0.0,1.522997974471263e-08,0.9999999847700203,2025-07-08 14:00:00+00:00,2025-08-11 11:00:00+00:00,814,True,0.0
IDERNA7,2025-07-26 14:00:00+00:00,full_outage,full_outage,5.843374401245624e-07,433.0,0.0,1.460843600311406e-08,0.999999985391564,2025-07-08 14:00:00+00:00,2025-08-11 11:00:00+00:00,814,True,0.0
IDERNA7,2025-07-26 15:00:00+00:00,full_outage,full_outage,5.604903119616239e-07,434.0,0.0,1.4012257799040597e-08,0.9999999859877422,2025-07-08 14:00:00+00:00,2025-08-11 11:00:00+00:00,814,True,0.0
IDERNA7,2025-07-26 16:00:00+00:00,full_outage,full_outage,5.376163980454009e-07,435.0,0.0,1.3440409951135022e-08,0.9999999865595901,2025-07-08 14:00:00+00:00,2025-08-11 11:00:00+00:00,814,True,0.0
IDERNA7,2025-07-26 17:00:00+00:00,full_outage,full_outage,5.156759809741378e-07,436.0,0.0,1.2891899524353445e-08,0.9999999871081005,2025-07-08 14:00:00+00:00,2025-08-11 11:00:00+00:00,814,True,0.0
IDERNA7,2025-07-26 18:00:00+00:00,full_outage,full_outage,4.946309642348066e-07,437.0,0.0,1.2365774105870167e-08,0.9999999876342259,2025-07-08 14:00:00+00:00,2025-08-11 11:00:00+00:00,814,True,0.0
IDERNA7,2025-07-26 19:00:00+00:00,full_outage,full_outage,4.744448060537532e-07,438.0,0.0,1.186112015134383e-08,0.9999999881388798,2025-07-08 14:00:00+00:00,2025-08-11 11:00:00+00:00,814,True,0.0
IDERNA7,2025-07-26 20:00:00+00:00,full_outage,full_outage,4.550824559469493e-07,439.0,0.0,1.1377061398673733e-08,0.9999999886229386,2025-07-08 14:00:00+00:00,2025-08-11 11:00:00+00:00,814,True,0.0
IDERNA7,2025-07-26 21:00:00+00:00,full_outage,full_outage,4.365102938596487e-07,440.0,0.0,1.0912757346491217e-08,0.9999999890872426,2025-07-08 14:00:00+00:00,2025-08-11 11:00:00+00:00,814,True,0.0
IDERNA7,2025-07-26 22:00:00+00:00,full_outage,full_outage,4.186960717897863e-07,441.0,0.0,1.0467401794744658e-08,0.9999999895325982,2025-07-08 14:00:00+00:00,2025-08-11 11:00:00+00:00,814,True,0.0
IDERNA7,2025-07-26 23:00:00+00:00,full_outage,full_outage,4.016088577937734e-07,442.0,0.0,1.0040221444844335e-08,0.9999999899597786,2025-07-08 14:00:00+00:00,2025-08-11 11:00:00+00:00,814,True,0.0
IDERNA7,2025-07-27 00:00:00+00:00,full_outage,full_outage,3.852189822774315e-07,443.0,0.0,9.630474556935788e-09,0.9999999903695255,2025-07-08 14:00:00+00:00,2025-08-11 11:00:00+00:00,814,True,0.0
IDERNA7,2025-07-27 01:00:00+00:00,full_outage,full_outage,3.694979864788238e-07,444.0,0.0,9.237449661970594e-09,0.9999999907625503,2025-07-08 14:00:00+00:00,2025-08-11 11:00:00+00:00,814,True,0.0
IDERNA7,2025-07-27 02:00:00+00:00,full_outage,full_outage,3.544185730535422e-07,445.0,0.0,8.860464326338556e-09,0.9999999911395356,2025-07-08 14:00:00+00:00,2025-08-11 11:00:00+00:00,814,True,0.0
IDERNA7,2025-07-27 03:00:00+00:00,full_outage,full_outage,3.3995455867662346e-07,446.0,0.0,8.498863966915586e-09,0.999999991501136,2025-07-08 14:00:00+00:00,2025-08-11 11:00:00+00:00,814,True,0.0
IDERNA7,2025-07-27 04:00:00+00:00,full_outage,full_outage,3.260808285788067e-07,447.0,0.0,8.152020714470167e-09,0.9999999918479793,2025-07-08 14:00:00+00:00,2025-08-11 11:00:00+00:00,814,True,0.0
IDERNA7,2025-07-27 05:00:00+00:00,full_outage,full_outage,3.127732929382032e-07,448.0,0.0,7.81933232345508e-09,0.9999999921806677,2025-07-08 14:00:00+00:00,2025-08-11 11:00:00+00:00,814,True,0.0
IDERNA7,2025-07-27 06:00:00+00:00,full_outage,full_outage,3.000088450516333e-07,449.0,0.0,7.500221126290833e-09,0.9999999924997789,2025-07-08 14:00:00+00:00,2025-08-11 11:00:00+00:00,814,True,0.0
IDERNA7,2025-07-27 07:00:00+00:00,full_outage,full_outage,2.8776532121301535e-07,450.0,0.0,7.194133030325383e-09,0.9999999928058669,2025-07-08 14:00:00+00:00,2025-08-11 11:00:00+00:00,814,True,0.0
IDERNA7,2025-07-27 08:00:00+00:00,full_outage,full_outage,2.7602146222914863e-07,451.0,0.0,6.900536555728716e-09,0.9999999930994634,2025-07-08 14:00:00+00:00,2025-08-11 11:00:00+00:00,814,True,0.0
IDERNA7,2025-07-27 09:00:00+00:00,full_outage,full_outage,2.647568765060482e-07,452.0,0.0,6.618921912651205e-09,0.999999993381078,2025-07-08 14:00:00+00:00,2025-08-11 11:00:00+00:00,814,True,0.0
IDERNA7,2025-07-27 10:00:00+00:00,full_outage,full_outage,2.539520046417472e-07,453.0,0.0,6.34880011604368e-09,0.9999999936511998,2025-07-08 14:00:00+00:00,2025-08-11 11:00:00+00:00,814,True,0.0
IDERNA7,2025-07-27 11:00:00+00:00,full_outage,full_outage,2.4358808546409455e-07,454.0,0.0,6.089702136602364e-09,0.9999999939102978,2025-07-08 14:00:00+00:00,2025-08-11 11:00:00+00:00,814,True,0.0
IDERNA7,2025-07-27 12:00:00+00:00,full_outage,full_outage,2.3364712345455978e-07,455.0,0.0,5.841178086363994e-09,0.9999999941588219,2025-07-08 14:00:00+00:00,2025-08-11 11:00:00+00:00,814,True,0.0
IDERNA7,2025-07-27 13:00:00+00:00,full_outage,full_outage,2.241118575014907e-07,456.0,0.0,5.602796437537268e-09,0.9999999943972036,2025-07-08 14:00:00+00:00,2025-08-11 11:00:00+00:00,814,True,0.0
IDERNA7,2025-07-27 14:00:00+00:00,full_outage,full_outage,2.1496573092857516e-07,457.0,0.0,5.374143273214379e-09,0.9999999946258568,2025-07-08 14:00:00+00:00,2025-08-11 11:00:00+00:00,814,True,0.0
IDERNA7,2025-07-27 15:00:00+00:00,full_outage,full_outage,2.0619286274644956e-07,458.0,0.0,5.154821568661239e-09,0.9999999948451784,2025-07-08 14:00:00+00:00,2025-08-11 11:00:00+00:00,814,True,0.0
IDERNA7,2025-07-27 16:00:00+00:00,full_outage,full_outage,1.9777802007754574e-07,459.0,0.0,4.944450501938644e-09,0.9999999950555495,2025-07-08 14:00:00+00:00,2025-08-11 11:00:00+00:00,814,True,0.0
IDERNA7,2025-07-27 17:00:00+00:00,full_outage,full_outage,1.8970659170630114e-07,460.0,0.0,4.7426647926575285e-09,0.9999999952573352,2025-07-08 14:00:00+00:00,2025-08-11 11:00:00+00:00,814,True,0.0
IDERNA7,2025-07-27 18:00:00+00:00,full_outage,full_outage,1.8196456270879235e-07,461.0,0.0,4.549114067719808e-09,0.9999999954508859,2025-07-08 14:00:00+00:00,2025-08-11 11:00:00+00:00,814,True,0.0
IDERNA7,2025-07-27 19:00:00+00:00,full_outage,full_outage,1.7453849011774806e-07,462.0,0.0,4.363462252943702e-09,0.9999999956365377,2025-07-08 14:00:00+00:00,2025-08-11 11:00:00+00:00,814,True,0.0
IDERNA7,2025-07-27 20:00:00+00:00,full_outage,full_outage,1.6741547958069123e-07,463.0,0.0,4.185386989517281e-09,0.999999995814613,2025-07-08 14:00:00+00:00,2025-08-11 11:00:00+00:00,814,True,0.0
IDERNA7,2025-07-27 21:00:00+00:00,full_outage,full_outage,1.6058316297066964e-07,464.0,0.0,4.014579074266741e-09,0.9999999959854209,2025-07-08 14:00:00+00:00,2025-08-11 11:00:00+00:00,814,True,0.0
IDERNA7,2025-07-27 22:00:00+00:00,full_outage,full_outage,1.5402967691070468e-07,465.0,0.0,3.850741922767617e-09,0.999999996149258,2025-07-08 14:00:00+00:00,2025-08-11 11:00:00+00:00,814,True,0.0
IDERNA7,2025-07-27 23:00:00+00:00,full_outage,full_outage,1.477436421746746e-07,466.0,0.0,3.693591054366865e-09,0.9999999963064089,2025-07-08 14:00:00+00:00,2025-08-11 11:00:00+00:00,814,True,0.0
IDERNA7,2025-07-28 00:00:00+00:00,full_outage,full_outage,1.4171414392885322e-07,467.0,0.0,3.542853598221331e-09,0.9999999964571464,2025-07-08 14:00:00+00:00,2025-08-11 11:00:00+00:00,814,True,0.0
IDERNA7,2025-07-28 01:00:00+00:00,full_outage,full_outage,1.3593071277980285e-07,468.0,0.0,3.398267819495071e-09,0.9999999966017322,2025-07-08 14:00:00+00:00,2025-08-11 11:00:00+00:00,814,True,0.0
IDERNA7,2025-07-28 02:00:00+00:00,full_outage,full_outage,1.3038330659571712e-07,469.0,0.0,3.2595826648929283e-09,0.9999999967404173,2025-07-08 14:00:00+00:00,2025-08-11 11:00:00+00:00,814,True,0.0
IDERNA7,2025-07-28 03:00:00+00:00,full_outage,full_outage,1.2506229306964055e-07,470.0,0.0,3.1265573267410133e-09,0.9999999968734427,2025-07-08 14:00:00+00:00,2025-08-11 11:00:00+00:00,814,True,0.0
IDERNA7,2025-07-28 04:00:00+00:00,full_outage,full_outage,1.199584329942923e-07,471.0,0.0,2.9989608248573072e-09,0.9999999970010391,2025-07-08 14:00:00+00:00,2025-08-11 11:00:00+00:00,814,True,0.0
IDERNA7,2025-07-28 05:00:00+00:00,full_outage,full_outage,1.1506286421945802e-07,472.0,0.0,2.8765716054864506e-09,0.9999999971234284,2025-07-08 14:00:00+00:00,2025-08-11 11:00:00+00:00,814,True,0.0
IDERNA7,2025-07-28 06:00:00+00:00,full_outage,full_outage,1.1036708626408468e-07,473.0,0.0,2.759177156602117e-09,0.9999999972408229,2025-07-08 14:00:00+00:00,2025-08-11 11:00:00+00:00,814,True,0.0
IDERNA7,2025-07-28 07:00:00+00:00,full_outage,full_outage,1.0586294555636468e-07,474.0,0.0,2.646573638909117e-09,0.9999999973534264,2025-07-08 14:00:00+00:00,2025-08-11 11:00:00+00:00,814,True,0.0
IDERNA7,2025-07-28 08:00:00+00:00,full_outage,full_outage,1.0154262127618356e-07,475.0,0.0,2.538565531904589e-09,0.9999999974614344,2025-07-08 14:00:00+00:00,2025-08-11 11:00:00+00:00,814,True,0.0
IDERNA7,2025-07-28 09:00:00+00:00,full_outage,full_outage,9.739861177534156e-08,476.0,0.0,2.4349652943835393e-09,0.9999999975650347,2025-07-08 14:00:00+00:00,2025-08-11 11:00:00+00:00,814,True,0.0
IDERNA7,2025-07-28 10:00:00+00:00,full_outage,full_outage,9.342372155197349e-08,477.0,0.0,2.335593038799337e-09,0.999999997664407,2025-07-08 14:00:00+00:00,2025-08-11 11:00:00+00:00,814,True,0.0
IDERNA7,2025-07-28 11:00:00+00:00,full_outage,full_outage,8.961104875655265e-08,478.0,0.0,2.240276218913816e-09,0.9999999977597238,2025-07-08 14:00:00+00:00,2025-08-11 11:00:00+00:00,814,True,0.0
IDERNA7,2025-07-28 12:00:00+00:00,full_outage,full_outage,8.595397320777844e-08,479.0,0.0,2.148849330194461e-09,0.9999999978511507,2025-07-08 14:00:00+00:00,2025-08-11 11:00:00+00:00,814,True,0.0
IDERNA7,2025-07-28 13:00:00+00:00,full_outage,full_outage,8.244614489754232e-08,480.0,0.0,2.061153622438558e-09,0.9999999979388464,2025-07-08 14:00:00+00:00,2025-08-11 11:00:00+00:00,814,True,0.0
IDERNA7,2025-07-28 14:00:00+00:00,full_outage,full_outage,7.908147296501485e-08,481.0,0.0,1.9770368241253713e-09,0.9999999980229631,2025-07-08 14:00:00+00:00,2025-08-11 11:00:00+00:00,814,True,0.0
IDERNA7,2025-07-28 15:00:00+00:00,full_outage,full_outage,7.585411512070378e-08,482.0,0.0,1.8963528780175942e-09,0.9999999981036471,2025-07-08 14:00:00+00:00,2025-08-11 11:00:00+00:00,814,True,0.0
IDERNA7,2025-07-28 16:00:00+00:00,full_outage,full_outage,7.275846750212183e-08,483.0,0.0,1.8189616875530459e-09,0.9999999981810384,2025-07-08 14:00:00+00:00,2025-08-11 11:00:00+00:00,814,True,0.0
IDERNA7,2025-07-28 17:00:00+00:00,full_outage,full_outage,6.978915494345303e-08,484.0,0.0,1.7447288735863259e-09,0.9999999982552711,2025-07-08 14:00:00+00:00,2025-08-11 11:00:00+00:00,814,True,0.0
IDERNA7,2025-07-28 18:00:00+00:00,full_outage,full_outage,6.69410216423164e-08,485.0,0.0,1.6735255410579101e-09,0.9999999983264745,2025-07-08 14:00:00+00:00,2025-08-11 11:00:00+00:00,814,True,0.0
IDERNA7,2025-07-28 19:00:00+00:00,full_outage,full_outage,6.420912220742447e-08,486.0,0.0,1.6052280551856116e-09,0.9999999983947719,2025-07-08 14:00:00+00:00,2025-08-11 11:00:00+00:00,814,True,0.0
IDERNA7,2025-07-28 20:00:00+00:00,full_outage,full_outage,6.158871307159371e-08,487.0,0.0,1.5397178267898427e-09,0.9999999984602822,2025-07-08 14:00:00+00:00,2025-08-11 11:00:00+00:00,814,True,0.0
IDERNA7,2025-07-28 21:00:00+00:00,full_outage,full_outage,5.9075244255192594e-08,488.0,0.0,1.4768811063798148e-09,0.9999999985231189,2025-07-08 14:00:00+00:00,2025-08-11 11:00:00+00:00,814,True,0.0
IDERNA7,2025-07-28 22:00:00+00:00,full_outage,full_outage,5.6664351465727844e-08,489.0,0.0,1.4166087866431961e-09,0.9999999985833912,2025-07-08 14:00:00+00:00,2025-08-11 11:00:00+00:00,814,True,0.0
IDERNA7,2025-07-28 23:00:00+00:00,full_outage,full_outage,5.4351848519852827e-08,490.0,0.0,1.3587962129963207e-09,0.9999999986412038,2025-07-08 14:00:00+00:00,2025-08-11 11:00:00+00:00,814,True,0.0
IDERNA7,2025-07-29 00:00:00+00:00,full_outage,full_outage,5.213372007463588e-08,491.0,0.0,1.3033430018658968e-09,0.999999998696657,2025-07-08 14:00:00+00:00,2025-08-11 11:00:00+00:00,814,True,0.0
IDERNA7,2025-07-29 01:00:00+00:00,full_outage,full_outage,5.0006114655469704e-08,492.0,0.0,1.2501528663867426e-09,0.9999999987498471,2025-07-08 14:00:00+00:00,2025-08-11 11:00:00+00:00,814,True,0.0
IDERNA7,2025-07-29 02:00:00+00:00,full_outage,full_outage,4.796533796851725e-08,493.0,0.0,1.1991334492129313e-09,0.9999999988008665,2025-07-08 14:00:00+00:00,2025-08-11 11:00:00+00:00,814,True,0.0
IDERNA7,2025-07-29 03:00:00+00:00,full_outage,full_outage,4.60078464860785e-08,494.0,0.0,1.1501961621519626e-09,0.9999999988498038,2025-07-08 14:00:00+00:00,2025-08-11 11:00:00+00:00,814,True,0.0
IDERNA7,2025-07-29 04:00:00+00:00,full_outage,full_outage,4.413024129374216e-08,495.0,0.0,1.103256032343554e-09,0.999999998896744,2025-07-08 14:00:00+00:00,2025-08-11 11:00:00+00:00,814,True,0.0
IDERNA7,2025-07-29 05:00:00+00:00,full_outage,full_outage,4.232926218863976e-08,496.0,0.0,1.0582315547159941e-09,0.9999999989417685,2025-07-08 14:00:00+00:00,2025-08-11 11:00:00+00:00,814,True,0.0
IDERNA7,2025-07-29 06:00:00+00:00,full_outage,full_outage,4.0601782018551847e-08,497.0,0.0,1.015044550463796e-09,0.9999999989849554,2025-07-08 14:00:00+00:00,2025-08-11 11:00:00+00:00,814,True,0.0
IDERNA7,2025-07-29 07:00:00+00:00,full_outage,full_outage,3.894480125203826e-08,498.0,0.0,9.736200313009565e-10,0.9999999990263799,2025-07-08 14:00:00+00:00,2025-08-11 11:00:00+00:00,814,True,0.0
IDERNA7,2025-07-29 08:00:00+00:00,full_outage,full_outage,3.735544277016583e-08,499.0,0.0,9.338860692541455e-10,0.9999999990661139,2025-07-08 14:00:00+00:00,2025-08-11 11:00:00+00:00,814,True,0.0
IDERNA7,2025-07-29 09:00:00+00:00,full_outage,full_outage,3.583094687078692e-08,500.0,0.0,8.95773671769673e-10,0.9999999991042263,2025-07-08 14:00:00+00:00,2025-08-11 11:00:00+00:00,814,True,0.0
IDERNA7,2025-07-29 10:00:00+00:00,full_outage,full_outage,3.436866647669643e-08,501.0,0.0,8.592166619174109e-10,0.9999999991407833,2025-07-08 14:00:00+00:00,2025-08-11 11:00:00+00:00,814,True,0.0
IDERNA7,2025-07-29 11:00:00+00:00,full_outage,full_outage,3.2966062539347454e-08,502.0,0.0,8.241515634836864e-10,0.9999999991758485,2025-07-08 14:00:00+00:00,2025-08-11 11:00:00+00:00,814,True,0.0
IDERNA7,2025-07-29 12:00:00+00:00,full_outage,full_outage,3.162069963014266e-08,503.0,0.0,7.905174907535665e-10,0.9999999992094825,2025-07-08 14:00:00+00:00,2025-08-11 11:00:00+00:00,814,True,0.0
IDERNA7,2025-07-29 13:00:00+00:00,full_outage,full_outage,3.033024171164762e-08,504.0,0.0,7.582560427911907e-10,0.999999999241744,2025-07-08 14:00:00+00:00,2025-08-11 11:00:00+00:00,814,True,0.0
IDERNA7,2025-07-29 14:00:00+00:00,full_outage,full_outage,2.9092448081384193e-08,505.0,0.0,7.273112020346048e-10,0.9999999992726888,2025-07-08 14:00:00+00:00,2025-08-11 11:00:00+00:00,814,True,0.0
IDERNA7,2025-07-29 15:00:00+00:00,full_outage,full_outage,2.7905169481158755e-08,506.0,0.0,6.976292370289689e-10,0.9999999993023707,2025-07-08 14:00:00+00:00,2025-08-11 11:00:00+00:00,814,True,0.0
IDERNA7,2025-07-29 16:00:00+00:00,full_outage,full_outage,2.6766344365171127e-08,507.0,0.0,6.691586091292782e-10,0.9999999993308414,2025-07-08 14:00:00+00:00,2025-08-11 11:00:00+00:00,814,True,0.0
IDERNA7,2025-07-29 17:00:00+00:00,full_outage,full_outage,2.5673995320424706e-08,508.0,0.0,6.418498830106176e-10,0.9999999993581501,2025-07-08 14:00:00+00:00,2025-08-11 11:00:00+00:00,814,True,0.0
IDERNA7,2025-07-29 18:00:00+00:00,full_outage,full_outage,2.4626225633220782e-08,509.0,0.0,6.156556408305196e-10,0.9999999993843444,2025-07-08 14:00:00+00:00,2025-08-11 11:00:00+00:00,814,True,0.0
IDERNA7,2025-07-29 19:00:00+00:00,full_outage,full_outage,2.3621215995776157e-08,510.0,0.0,5.905303998944039e-10,0.9999999994094696,2025-07-08 14:00:00+00:00,2025-08-11 11:00:00+00:00,814,True,0.0
IDERNA7,2025-07-29 20:00:00+00:00,full_outage,full_outage,2.2657221347246202e-08,511.0,0.0,5.66430533681155e-10,0.9999999994335694,2025-07-08 14:00:00+00:00,2025-08-11 11:00:00+00:00,814,True,0.0
IDERNA7,2025-07-29 21:00:00+00:00,full_outage,full_outage,2.173256784366671e-08,512.0,0.0,5.433141960916677e-10,0.9999999994566858,2025-07-08 14:00:00+00:00,2025-08-11 11:00:00+00:00,814,True,0.0
IDERNA7,2025-07-29 22:00:00+00:00,full_outage,full_outage,2.0845649951554157e-08,513.0,0.0,5.211412487888539e-10,0.9999999994788588,2025-07-08 14:00:00+00:00,2025-08-11 11:00:00+00:00,814,True,0.0
IDERNA7,2025-07-29 23:00:00+00:00,full_outage,full_outage,1.9994927660118347e-08,514.0,0.0,4.998731915029586e-10,0.9999999995001269,2025-07-08 14:00:00+00:00,2025-08-11 11:00:00+00:00,814,True,0.0
IDERNA7,2025-07-30 00:00:00+00:00,full_outage,full_outage,1.917892380724545e-08,515.0,0.0,4.794730951811363e-10,0.9999999995205269,2025-07-08 14:00:00+00:00,2025-08-11 11:00:00+00:00,814,True,0.0
IDERNA7,2025-07-30 01:00:00+00:00,full_outage,full_outage,1.8396221514609268e-08,516.0,0.0,4.5990553786523166e-10,0.9999999995400944,2025-07-08 14:00:00+00:00,2025-08-11 11:00:00+00:00,814,True,0.0
IDERNA7,2025-07-30 02:00:00+00:00,full_outage,full_outage,1.764546172745749e-08,517.0,0.0,4.4113654318643727e-10,0.9999999995588634,2025-07-08 14:00:00+00:00,2025-08-11 11:00:00+00:00,814,True,0.0
IDERNA7,2025-07-30 03:00:00+00:00,full_outage,full_outage,1.6925340854800064e-08,518.0,0.0,4.2313352137000164e-10,0.9999999995768665,2025-07-08 14:00:00+00:00,2025-08-11 11:00:00+00:00,814,True,0.0
IDERNA7,2025-07-30 04:00:00+00:00,full_outage,full_outage,1.6234608505902773e-08,519.0,0.0,4.058652126475693e-10,0.9999999995941348,2025-07-08 14:00:00+00:00,2025-08-11 11:00:00+00:00,814,True,0.0
IDERNA7,2025-07-30 05:00:00+00:00,full_outage,full_outage,1.557206531915626e-08,520.0,0.0,3.893016329789065e-10,0.9999999996106984,2025-07-08 14:00:00+00:00,2025-08-11 11:00:00+00:00,814,True,0.0
IDERNA7,2025-07-30 06:00:00+00:00,full_outage,full_outage,1.4936560879549565e-08,521.0,0.0,3.7341402198873914e-10,0.9999999996265859,2025-07-08 14:00:00+00:00,2025-08-11 11:00:00+00:00,814,True,0.0
IDERNA7,2025-07-30 07:00:00+00:00,full_outage,full_outage,1.4326991721132721e-08,522.0,0.0,3.581747930283181e-10,0.9999999996418252,2025-07-08 14:00:00+00:00,2025-08-11 11:00:00+00:00,814,True,0.0
IDERNA7,2025-07-30 08:00:00+00:00,full_outage,full_outage,1.3742299411000398e-08,523.0,0.0,3.4355748527500996e-10,0.9999999996564425,2025-07-08 14:00:00+00:00,2025-08-11 11:00:00+00:00,814,True,0.0
IDERNA7,2025-07-30 09:00:00+00:00,full_outage,full_outage,1.3181468711468731e-08,524.0,0.0,3.295367177867183e-10,0.9999999996704633,2025-07-08 14:00:00+00:00,2025-08-11 11:00:00+00:00,814,True,0.0
IDERNA7,2025-07-30 10:00:00+00:00,full_outage,full_outage,1.264352581725477e-08,525.0,0.0,3.1608814543136926e-10,0.9999999996839118,2025-07-08 14:00:00+00:00,2025-08-11 11:00:00+00:00,814,True,0.0
IDERNA7,2025-07-30 11:00:00+00:00,full_outage,full_outage,1.2127536664597961e-08,526.0,0.0,3.03188416614949e-10,0.9999999996968116,2025-07-08 14:00:00+00:00,2025-08-11 11:00:00+00:00,814,True,0.0
IDERNA7,2025-07-30 12:00:00+00:00,full_outage,full_outage,1.1632605309386914e-08,527.0,0.0,2.9081513273467286e-10,0.9999999997091849,2025-07-08 14:00:00+00:00,2025-08-11 11:00:00+00:00,814,True,0.0
IDERNA7,2025-07-30 13:00:00+00:00,full_outage,full_outage,1.1157872371475698e-08,528.0,0.0,2.7894680928689246e-10,0.9999999997210532,2025-07-08 14:00:00+00:00,2025-08-11 11:00:00+00:00,814,True,0.0
IDERNA7,2025-07-30 14:00:00+00:00,full_outage,full_outage,1.0702513542488816e-08,529.0,0.0,2.675628385622204e-10,0.9999999997324371,2025-07-08 14:00:00+00:00,2025-08-11 11:00:00+00:00,814,True,0.0
IDERNA7,2025-07-30 15:00:00+00:00,full_outage,full_outage,1.0265738154523072e-08,530.0,0.0,2.566434538630768e-10,0.9999999997433565,2025-07-08 14:00:00+00:00,2025-08-11 11:00:00+00:00,814,True,0.0
IDERNA7,2025-07-30 16:00:00+00:00,full_outage,full_outage,9.846787807261538e-09,531.0,0.0,2.4616969518153846e-10,0.9999999997538304,2025-07-08 14:00:00+00:00,2025-08-11 11:00:00+00:00,814,True,0.0
IDERNA7,2025-07-30 17:00:00+00:00,full_outage,full_outage,9.444935051116066e-09,532.0,0.0,2.3612337627790166e-10,0.9999999997638767,2025-07-08 14:00:00+00:00,2025-08-11 11:00:00+00:00,814,True,0.0
IDERNA7,2025-07-30 18:00:00+00:00,full_outage,full_outage,9.05948212411111e-09,533.0,0.0,2.2648705310277777e-10,0.999999999773513,2025-07-08 14:00:00+00:00,2025-08-11 11:00:00+00:00,814,True,0.0
IDERNA7,2025-07-30 19:00:00+00:00,full_outage,full_outage,8.689759740316068e-09,534.0,0.0,2.172439935079017e-10,0.999999999782756,2025-07-08 14:00:00+00:00,2025-08-11 11:00:00+00:00,814,True,0.0
IDERNA7,2025-07-30 20:00:00+00:00,full_outage,full_outage,8.335125927722606e-09,535.0,0.0,2.0837814819306512e-10,0.9999999997916218,2025-07-08 14:00:00+00:00,2025-08-11 11:00:00+00:00,814,True,0.0
IDERNA7,2025-07-30 21:00:00+00:00,full_outage,full_outage,7.994964913548565e-09,536.0,0.0,1.9987412283871416e-10,0.9999999998001259,2025-07-08 14:00:00+00:00,2025-08-11 11:00:00+00:00,814,True,0.0
IDERNA7,2025-07-30 22:00:00+00:00,full_outage,full_outage,7.668686055033248e-09,537.0,0.0,1.917171513758312e-10,0.9999999998082828,2025-07-08 14:00:00+00:00,2025-08-11 11:00:00+00:00,814,True,0.0
IDERNA7,2025-07-30 23:00:00+00:00,full_outage,full_outage,7.355722813867752e-09,538.0,0.0,1.8389307034669378e-10,0.9999999998161069,2025-07-08 14:00:00+00:00,2025-08-11 11:00:00+00:00,814,True,0.0
IDERNA7,2025-07-31 00:00:00+00:00,full_outage,full_outage,7.055531772479126e-09,539.0,0.0,1.7638829431197818e-10,0.9999999998236117,2025-07-08 14:00:00+00:00,2025-08-11 11:00:00+00:00,814,True,0.0
IDERNA7,2025-07-31 01:00:00+00:00,full_outage,full_outage,6.7675916904605225e-09,540.0,0.0,1.6918979226151304e-10,0.9999999998308102,2025-07-08 14:00:00+00:00,2025-08-11 11:00:00+00:00,814,True,0.0
IDERNA7,2025-07-31 02:00:00+00:00,full_outage,full_outage,6.491402599509134e-09,541.0,0.0,1.6228506498772837e-10,0.9999999998377149,2025-07-08 14:00:00+00:00,2025-08-11 11:00:00+00:00,814,True,0.0
IDERNA7,2025-07-31 03:00:00+00:00,full_outage,full_outage,6.226484935300029e-09,542.0,0.0,1.5566212338250075e-10,0.9999999998443379,2025-07-08 14:00:00+00:00,2025-08-11 11:00:00+00:00,814,True,0.0
IDERNA7,2025-07-31 04:00:00+00:00,full_outage,full_outage,5.972378704788656e-09,543.0,0.0,1.493094676197164e-10,0.9999999998506905,2025-07-08 14:00:00+00:00,2025-08-11 11:00:00+00:00,814,True,0.0
IDERNA7,2025-07-31 05:00:00+00:00,full_outage,full_outage,5.728642687496402e-09,544.0,0.0,1.4321606718741005e-10,0.9999999998567839,2025-07-08 14:00:00+00:00,2025-08-11 11:00:00+00:00,814,True,0.0
IDERNA7,2025-07-31 06:00:00+00:00,full_outage,full_outage,5.494853669391921e-09,545.0,0.0,1.3737134173479804e-10,0.9999999998626287,2025-07-08 14:00:00+00:00,2025-08-11 11:00:00+00:00,814,True,0.0
IDERNA7,2025-07-31 07:00:00+00:00,full_outage,full_outage,5.270605708038187e-09,546.0,0.0,1.3176514270095466e-10,0.9999999998682348,2025-07-08 14:00:00+00:00,2025-08-11 11:00:00+00:00,814,True,0.0
IDERNA7,2025-07-31 08:00:00+00:00,full_outage,full_outage,5.055509427729467e-09,547.0,0.0,1.2638773569323668e-10,0.9999999998736122,2025-07-08 14:00:00+00:00,2025-08-11 11:00:00+00:00,814,True,0.0
IDERNA7,2025-07-31 09:00:00+00:00,full_outage,full_outage,4.8491913433939684e-09,548.0,0.0,1.2122978358484923e-10,0.9999999998787702,2025-07-08 14:00:00+00:00,2025-08-11 11:00:00+00:00,814,True,0.0
IDERNA7,2025-07-31 10:00:00+00:00,full_outage,full_outage,4.6512932120883874e-09,549.0,0.0,1.162823303022097e-10,0.9999999998837177,2025-07-08 14:00:00+00:00,2025-08-11 11:00:00+00:00,814,True,0.0
IDERNA7,2025-07-31 11:00:00+00:00,full_outage,full_outage,4.461471410958475e-09,550.0,0.0,1.1153678527396188e-10,0.9999999998884632,2025-07-08 14:00:00+00:00,2025-08-11 11:00:00+00:00,814,True,0.0
IDERNA7,2025-07-31 12:00:00+00:00,full_outage,full_outage,4.279396340585211e-09,551.0,0.0,1.0698490851463027e-10,0.9999999998930151,2025-07-08 14:00:00+00:00,2025-08-11 11:00:00+00:00,814,True,0.0
IDERNA7,2025-07-31 13:00:00+00:00,full_outage,full_outage,4.104751852680756e-09,552.0,0.0,1.026187963170189e-10,0.9999999998973812,2025-07-08 14:00:00+00:00,2025-08-11 11:00:00+00:00,814,True,0.0
IDERNA7,2025-07-31 14:00:00+00:00,full_outage,full_outage,3.937234701140578e-09,553.0,0.0,9.843086752851447e-11,0.9999999999015692,2025-07-08 14:00:00+00:00,2025-08-11 11:00:00+00:00,814,True,0.0
IDERNA7,2025-07-31 15:00:00+00:00,full_outage,full_outage,3.7765540154983006e-09,554.0,0.0,9.441385038745752e-11,0.9999999999055862,2025-07-08 14:00:00+00:00,2025-08-11 11:00:00+00:00,814,True,0.0
IDERNA7,2025-07-31 16:00:00+00:00,full_outage,full_outage,3.6224307958691466e-09,555.0,0.0,9.056076989672867e-11,0.9999999999094392,2025-07-08 14:00:00+00:00,2025-08-11 11:00:00+00:00,814,True,0.0
IDERNA7,2025-07-31 17:00:00+00:00,full_outage,full_outage,3.4745974285051464e-09,556.0,0.0,8.686493571262866e-11,0.999999999913135,2025-07-08 14:00:00+00:00,2025-08-11 11:00:00+00:00,814,True,0.0
IDERNA7,2025-07-31 18:00:00+00:00,full_outage,full_outage,3.3327972211206667e-09,557.0,0.0,8.331993052801667e-11,0.9999999999166801,2025-07-08 14:00:00+00:00,2025-08-11 11:00:00+00:00,814,True,0.0
IDERNA7,2025-07-31 19:00:00+00:00,full_outage,full_outage,3.196783957181573e-09,558.0,0.0,7.991959892953932e-11,0.9999999999200804,2025-07-08 14:00:00+00:00,2025-08-11 11:00:00+00:00,814,True,0.0
IDERNA7,2025-07-31 20:00:00+00:00,full_outage,full_outage,3.0663214683841915e-09,559.0,0.0,7.665803670960479e-11,0.999999999923342,2025-07-08 14:00:00+00:00,2025-08-11 11:00:00+00:00,814,True,0.0
IDERNA7,2025-07-31 21:00:00+00:00,full_outage,full_outage,2.9411832245815353e-09,560.0,0.0,7.352958061453838e-11,0.9999999999264704,2025-07-08 14:00:00+00:00,2025-08-11 11:00:00+00:00,814,True,0.0
IDERNA7,2025-07-31 22:00:00+00:00,full_outage,full_outage,2.8211519404448642e-09,561.0,0.0,7.05287985111216e-11,0.9999999999294712,2025-07-08 14:00:00+00:00,2025-08-11 11:00:00+00:00,814,True,0.0
IDERNA7,2025-07-31 23:00:00+00:00,full_outage,full_outage,2.7060191981776974e-09,562.0,0.0,6.765047995444243e-11,0.9999999999323496,2025-07-08 14:00:00+00:00,2025-08-11 11:00:00+00:00,814,True,0.0
IDERNA7,2025-08-01 00:00:00+00:00,full_outage,full_outage,2.595585085626977e-09,563.0,0.0,6.488962714067443e-11,0.9999999999351104,2025-07-08 14:00:00+00:00,2025-08-11 11:00:00+00:00,814,True,0.0
IDERNA7,2025-08-01 01:00:00+00:00,full_outage,full_outage,2.4896578491631133e-09,564.0,0.0,6.224144622907783e-11,0.9999999999377586,2025-07-08 14:00:00+00:00,2025-08-11 11:00:00+00:00,814,True,0.0
IDERNA7,2025-08-01 02:00:00+00:00,full_outage,full_outage,2.3880535607262683e-09,565.0,0.0,5.970133901815671e-11,0.9999999999402986,2025-07-08 14:00:00+00:00,2025-08-11 11:00:00+00:00,814,True,0.0
IDERNA7,2025-08-01 03:00:00+00:00,full_outage,full_outage,2.290595798460579e-09,566.0,0.0,5.726489496151448e-11,0.9999999999427351,2025-07-08 14:00:00+00:00,2025-08-11 11:00:00+00:00,814,True,0.0
IDERNA7,2025-08-01 04:00:00+00:00,full_outage,full_outage,2.1971153403818736e-09,567.0,0.0,5.4927883509546835e-11,0.9999999999450722,2025-07-08 14:00:00+00:00,2025-08-11 11:00:00+00:00,814,True,0.0
IDERNA7,2025-08-01 05:00:00+00:00,full_outage,full_outage,2.1074498705470454e-09,568.0,0.0,5.2686246763676146e-11,0.9999999999473137,2025-07-08 14:00:00+00:00,2025-08-11 11:00:00+00:00,814,True,0.0
IDERNA7,2025-08-01 06:00:00+00:00,full_outage,full_outage,2.0214436972147496e-09,569.0,0.0,5.0536092430368735e-11,0.9999999999494639,2025-07-08 14:00:00+00:00,2025-08-11 11:00:00+00:00,814,True,0.0
IDERNA7,2025-08-01 07:00:00+00:00,full_outage,full_outage,1.938947482508102e-09,570.0,0.0,4.8473687062702556e-11,0.9999999999515263,2025-07-08 14:00:00+00:00,2025-08-11 11:00:00+00:00,814,True,0.0
IDERNA7,2025-08-01 08:00:00+00:00,full_outage,full_outage,1.8598179831100746e-09,571.0,0.0,4.6495449577751864e-11,0.9999999999535045,2025-07-08 14:00:00+00:00,2025-08-11 11:00:00+00:00,814,True,0.0
IDERNA7,2025-08-01 09:00:00+00:00,full_outage,full_outage,1.783917801541169e-09,572.0,0.0,4.459794503852922e-11,0.999999999955402,2025-07-08 14:00:00+00:00,2025-08-11 11:00:00+00:00,814,True,0.0
IDERNA7,2025-08-01 10:00:00+00:00,full_outage,full_outage,1.7111151475875994e-09,573.0,0.0,4.277787868968998e-11,0.9999999999572221,2025-07-08 14:00:00+00:00,2025-08-11 11:00:00+00:00,814,True,0.0
IDERNA7,2025-08-01 11:00:00+00:00,full_outage,full_outage,1.6412836094657703e-09,574.0,0.0,4.1032090236644254e-11,0.9999999999589679,2025-07-08 14:00:00+00:00,2025-08-11 11:00:00+00:00,814,True,0.0
IDERNA7,2025-08-01 12:00:00+00:00,full_outage,full_outage,1.5743019343256026e-09,575.0,0.0,3.9357548358140067e-11,0.9999999999606425,2025-07-08 14:00:00+00:00,2025-08-11 11:00:00+00:00,814,True,0.0
IDERNA7,2025-08-01 13:00:00+00:00,full_outage,full_outage,1.5100538177116392e-09,576.0,0.0,3.775134544279098e-11,0.9999999999622486,2025-07-08 14:00:00+00:00,2025-08-11 11:00:00+00:00,814,True,0.0
IDERNA7,2025-08-01 14:00:00+00:00,full_outage,full_outage,1.4484277016164067e-09,577.0,0.0,3.621069254041017e-11,0.9999999999637893,2025-07-08 14:00:00+00:00,2025-08-11 11:00:00+00:00,814,True,0.0
IDERNA7,2025-08-01 15:00:00+00:00,full_outage,full_outage,1.3893165807752816e-09,578.0,0.0,3.4732914519382036e-11,0.9999999999652671,2025-07-08 14:00:00+00:00,2025-08-11 11:00:00+00:00,814,True,0.0
IDERNA7,2025-08-01 16:00:00+00:00,full_outage,full_outage,1.3326178168665647e-09,579.0,0.0,3.331544542166412e-11,0.9999999999666845,2025-07-08 14:00:00+00:00,2025-08-11 11:00:00+00:00,814,True,0.0
IDERNA7,2025-08-01 17:00:00+00:00,full_outage,full_outage,1.278232960294204e-09,580.0,0.0,3.1955824007355095e-11,0.9999999999680442,2025-07-08 14:00:00+00:00,2025-08-11 11:00:00+00:00,814,True,0.0
IDERNA7,2025-08-01 18:00:00+00:00,full_outage,full_outage,1.226067579243607e-09,581.0,0.0,3.065168948109017e-11,0.9999999999693483,2025-07-08 14:00:00+00:00,2025-08-11 11:00:00+00:00,814,True,0.0
IDERNA7,2025-08-01 19:00:00+00:00,full_outage,full_outage,1.1760310957137892e-09,582.0,0.0,2.9400777392844726e-11,0.9999999999705992,2025-07-08 14:00:00+00:00,2025-08-11 11:00:00+00:00,814,True,0.0
IDERNA7,2025-08-01 20:00:00+00:00,full_outage,full_outage,1.128036628241173e-09,583.0,0.0,2.820091570602932e-11,0.9999999999717991,2025-07-08 14:00:00+00:00,2025-08-11 11:00:00+00:00,814,True,0.0
IDERNA7,2025-08-01 21:00:00+00:00,full_outage,full_outage,1.0820008410418762e-09,584.0,0.0,2.70500210260469e-11,0.99999999997295,2025-07-08 14:00:00+00:00,2025-08-11 11:00:00+00:00,814,True,0.0
IDERNA7,2025-08-01 22:00:00+00:00,full_outage,full_outage,1.037843799310587e-09,585.0,0.0,2.5946094982764667e-11,0.9999999999740539,2025-07-08 14:00:00+00:00,2025-08-11 11:00:00+00:00,814,True,0.0
IDERNA7,2025-08-01 23:00:00+00:00,full_outage,full_outage,9.954888304248058e-10,586.0,0.0,2.4887220760620143e-11,0.9999999999751128,2025-07-08 14:00:00+00:00,2025-08-11 11:00:00+00:00,814,True,0.0
IDERNA7,2025-08-02 00:00:00+00:00,full_outage,full_outage,9.548623908133827e-10,587.0,0.0,2.3871559770334566e-11,0.9999999999761284,2025-07-08 14:00:00+00:00,2025-08-11 11:00:00+00:00,814,True,0.0
IDERNA7,2025-08-02 01:00:00+00:00,full_outage,full_outage,9.158939382582213e-10,588.0,0.0,2.289734845645553e-11,0.9999999999771026,2025-07-08 14:00:00+00:00,2025-08-11 11:00:00+00:00,814,True,0.0
IDERNA7,2025-08-02 02:00:00+00:00,full_outage,full_outage,8.785158094074526e-10,589.0,0.0,2.1962895235186317e-11,0.9999999999780371,2025-07-08 14:00:00+00:00,2025-08-11 11:00:00+00:00,814,True,0.0
IDERNA7,2025-08-02 03:00:00+00:00,full_outage,full_outage,8.426631022873316e-10,590.0,0.0,2.106657755718329e-11,0.9999999999789334,2025-07-08 14:00:00+00:00,2025-08-11 11:00:00+00:00,814,True,0.0
IDERNA7,2025-08-02 04:00:00+00:00,full_outage,full_outage,8.082735636088867e-10,591.0,0.0,2.020683909022217e-11,0.9999999999797932,2025-07-08 14:00:00+00:00,2025-08-11 11:00:00+00:00,814,True,0.0
IDERNA7,2025-08-02 05:00:00+00:00,full_outage,full_outage,7.752874806736756e-10,592.0,0.0,1.9382187016841893e-11,0.9999999999806178,2025-07-08 14:00:00+00:00,2025-08-11 11:00:00+00:00,814,True,0.0
IDERNA7,2025-08-02 06:00:00+00:00,full_outage,full_outage,7.43647577690896e-10,593.0,0.0,1.8591189442272405e-11,0.9999999999814088,2025-07-08 14:00:00+00:00,2025-08-11 11:00:00+00:00,814,True,0.0
IDERNA7,2025-08-02 07:00:00+00:00,full_outage,full_outage,7.132989163258556e-10,594.0,0.0,1.783247290814639e-11,0.9999999999821675,2025-07-08 14:00:00+00:00,2025-08-11 11:00:00+00:00,814,True,0.0
IDERNA7,2025-08-02 08:00:00+00:00,full_outage,full_outage,6.841888003071331e-10,595.0,0.0,1.710472000767833e-11,0.9999999999828952,2025-07-08 14:00:00+00:00,2025-08-11 11:00:00+00:00,814,True,0.0
IDERNA7,2025-08-02 09:00:00+00:00,full_outage,full_outage,6.562666839267531e-10,596.0,0.0,1.640666709816883e-11,0.9999999999835933,2025-07-08 14:00:00+00:00,2025-08-11 11:00:00+00:00,814,True,0.0
IDERNA7,2025-08-02 10:00:00+00:00,full_outage,full_outage,6.294840842745161e-10,597.0,0.0,1.57371021068629e-11,0.9999999999842629,2025-07-08 14:00:00+00:00,2025-08-11 11:00:00+00:00,814,True,0.0
IDERNA7,2025-08-02 11:00:00+00:00,full_outage,full_outage,6.037944970541153e-10,598.0,0.0,1.5094862426352884e-11,0.9999999999849052,2025-07-08 14:00:00+00:00,2025-08-11 11:00:00+00:00,814,True,0.0
IDERNA7,2025-08-02 12:00:00+00:00,full_outage,full_outage,5.791533158348233e-10,599.0,0.0,1.4478832895870585e-11,0.9999999999855211,2025-07-08 14:00:00+00:00,2025-08-11 11:00:00+00:00,814,True,0.0
IDERNA7,2025-08-02 13:00:00+00:00,full_outage,full_outage,5.555177545985609e-10,600.0,0.0,1.3887943864964021e-11,0.9999999999861121,2025-07-08 14:00:00+00:00,2025-08-11 11:00:00+00:00,814,True,0.0
IDERNA7,2025-08-02 14:00:00+00:00,full_outage,full_outage,5.328467734478805e-10,601.0,0.0,1.332116933619701e-11,0.9999999999866789,2025-07-08 14:00:00+00:00,2025-08-11 11:00:00+00:00,814,True,0.0
IDERNA7,2025-08-02 15:00:00+00:00,full_outage,full_outage,5.111010073458296e-10,602.0,0.0,1.2777525183645739e-11,0.9999999999872224,2025-07-08 14:00:00+00:00,2025-08-11 11:00:00+00:00,814,True,0.0
IDERNA7,2025-08-02 16:00:00+00:00,full_outage,full_outage,4.902426977639793e-10,603.0,0.0,1.2256067444099483e-11,0.9999999999877439,2025-07-08 14:00:00+00:00,2025-08-11 11:00:00+00:00,814,True,0.0
IDERNA7,2025-08-02 17:00:00+00:00,full_outage,full_outage,4.7023562711995e-10,604.0,0.0,1.1755890677998751e-11,0.9999999999882441,2025-07-08 14:00:00+00:00,2025-08-11 11:00:00+00:00,814,True,0.0
IDERNA7,2025-08-02 18:00:00+00:00,full_outage,full_outage,4.5104505589056116e-10,605.0,0.0,1.1276126397264028e-11,0.9999999999887239,2025-07-08 14:00:00+00:00,2025-08-11 11:00:00+00:00,814,True,0.0
IDERNA7,2025-08-02 19:00:00+00:00,full_outage,full_outage,4.3263766229142775e-10,606.0,0.0,1.0815941557285693e-11,0.9999999999891841,2025-07-08 14:00:00+00:00,2025-08-11 11:00:00+00:00,814,True,0.0
IDERNA7,2025-08-02 20:00:00+00:00,full_outage,full_outage,4.1498148441828073e-10,607.0,0.0,1.0374537110457018e-11,0.9999999999896254,2025-07-08 14:00:00+00:00,2025-08-11 11:00:00+00:00,814,True,0.0
IDERNA7,2025-08-02 21:00:00+00:00,full_outage,full_outage,3.980458647495159e-10,608.0,0.0,9.951146618737898e-12,0.9999999999900488,2025-07-08 14:00:00+00:00,2025-08-11 11:00:00+00:00,814,True,0.0
IDERNA7,2025-08-02 22:00:00+00:00,full_outage,full_outage,3.818013969136252e-10,609.0,0.0,9.545034922840628e-12,0.999999999990455,2025-07-08 14:00:00+00:00,2025-08-11 11:00:00+00:00,814,True,0.0
IDERNA7,2025-08-02 23:00:00+00:00,full_outage,full_outage,3.6621987462909026e-10,610.0,0.0,9.155496865727257e-12,0.9999999999908445,2025-07-08 14:00:00+00:00,2025-08-11 11:00:00+00:00,814,True,0.0
IDERNA7,2025-08-03 00:00:00+00:00,full_outage,full_outage,3.5127424272805457e-10,611.0,0.0,8.781856068201364e-12,0.9999999999912181,2025-07-08 14:00:00+00:00,2025-08-11 11:00:00+00:00,814,True,0.0
IDERNA7,2025-08-03 01:00:00+00:00,full_outage,full_outage,3.3693855017874585e-10,612.0,0.0,8.423463754468647e-12,0.9999999999915765,2025-07-08 14:00:00+00:00,2025-08-11 11:00:00+00:00,814,True,0.0
IDERNA7,2025-08-03 02:00:00+00:00,full_outage,full_outage,3.23187905025091e-10,613.0,0.0,8.079697625627275e-12,0.9999999999919204,2025-07-08 14:00:00+00:00,2025-08-11 11:00:00+00:00,814,True,0.0
IDERNA7,2025-08-03 03:00:00+00:00,full_outage,full_outage,3.099984311652575e-10,614.0,0.0,7.749960779131437e-12,0.9999999999922501,2025-07-08 14:00:00+00:00,2025-08-11 11:00:00+00:00,814,True,0.0
IDERNA7,2025-08-03 04:00:00+00:00,full_outage,full_outage,2.9734722689408753e-10,615.0,0.0,7.433680672352188e-12,0.9999999999925663,2025-07-08 14:00:00+00:00,2025-08-11 11:00:00+00:00,814,True,0.0
IDERNA7,2025-08-03 05:00:00+00:00,full_outage,full_outage,2.852123251374472e-10,616.0,0.0,7.13030812843618e-12,0.9999999999928697,2025-07-08 14:00:00+00:00,2025-08-11 11:00:00+00:00,814,True,0.0
IDERNA7,2025-08-03 06:00:00+00:00,full_outage,full_outage,2.7357265530942366e-10,617.0,0.0,6.8393163827355915e-12,0.9999999999931607,2025-07-08 14:00:00+00:00,2025-08-11 11:00:00+00:00,814,True,0.0
IDERNA7,2025-08-03 07:00:00+00:00,full_outage,full_outage,2.624080067261511e-10,618.0,0.0,6.560200168153779e-12,0.9999999999934398,2025-07-08 14:00:00+00:00,2025-08-11 11:00:00+00:00,814,True,0.0
IDERNA7,2025-08-03 08:00:00+00:00,full_outage,full_outage,2.516989935127477e-10,619.0,0.0,6.2924748378186924e-12,0.9999999999937075,2025-07-08 14:00:00+00:00,2025-08-11 11:00:00+00:00,814,True,0.0
IDERNA7,2025-08-03 09:00:00+00:00,full_outage,full_outage,2.4142702094240953e-10,620.0,0.0,6.035675523560239e-12,0.9999999999939643,2025-07-08 14:00:00+00:00,2025-08-11 11:00:00+00:00,814,True,0.0
IDERNA7,2025-08-03 10:00:00+00:00,full_outage,full_outage,2.3157425314922607e-10,621.0,0.0,5.789356328730652e-12,0.9999999999942106,2025-07-08 14:00:00+00:00,2025-08-11 11:00:00+00:00,814,True,0.0
IDERNA7,2025-08-03 11:00:00+00:00,full_outage,full_outage,2.2212358215865998e-10,622.0,0.0,5.5530895539665e-12,0.9999999999944469,2025-07-08 14:00:00+00:00,2025-08-11 11:00:00+00:00,814,True,0.0
IDERNA7,2025-08-03 12:00:00+00:00,full_outage,full_outage,2.1305859818190267e-10,623.0,0.0,5.326464954547567e-12,0.9999999999946735,2025-07-08 14:00:00+00:00,2025-08-11 11:00:00+00:00,814,True,0.0
IDERNA7,2025-08-03 13:00:00+00:00,full_outage,full_outage,2.04363561122533e-10,624.0,0.0,5.109089028063325e-12,0.9999999999948909,2025-07-08 14:00:00+00:00,2025-08-11 11:00:00+00:00,814,True,0.0
IDERNA7,2025-08-03 14:00:00+00:00,full_outage,full_outage,1.9602337324601237e-10,625.0,0.0,4.900584331150309e-12,0.9999999999950994,2025-07-08 14:00:00+00:00,2025-08-11 11:00:00+00:00,814,True,0.0
IDERNA7,2025-08-03 15:00:00+00:00,full_outage,full_outage,1.88023552964545e-10,626.0,0.0,4.7005888241136255e-12,0.9999999999952994,2025-07-08 14:00:00+00:00,2025-08-11 11:00:00+00:00,814,True,0.0
IDERNA7,2025-08-03 16:00:00+00:00,full_outage,full_outage,1.80350209691793e-10,627.0,0.0,4.508755242294825e-12,0.9999999999954913,2025-07-08 14:00:00+00:00,2025-08-11 11:00:00+00:00,814,True,0.0
IDERNA7,2025-08-03 17:00:00+00:00,full_outage,full_outage,1.7299001972378994e-10,628.0,0.0,4.324750493094749e-12,0.9999999999956752,2025-07-08 14:00:00+00:00,2025-08-11 11:00:00+00:00,814,True,0.0
IDERNA7,2025-08-03 18:00:00+00:00,full_outage,full_outage,1.6593020310416157e-10,629.0,0.0,4.14825507760404e-12,0.9999999999958518,2025-07-08 14:00:00+00:00,2025-08-11 11:00:00+00:00,814,True,0.0
IDERNA7,2025-08-03 19:00:00+00:00,full_outage,full_outage,1.591585014334896e-10,630.0,0.0,3.97896253583724e-12,0.9999999999960211,2025-07-08 14:00:00+00:00,2025-08-11 11:00:00+00:00,814,True,0.0
IDERNA7,2025-08-03 20:00:00+00:00,full_outage,full_outage,1.526631565842927e-10,631.0,0.0,3.816578914607318e-12,0.9999999999961834,2025-07-08 14:00:00+00:00,2025-08-11 11:00:00+00:00,814,True,0.0
IDERNA7,2025-08-03 21:00:00+00:00,full_outage,full_outage,1.4643289028465542e-10,632.0,0.0,3.660822257116386e-12,0.9999999999963392,2025-07-08 14:00:00+00:00,2025-08-11 11:00:00+00:00,814,True,0.0
IDERNA7,2025-08-03 22:00:00+00:00,full_outage,full_outage,1.4045688453506044e-10,633.0,0.0,3.5114221133765118e-12,0.9999999999964886,2025-07-08 14:00:00+00:00,2025-08-11 11:00:00+00:00,814,True,0.0
IDERNA7,2025-08-03 23:00:00+00:00,full_outage,full_outage,1.347247628244254e-10,634.0,0.0,3.368119070610635e-12,0.9999999999966319,2025-07-08 14:00:00+00:00,2025-08-11 11:00:00+00:00,814,True,0.0
IDERNA7,2025-08-04 00:00:00+00:00,full_outage,full_outage,1.292265721127183e-10,635.0,0.0,3.2306643028179575e-12,0.9999999999967694,2025-07-08 14:00:00+00:00,2025-08-11 11:00:00+00:00,814,True,0.0
IDERNA7,2025-08-04 01:00:00+00:00,full_outage,full_outage,1.2395276554887302e-10,636.0,0.0,3.0988191387218256e-12,0.9999999999969011,2025-07-08 14:00:00+00:00,2025-08-11 11:00:00+00:00,814,True,0.0
IDERNA7,2025-08-04 02:00:00+00:00,full_outage,full_outage,1.1889418589399966e-10,637.0,0.0,2.9723546473499914e-12,0.9999999999970276,2025-07-08 14:00:00+00:00,2025-08-11 11:00:00+00:00,814,True,0.0
IDERNA7,2025-08-04 03:00:00+00:00,full_outage,full_outage,1.1404204962109875e-10,638.0,0.0,2.851051240527469e-12,0.999999999997149,2025-07-08 14:00:00+00:00,2025-08-11 11:00:00+00:00,814,True,0.0
IDERNA7,2025-08-04 04:00:00+00:00,full_outage,full_outage,1.0938793166367499e-10,639.0,0.0,2.7346982915918745e-12,0.9999999999972653,2025-07-08 14:00:00+00:00,2025-08-11 11:00:00+00:00,814,True,0.0
IDERNA7,2025-08-04 05:00:00+00:00,full_outage,full_outage,1.0492375078677178e-10,640.0,0.0,2.6230937696692948e-12,0.9999999999973769,2025-07-08 14:00:00+00:00,2025-08-11 11:00:00+00:00,814,True,0.0
IDERNA7,2025-08-04 06:00:00+00:00,full_outage,full_outage,1.0064175555501839e-10,641.0,0.0,2.5160438888754597e-12,0.9999999999974839,2025-07-08 14:00:00+00:00,2025-08-11 11:00:00+00:00,814,True,0.0
IDERNA7,2025-08-04 07:00:00+00:00,full_outage,full_outage,9.653451087332856e-11,642.0,0.0,2.413362771833214e-12,0.9999999999975866,2025-07-08 14:00:00+00:00,2025-08-11 11:00:00+00:00,814,True,0.0
IDERNA7,2025-08-04 08:00:00+00:00,full_outage,full_outage,9.259488507688411e-11,643.0,0.0,2.3148721269221026e-12,0.9999999999976851,2025-07-08 14:00:00+00:00,2025-08-11 11:00:00+00:00,814,True,0.0
IDERNA7,2025-08-04 09:00:00+00:00,full_outage,full_outage,8.881603754797973e-11,644.0,0.0,2.220400938699493e-12,0.9999999999977796,2025-07-08 14:00:00+00:00,2025-08-11 11:00:00+00:00,814,True,0.0
IDERNA7,2025-08-04 10:00:00+00:00,full_outage,full_outage,8.519140683823141e-11,645.0,0.0,2.129785170955785e-12,0.9999999999978703,2025-07-08 14:00:00+00:00,2025-08-11 11:00:00+00:00,814,True,0.0
IDERNA7,2025-08-04 11:00:00+00:00,full_outage,full_outage,8.171469927552679e-11,646.0,0.0,2.04286748188817e-12,0.9999999999979571,2025-07-08 14:00:00+00:00,2025-08-11 11:00:00+00:00,814,True,0.0
IDERNA7,2025-08-04 12:00:00+00:00,full_outage,full_outage,7.837987803592922e-11,647.0,0.0,1.9594969508982306e-12,0.9999999999980405,2025-07-08 14:00:00+00:00,2025-08-11 11:00:00+00:00,814,True,0.0
IDERNA7,2025-08-04 13:00:00+00:00,full_outage,full_outage,7.518115266156332e-11,648.0,0.0,1.8795288165390832e-12,0.9999999999981205,2025-07-08 14:00:00+00:00,2025-08-11 11:00:00+00:00,814,True,0.0
IDERNA7,2025-08-04 14:00:00+00:00,full_outage,full_outage,7.211296900628408e-11,649.0,0.0,1.8028242251571021e-12,0.9999999999981972,2025-07-08 14:00:00+00:00,2025-08-11 11:00:00+00:00,814,True,0.0
IDERNA7,2025-08-04 15:00:00+00:00,full_outage,full_outage,6.91699995916659e-11,650.0,0.0,1.7292499897916477e-12,0.9999999999982707,2025-07-08 14:00:00+00:00,2025-08-11 11:00:00+00:00,814,True,0.0
IDERNA7,2025-08-04 16:00:00+00:00,full_outage,full_outage,6.634713435656925e-11,651.0,0.0,1.6586783589142312e-12,0.9999999999983413,2025-07-08 14:00:00+00:00,2025-08-11 11:00:00+00:00,814,True,0.0
IDERNA7,2025-08-04 17:00:00+00:00,full_outage,full_outage,6.363947178422462e-11,652.0,0.0,1.5909867946056158e-12,0.999999999998409,2025-07-08 14:00:00+00:00,2025-08-11 11:00:00+00:00,814,True,0.0
IDERNA7,2025-08-04 18:00:00+00:00,full_outage,full_outage,6.104231039142289e-11,653.0,0.0,1.5260577597855723e-12,0.9999999999984739,2025-07-08 14:00:00+00:00,2025-08-11 11:00:00+00:00,814,True,0.0
IDERNA7,2025-08-04 19:00:00+00:00,full_outage,full_outage,5.855114056503636e-11,654.0,0.0,1.463778514125909e-12,0.9999999999985362,2025-07-08 14:00:00+00:00,2025-08-11 11:00:00+00:00,814,True,0.0
IDERNA7,2025-08-04 20:00:00+00:00,full_outage,full_outage,5.6161636731698e-11,655.0,0.0,1.4040409182924498e-12,0.999999999998596,2025-07-08 14:00:00+00:00,2025-08-11 11:00:00+00:00,814,True,0.0
IDERNA7,2025-08-04 21:00:00+00:00,full_outage,full_outage,5.386964984703816e-11,656.0,0.0,1.346741246175954e-12,0.9999999999986533,2025-07-08 14:00:00+00:00,2025-08-11 11:00:00+00:00,814,True,0.0
IDERNA7,2025-08-04 22:00:00+00:00,full_outage,full_outage,5.167120019143984e-11,657.0,0.0,1.2917800047859961e-12,0.9999999999987083,2025-07-08 14:00:00+00:00,2025-08-11 11:00:00+00:00,814,True,0.0
IDERNA7,2025-08-04 23:00:00+00:00,full_outage,full_outage,4.9562470459804724e-11,658.0,0.0,1.2390617614951181e-12,0.999999999998761,2025-07-08 14:00:00+00:00,2025-08-11 11:00:00+00:00,814,True,0.0
IDERNA7,2025-08-05 00:00:00+00:00,full_outage,full_outage,4.7539799133327903e-11,659.0,0.0,1.1884949783331975e-12,0.9999999999988115,2025-07-08 14:00:00+00:00,2025-08-11 11:00:00+00:00,814,True,0.0
IDERNA7,2025-08-05 01:00:00+00:00,full_outage,full_outage,4.5599674121774217e-11,660.0,0.0,1.1399918530443554e-12,0.99999999999886,2025-07-08 14:00:00+00:00,2025-08-11 11:00:00+00:00,814,True,0.0
IDERNA7,2025-08-05 02:00:00+00:00,full_outage,full_outage,4.3738726665218174e-11,661.0,0.0,1.0934681666304544e-12,0.9999999999989065,2025-07-08 14:00:00+00:00,2025-08-11 11:00:00+00:00,814,True,0.0
IDERNA7,2025-08-05 03:00:00+00:00,full_outage,full_outage,4.19537254846557e-11,662.0,0.0,1.0488431371163926e-12,0.9999999999989512,2025-07-08 14:00:00+00:00,2025-08-11 11:00:00+00:00,814,True,0.0
IDERNA7,2025-08-05 04:00:00+00:00,full_outage,full_outage,4.0241571171332677e-11,663.0,0.0,1.006039279283317e-12,0.9999999999989939,2025-07-08 14:00:00+00:00,2025-08-11 11:00:00+00:00,814,True,0.0
IDERNA7,2025-08-05 05:00:00+00:00,full_outage,full_outage,3.8599290805049284e-11,664.0,0.0,9.649822701262321e-13,0.999999999999035,2025-07-08 14:00:00+00:00,2025-08-11 11:00:00+00:00,814,True,0.0
IDERNA7,2025-08-05 06:00:00+00:00,full_outage,full_outage,3.7024032792093065e-11,665.0,0.0,9.256008198023267e-13,0.9999999999990744,2025-07-08 14:00:00+00:00,2025-08-11 11:00:00+00:00,814,True,0.0
IDERNA7,2025-08-05 07:00:00+00:00,full_outage,full_outage,3.5513061913838637e-11,666.0,0.0,8.878265478459658e-13,0.9999999999991122,2025-07-08 14:00:00+00:00,2025-08-11 11:00:00+00:00,814,True,0.0
IDERNA7,2025-08-05 08:00:00+00:00,full_outage,full_outage,3.4063754577418046e-11,667.0,0.0,8.515938644354513e-13,0.9999999999991485,2025-07-08 14:00:00+00:00,2025-08-11 11:00:00+00:00,814,True,0.0
IDERNA7,2025-08-05 09:00:00+00:00,full_outage,full_outage,3.267359426021262e-11,668.0,0.0,8.168398565053155e-13,0.9999999999991832,2025-07-08 14:00:00+00:00,2025-08-11 11:00:00+00:00,814,True,0.0
IDERNA7,2025-08-05 10:00:00+00:00,full_outage,full_outage,3.134016714025756e-11,669.0,0.0,7.835041785064389e-13,0.9999999999992165,2025-07-08 14:00:00+00:00,2025-08-11 11:00:00+00:00,814,True,0.0
IDERNA7,2025-08-05 11:00:00+00:00,full_outage,full_outage,3.0061157904973265e-11,670.0,0.0,7.515289476243316e-13,0.9999999999992485,2025-07-08 14:00:00+00:00,2025-08-11 11:00:00+00:00,814,True,0.0
IDERNA7,2025-08-05 12:00:00+00:00,full_outage,full_outage,2.8834345730943447e-11,671.0,0.0,7.208586432735862e-13,0.9999999999992791,2025-07-08 14:00:00+00:00,2025-08-11 11:00:00+00:00,814,True,0.0
IDERNA7,2025-08-05 13:00:00+00:00,full_outage,full_outage,2.765760042776081e-11,672.0,0.0,6.914400106940203e-13,0.9999999999993086,2025-07-08 14:00:00+00:00,2025-08-11 11:00:00+00:00,814,True,0.0
IDERNA7,2025-08-05 14:00:00+00:00,full_outage,full_outage,2.652887873924533e-11,673.0,0.0,6.632219684811333e-13,0.9999999999993368,2025-07-08 14:00:00+00:00,2025-08-11 11:00:00+00:00,814,True,0.0
IDERNA7,2025-08-05 15:00:00+00:00,full_outage,full_outage,2.5446220795610947e-11,674.0,0.0,6.361555198902736e-13,0.9999999999993638,2025-07-08 14:00:00+00:00,2025-08-11 11:00:00+00:00,814,True,0.0
IDERNA7,2025-08-05 16:00:00+00:00,full_outage,full_outage,2.4407746710421297e-11,675.0,0.0,6.101936677605324e-13,0.9999999999993898,2025-07-08 14:00:00+00:00,2025-08-11 11:00:00+00:00,814,True,0.0
IDERNA7,2025-08-05 17:00:00+00:00,full_outage,full_outage,2.341165331642633e-11,676.0,0.0,5.852913329106583e-13,0.9999999999994147,2025-07-08 14:00:00+00:00,2025-08-11 11:00:00+00:00,814,True,0.0
IDERNA7,2025-08-05 18:00:00+00:00,full_outage,full_outage,2.245621103461038e-11,677.0,0.0,5.614052758652595e-13,0.9999999999994386,2025-07-08 14:00:00+00:00,2025-08-11 11:00:00+00:00,814,True,0.0
IDERNA7,2025-08-05 19:00:00+00:00,full_outage,full_outage,2.1539760871016142e-11,678.0,0.0,5.384940217754036e-13,0.9999999999994615,2025-07-08 14:00:00+00:00,2025-08-11 11:00:00+00:00,814,True,0.0
IDERNA7,2025-08-05 20:00:00+00:00,full_outage,full_outage,2.0660711536130606e-11,679.0,0.0,5.165177884032652e-13,0.9999999999994835,2025-07-08 14:00:00+00:00,2025-08-11 11:00:00+00:00,814,True,0.0
IDERNA7,2025-08-05 21:00:00+00:00,full_outage,full_outage,1.9817536681829675e-11,680.0,0.0,4.954384170457418e-13,0.9999999999995045,2025-07-08 14:00:00+00:00,2025-08-11 11:00:00+00:00,814,True,0.0
IDERNA7,2025-08-05 22:00:00+00:00,full_outage,full_outage,1.9008772251084613e-11,681.0,0.0,4.752193062771153e-13,0.9999999999995248,2025-07-08 14:00:00+00:00,2025-08-11 11:00:00+00:00,814,True,0.0
IDERNA7,2025-08-05 23:00:00+00:00,full_outage,full_outage,1.823301393582908e-11,682.0,0.0,4.55825348395727e-13,0.9999999999995441,2025-07-08 14:00:00+00:00,2025-08-11 11:00:00+00:00,814,True,0.0
IDERNA7,2025-08-06 00:00:00+00:00,full_outage,full_outage,1.7488914738571286e-11,683.0,0.0,4.3722286846428217e-13,0.9999999999995628,2025-07-08 14:00:00+00:00,2025-08-11 11:00:00+00:00,814,True,0.0
IDERNA7,2025-08-06 01:00:00+00:00,full_outage,full_outage,1.677518263351818e-11,684.0,0.0,4.1937956583795446e-13,0.9999999999995807,2025-07-08 14:00:00+00:00,2025-08-11 11:00:00+00:00,814,True,0.0
IDERNA7,2025-08-06 02:00:00+00:00,full_outage,full_outage,1.609057832315092e-11,685.0,0.0,4.0226445807877314e-13,0.9999999999995978,2025-07-08 14:00:00+00:00,2025-08-11 11:00:00+00:00,814,True,0.0
IDERNA7,2025-08-06 03:00:00+00:00,full_outage,full_outage,1.5433913086355238e-11,686.0,0.0,3.85847827158881e-13,0.9999999999996142,2025-07-08 14:00:00+00:00,2025-08-11 11:00:00+00:00,814,True,0.0
IDERNA7,2025-08-06 04:00:00+00:00,full_outage,full_outage,1.4804046714370686e-11,687.0,0.0,3.701011678592672e-13,0.9999999999996299,2025-07-08 14:00:00+00:00,2025-08-11 11:00:00+00:00,814,True,0.0
IDERNA7,2025-08-06 05:00:00+00:00,full_outage,full_outage,1.4199885530975523e-11,688.0,0.0,3.549971382743881e-13,0.999999999999645,2025-07-08 14:00:00+00:00,2025-08-11 11:00:00+00:00,814,True,0.0
IDERNA7,2025-08-06 06:00:00+00:00,full_outage,full_outage,1.362038049346835e-11,689.0,0.0,3.4050951233670877e-13,0.9999999999996595,2025-07-08 14:00:00+00:00,2025-08-11 11:00:00+00:00,814,True,0.0
IDERNA7,2025-08-06 07:00:00+00:00,full_outage,full_outage,1.3064525371149788e-11,690.0,0.0,3.2661313427874473e-13,0.9999999999996734,2025-07-08 14:00:00+00:00,2025-08-11 11:00:00+00:00,814,True,0.0
IDERNA7,2025-08-06 08:00:00+00:00,full_outage,full_outage,1.2531354998141711e-11,691.0,0.0,3.132838749535428e-13,0.9999999999996867,2025-07-08 14:00:00+00:00,2025-08-11 11:00:00+00:00,814,True,0.0
IDERNA7,2025-08-06 09:00:00+00:00,full_outage,full_outage,1.2019943597509463e-11,692.0,0.0,3.004985899377366e-13,0.9999999999996995,2025-07-08 14:00:00+00:00,2025-08-11 11:00:00+00:00,814,True,0.0
IDERNA7,2025-08-06 10:00:00+00:00,full_outage,full_outage,1.152940317377755e-11,693.0,0.0,2.8823507934443873e-13,0.9999999999997118,2025-07-08 14:00:00+00:00,2025-08-11 11:00:00+00:00,814,True,0.0
IDERNA7,2025-08-06 11:00:00+00:00,full_outage,full_outage,1.1058881971048053e-11,694.0,0.0,2.7647204927620127e-13,0.9999999999997236,2025-07-08 14:00:00+00:00,2025-08-11 11:00:00+00:00,814,True,0.0
IDERNA7,2025-08-06 12:00:00+00:00,full_outage,full_outage,1.060756299404364e-11,695.0,0.0,2.65189074851091e-13,0.9999999999997348,2025-07-08 14:00:00+00:00,2025-08-11 11:00:00+00:00,814,True,0.0
IDERNA7,2025-08-06 13:00:00+00:00,full_outage,full_outage,1.0174662589507691e-11,696.0,0.0,2.543665647376923e-13,0.9999999999997456,2025-07-08 14:00:00+00:00,2025-08-11 11:00:00+00:00,814,True,0.0
IDERNA7,2025-08-06 14:00:00+00:00,full_outage,full_outage,9.759429085498529e-12,697.0,0.0,2.4398572713746324e-13,0.999999999999756,2025-07-08 14:00:00+00:00,2025-08-11 11:00:00+00:00,814,True,0.0
IDERNA7,2025-08-06 15:00:00+00:00,full_outage,full_outage,9.361141486214488e-12,698.0,0.0,2.340285371553622e-13,0.999999999999766,2025-07-08 14:00:00+00:00,2025-08-11 11:00:00+00:00,814,True,0.0
IDERNA7,2025-08-06 16:00:00+00:00,full_outage,full_outage,8.979108220083897e-12,699.0,0.0,2.2447770550209742e-13,0.9999999999997755,2025-07-08 14:00:00+00:00,2025-08-11 11:00:00+00:00,814,True,0.0
IDERNA7,2025-08-06 17:00:00+00:00,full_outage,full_outage,8.61266593894646e-12,700.0,0.0,2.1531664847366155e-13,0.9999999999997847,2025-07-08 14:00:00+00:00,2025-08-11 11:00:00+00:00,814,True,0.0
IDERNA7,2025-08-06 18:00:00+00:00,full_outage,full_outage,8.261178366240443e-12,701.0,0.0,2.0652945915601107e-13,0.9999999999997935,2025-07-08 14:00:00+00:00,2025-08-11 11:00:00+00:00,814,True,0.0
IDERNA7,2025-08-06 19:00:00+00:00,full_outage,full_outage,7.924035192195919e-12,702.0,0.0,1.9810087980489796e-13,0.9999999999998019,2025-07-08 14:00:00+00:00,2025-08-11 11:00:00+00:00,814,True,0.0
IDERNA7,2025-08-06 20:00:00+00:00,full_outage,full_outage,7.6006510141161e-12,703.0,0.0,1.900162753529025e-13,0.9999999999998099,2025-07-08 14:00:00+00:00,2025-08-11 11:00:00+00:00,814,True,0.0
IDERNA7,2025-08-06 21:00:00+00:00,full_outage,full_outage,7.290464319906059e-12,704.0,0.0,1.8226160799765148e-13,0.9999999999998177,2025-07-08 14:00:00+00:00,2025-08-11 11:00:00+00:00,814,True,0.0
IDERNA7,2025-08-06 22:00:00+00:00,full_outage,full_outage,6.992936513084227e-12,705.0,0.0,1.748234128271057e-13,0.9999999999998251,2025-07-08 14:00:00+00:00,2025-08-11 11:00:00+00:00,814,True,0.0
IDERNA7,2025-08-06 23:00:00+00:00,full_outage,full_outage,6.707550977583921e-12,706.0,0.0,1.6768877443959805e-13,0.9999999999998324,2025-07-08 14:00:00+00:00,2025-08-11 11:00:00+00:00,814,True,0.0
IDERNA7,2025-08-07 00:00:00+00:00,full_outage,full_outage,6.433812180720606e-12,707.0,0.0,1.6084530451801515e-13,0.9999999999998391,2025-07-08 14:00:00+00:00,2025-08-11 11:00:00+00:00,814,True,0.0
IDERNA7,2025-08-07 01:00:00+00:00,full_outage,full_outage,6.1712448127675515e-12,708.0,0.0,1.5428112031918877e-13,0.9999999999998457,2025-07-08 14:00:00+00:00,2025-08-11 11:00:00+00:00,814,True,0.0
IDERNA7,2025-08-07 02:00:00+00:00,full_outage,full_outage,5.919392961646086e-12,709.0,0.0,1.4798482404115214e-13,0.999999999999852,2025-07-08 14:00:00+00:00,2025-08-11 11:00:00+00:00,814,True,0.0
IDERNA7,2025-08-07 03:00:00+00:00,full_outage,full_outage,5.677819321296976e-12,710.0,0.0,1.419454830324244e-13,0.999999999999858,2025-07-08 14:00:00+00:00,2025-08-11 11:00:00+00:00,814,True,0.0
IDERNA7,2025-08-07 04:00:00+00:00,full_outage,full_outage,5.446104432358615e-12,711.0,0.0,1.3615261080896538e-13,0.9999999999998639,2025-07-08 14:00:00+00:00,2025-08-11 11:00:00+00:00,814,True,0.0
IDERNA7,2025-08-07 05:00:00+00:00,full_outage,full_outage,5.223845953833725e-12,712.0,0.0,1.3059614884584312e-13,0.9999999999998694,2025-07-08 14:00:00+00:00,2025-08-11 11:00:00+00:00,814,True,0.0
IDERNA7,2025-08-07 06:00:00+00:00,full_outage,full_outage,5.010657964479551e-12,713.0,0.0,1.2526644911198877e-13,0.9999999999998748,2025-07-08 14:00:00+00:00,2025-08-11 11:00:00+00:00,814,True,0.0
IDERNA7,2025-08-07 07:00:00+00:00,full_outage,full_outage,4.806170292708714e-12,714.0,0.0,1.2015425731771786e-13,0.9999999999998799,2025-07-08 14:00:00+00:00,2025-08-11 11:00:00+00:00,814,True,0.0
IDERNA7,2025-08-07 08:00:00+00:00,full_outage,full_outage,4.610027873837334e-12,715.0,0.0,1.1525069684593335e-13,0.9999999999998848,2025-07-08 14:00:00+00:00,2025-08-11 11:00:00+00:00,814,True,0.0
IDERNA7,2025-08-07 09:00:00+00:00,full_outage,full_outage,4.4218901335640375e-12,716.0,0.0,1.1054725333910094e-13,0.9999999999998894,2025-07-08 14:00:00+00:00,2025-08-11 11:00:00+00:00,814,True,0.0
IDERNA7,2025-08-07 10:00:00+00:00,full_outage,full_outage,4.241430396609538e-12,717.0,0.0,1.0603575991523846e-13,0.999999999999894,2025-07-08 14:00:00+00:00,2025-08-11 11:00:00+00:00,814,True,0.0
IDERNA7,2025-08-07 11:00:00+00:00,full_outage,full_outage,4.068335319490095e-12,718.0,0.0,1.0170838298725238e-13,0.9999999999998983,2025-07-08 14:00:00+00:00,2025-08-11 11:00:00+00:00,814,True,0.0
IDERNA7,2025-08-07 12:00:00+00:00,full_outage,full_outage,3.902304346439646e-12,719.0,0.0,9.755760866099115e-14,0.9999999999999024,2025-07-08 14:00:00+00:00,2025-08-11 11:00:00+00:00,814,True,0.0
IDERNA7,2025-08-07 13:00:00+00:00,full_outage,full_outage,3.74304918753607e-12,720.0,0.0,9.357622968840175e-14,0.9999999999999064,2025-07-08 14:00:00+00:00,2025-08-11 11:00:00+00:00,814,True,0.0
IDERNA7,2025-08-07 14:00:00+00:00,full_outage,full_outage,3.5902933181255196e-12,721.0,0.0,8.975733295313798e-14,0.9999999999999103,2025-07-08 14:00:00+00:00,2025-08-11 11:00:00+00:00,814,True,0.0
IDERNA7,2025-08-07 15:00:00+00:00,full_outage,full_outage,3.4437714986753915e-12,722.0,0.0,8.609428746688478e-14,0.999999999999914,2025-07-08 14:00:00+00:00,2025-08-11 11:00:00+00:00,814,True,0.0
IDERNA7,2025-08-07 16:00:00+00:00,full_outage,full_outage,3.303229314222368e-12,723.0,0.0,8.25807328555592e-14,0.9999999999999174,2025-07-08 14:00:00+00:00,2025-08-11 11:00:00+00:00,814,True,0.0
IDERNA7,2025-08-07 17:00:00+00:00,full_outage,full_outage,3.1684227326159403e-12,724.0,0.0,7.92105683153985e-14,0.9999999999999208,2025-07-08 14:00:00+00:00,2025-08-11 11:00:00+00:00,814,True,0.0
IDERNA7,2025-08-07 18:00:00+00:00,full_outage,full_outage,3.039117680790143e-12,725.0,0.0,7.597794201975358e-14,0.9999999999999241,2025-07-08 14:00:00+00:00,2025-08-11 11:00:00+00:00,814,True,0.0
IDERNA7,2025-08-07 19:00:00+00:00,full_outage,full_outage,2.915089638327877e-12,726.0,0.0,7.287724095819692e-14,0.9999999999999272,2025-07-08 14:00:00+00:00,2025-08-11 11:00:00+00:00,814,True,0.0
IDERNA7,2025-08-07 20:00:00+00:00,full_outage,full_outage,2.7961232476121863e-12,727.0,0.0,6.990308119030467e-14,0.9999999999999301,2025-07-08 14:00:00+00:00,2025-08-11 11:00:00+00:00,814,True,0.0
IDERNA7,2025-08-07 21:00:00+00:00,full_outage,full_outage,2.6820119398873803e-12,728.0,0.0,6.705029849718451e-14,0.9999999999999329,2025-07-08 14:00:00+00:00,2025-08-11 11:00:00+00:00,814,True,0.0
IDERNA7,2025-08-07 22:00:00+00:00,full_outage,full_outage,2.5725575765808e-12,729.0,0.0,6.431393941452e-14,0.9999999999999357,2025-07-08 14:00:00+00:00,2025-08-11 11:00:00+00:00,814,True,0.0
IDERNA7,2025-08-07 23:00:00+00:00,full_outage,full_outage,2.467570105262534e-12,730.0,0.0,6.168925263156336e-14,0.9999999999999383,2025-07-08 14:00:00+00:00,2025-08-11 11:00:00+00:00,814,True,0.0
IDERNA7,2025-08-08 00:00:00+00:00,full_outage,full_outage,2.3668672296455146e-12,731.0,0.0,5.917168074113788e-14,0.9999999999999408,2025-07-08 14:00:00+00:00,2025-08-11 11:00:00+00:00,814,True,0.0
IDERNA7,2025-08-08 01:00:00+00:00,full_outage,full_outage,2.270274093053089e-12,732.0,0.0,5.675685232632723e-14,0.9999999999999433,2025-07-08 14:00:00+00:00,2025-08-11 11:00:00+00:00,814,True,0.0
IDERNA7,2025-08-08 02:00:00+00:00,full_outage,full_outage,2.1776229748045308e-12,733.0,0.0,5.4440574370113276e-14,0.9999999999999456,2025-07-08 14:00:00+00:00,2025-08-11 11:00:00+00:00,814,True,0.0
IDERNA7,2025-08-08 03:00:00+00:00,full_outage,full_outage,2.088752998991149e-12,734.0,0.0,5.2218824974778735e-14,0.9999999999999478,2025-07-08 14:00:00+00:00,2025-08-11 11:00:00+00:00,814,True,0.0
IDERNA7,2025-08-08 04:00:00+00:00,full_outage,full_outage,2.0035098551374024e-12,735.0,0.0,5.008774637843506e-14,0.9999999999999499,2025-07-08 14:00:00+00:00,2025-08-11 11:00:00+00:00,814,True,0.0
IDERNA7,2025-08-08 05:00:00+00:00,full_outage,full_outage,1.9217455302620507e-12,736.0,0.0,4.804363825655127e-14,0.9999999999999519,2025-07-08 14:00:00+00:00,2025-08-11 11:00:00+00:00,814,True,0.0
IDERNA7,2025-08-08 06:00:00+00:00,full_outage,full_outage,1.843318051873974e-12,737.0,0.0,4.6082951296849346e-14,0.9999999999999539,2025-07-08 14:00:00+00:00,2025-08-11 11:00:00+00:00,814,True,0.0
IDERNA7,2025-08-08 07:00:00+00:00,full_outage,full_outage,1.768091241456469e-12,738.0,0.0,4.420228103641173e-14,0.9999999999999558,2025-07-08 14:00:00+00:00,2025-08-11 11:00:00+00:00,814,True,0.0
IDERNA7,2025-08-08 08:00:00+00:00,full_outage,full_outage,1.6959344780120508e-12,739.0,0.0,4.239836195030127e-14,0.9999999999999576,2025-07-08 14:00:00+00:00,2025-08-11 11:00:00+00:00,814,True,0.0
IDERNA7,2025-08-08 09:00:00+00:00,full_outage,full_outage,1.6267224712570525e-12,740.0,0.0,4.0668061781426315e-14,0.9999999999999594,2025-07-08 14:00:00+00:00,2025-08-11 11:00:00+00:00,814,True,0.0
IDERNA7,2025-08-08 10:00:00+00:00,full_outage,full_outage,1.560335044072286e-12,741.0,0.0,3.900837610180715e-14,0.999999999999961,2025-07-08 14:00:00+00:00,2025-08-11 11:00:00+00:00,814,True,0.0
IDERNA7,2025-08-08 11:00:00+00:00,full_outage,full_outage,1.4966569238320574e-12,742.0,0.0,3.741642309580144e-14,0.9999999999999626,2025-07-08 14:00:00+00:00,2025-08-11 11:00:00+00:00,814,True,0.0
IDERNA7,2025-08-08 12:00:00+00:00,full_outage,full_outage,1.4355775422491073e-12,743.0,0.0,3.5889438556227685e-14,0.9999999999999641,2025-07-08 14:00:00+00:00,2025-08-11 11:00:00+00:00,814,True,0.0
IDERNA7,2025-08-08 13:00:00+00:00,full_outage,full_outage,1.3769908433879906e-12,744.0,0.0,3.442477108469977e-14,0.9999999999999656,2025-07-08 14:00:00+00:00,2025-08-11 11:00:00+00:00,814,True,0.0
IDERNA7,2025-08-08 14:00:00+00:00,full_outage,full_outage,1.3207950995135794e-12,745.0,0.0,3.301987748783949e-14,0.999999999999967,2025-07-08 14:00:00+00:00,2025-08-11 11:00:00+00:00,814,True,0.0
IDERNA7,2025-08-08 15:00:00+00:00,full_outage,full_outage,1.2668927344548433e-12,746.0,0.0,3.167231836137108e-14,0.9999999999999684,2025-07-08 14:00:00+00:00,2025-08-11 11:00:00+00:00,814,True,0.0
IDERNA7,2025-08-08 16:00:00+00:00,full_outage,full_outage,1.215190154177251e-12,747.0,0.0,3.037975385443128e-14,0.9999999999999696,2025-07-08 14:00:00+00:00,2025-08-11 11:00:00+00:00,814,True,0.0
IDERNA7,2025-08-08 17:00:00+00:00,full_outage,full_outage,1.165597584269646e-12,748.0,0.0,2.913993960674116e-14,0.9999999999999709,2025-07-08 14:00:00+00:00,2025-08-11 11:00:00+00:00,814,True,0.0
IDERNA7,2025-08-08 18:00:00+00:00,full_outage,full_outage,1.1180289140633275e-12,749.0,0.0,2.795072285158319e-14,0.999999999999972,2025-07-08 14:00:00+00:00,2025-08-11 11:00:00+00:00,814,True,0.0
IDERNA7,2025-08-08 19:00:00+00:00,full_outage,full_outage,1.0724015471127213e-12,750.0,0.0,2.6810038677818034e-14,0.9999999999999732,2025-07-08 14:00:00+00:00,2025-08-11 11:00:00+00:00,814,True,0.0
IDERNA7,2025-08-08 20:00:00+00:00,full_outage,full_outage,1.0286362577780498e-12,751.0,0.0,2.5715906444451244e-14,0.9999999999999742,2025-07-08 14:00:00+00:00,2025-08-11 11:00:00+00:00,814,True,0.0
IDERNA7,2025-08-08 21:00:00+00:00,full_outage,full_outage,9.866570536609054e-13,752.0,0.0,2.4666426341522637e-14,0.9999999999999754,2025-07-08 14:00:00+00:00,2025-08-11 11:00:00+00:00,814,True,0.0
IDERNA7,2025-08-08 22:00:00+00:00,full_outage,full_outage,9.463910436539046e-13,753.0,0.0,2.3659776091347615e-14,0.9999999999999764,2025-07-08 14:00:00+00:00,2025-08-11 11:00:00+00:00,814,True,0.0
IDERNA7,2025-08-08 23:00:00+00:00,full_outage,full_outage,9.077683113753382e-13,754.0,0.0,2.269420778438346e-14,0.9999999999999774,2025-07-08 14:00:00+00:00,2025-08-11 11:00:00+00:00,814,True,0.0
IDERNA7,2025-08-09 00:00:00+00:00,full_outage,full_outage,8.70721793768992e-13,755.0,0.0,2.1768044844224798e-14,0.9999999999999782,2025-07-08 14:00:00+00:00,2025-08-11 11:00:00+00:00,814,True,0.0
IDERNA7,2025-08-09 01:00:00+00:00,full_outage,full_outage,8.351871646583733e-13,756.0,0.0,2.0879679116459336e-14,0.9999999999999791,2025-07-08 14:00:00+00:00,2025-08-11 11:00:00+00:00,814,True,0.0
IDERNA7,2025-08-09 02:00:00+00:00,full_outage,full_outage,8.011027230531846e-13,757.0,0.0,2.0027568076329616e-14,0.99999999999998,2025-07-08 14:00:00+00:00,2025-08-11 11:00:00+00:00,814,True,0.0
IDERNA7,2025-08-09 03:00:00+00:00,full_outage,full_outage,7.684092860140383e-13,758.0,0.0,1.9210232150350956e-14,0.9999999999999808,2025-07-08 14:00:00+00:00,2025-08-11 11:00:00+00:00,814,True,0.0
IDERNA7,2025-08-09 04:00:00+00:00,full_outage,full_outage,7.370500858894248e-13,759.0,0.0,1.8426252147235624e-14,0.9999999999999816,2025-07-08 14:00:00+00:00,2025-08-11 11:00:00+00:00,814,True,0.0
IDERNA7,2025-08-09 05:00:00+00:00,full_outage,full_outage,7.069706717465204e-13,760.0,0.0,1.767426679366301e-14,0.9999999999999823,2025-07-08 14:00:00+00:00,2025-08-11 11:00:00+00:00,814,True,0.0
IDERNA7,2025-08-09 06:00:00+00:00,full_outage,full_outage,6.781188148246292e-13,761.0,0.0,1.695297037061573e-14,0.999999999999983,2025-07-08 14:00:00+00:00,2025-08-11 11:00:00+00:00,814,True,0.0
IDERNA7,2025-08-09 07:00:00+00:00,full_outage,full_outage,6.504444178471274e-13,762.0,0.0,1.626111044617819e-14,0.9999999999999838,2025-07-08 14:00:00+00:00,2025-08-11 11:00:00+00:00,814,True,0.0
IDERNA7,2025-08-09 08:00:00+00:00,full_outage,full_outage,6.23899428034455e-13,763.0,0.0,1.5597485700861376e-14,0.9999999999999845,2025-07-08 14:00:00+00:00,2025-08-11 11:00:00+00:00,814,True,0.0
IDERNA7,2025-08-09 09:00:00+00:00,full_outage,full_outage,5.984377536670721e-13,764.0,0.0,1.4960943841676803e-14,0.999999999999985,2025-07-08 14:00:00+00:00,2025-08-11 11:00:00+00:00,814,True,0.0
IDERNA7,2025-08-09 10:00:00+00:00,full_outage,full_outage,5.740151840535304e-13,765.0,0.0,1.435037960133826e-14,0.9999999999999857,2025-07-08 14:00:00+00:00,2025-08-11 11:00:00+00:00,814,True,0.0
IDERNA7,2025-08-09 11:00:00+00:00,full_outage,full_outage,5.505893127647072e-13,766.0,0.0,1.376473281911768e-14,0.9999999999999862,2025-07-08 14:00:00+00:00,2025-08-11 11:00:00+00:00,814,True,0.0
IDERNA7,2025-08-09 12:00:00+00:00,full_outage,full_outage,5.281194640008743e-13,767.0,0.0,1.3202986600021856e-14,0.9999999999999868,2025-07-08 14:00:00+00:00,2025-08-11 11:00:00+00:00,814,True,0.0
IDERNA7,2025-08-09 13:00:00+00:00,full_outage,full_outage,5.065666219637669e-13,768.0,0.0,1.2664165549094176e-14,0.9999999999999873,2025-07-08 14:00:00+00:00,2025-08-11 11:00:00+00:00,814,True,0.0
IDERNA7,2025-08-09 14:00:00+00:00,full_outage,full_outage,4.858933631110368e-13,769.0,0.0,1.2147334077775923e-14,0.9999999999999879,2025-07-08 14:00:00+00:00,2025-08-11 11:00:00+00:00,814,True,0.0
IDERNA7,2025-08-09 15:00:00+00:00,full_outage,full_outage,4.660637911754066e-13,770.0,0.0,1.1651594779385165e-14,0.9999999999999883,2025-07-08 14:00:00+00:00,2025-08-11 11:00:00+00:00,814,True,0.0
IDERNA7,2025-08-09 16:00:00+00:00,full_outage,full_outage,4.4704347483576604e-13,771.0,0.0,1.1176086870894152e-14,0.9999999999999888,2025-07-08 14:00:00+00:00,2025-08-11 11:00:00+00:00,814,True,0.0
IDERNA7,2025-08-09 17:00:00+00:00,full_outage,full_outage,4.287993879319021e-13,772.0,0.0,1.0719984698297553e-14,0.9999999999999892,2025-07-08 14:00:00+00:00,2025-08-11 11:00:00+00:00,814,True,0.0
IDERNA7,2025-08-09 18:00:00+00:00,full_outage,full_outage,4.112998521191301e-13,773.0,0.0,1.0282496302978251e-14,0.9999999999999897,2025-07-08 14:00:00+00:00,2025-08-11 11:00:00+00:00,814,True,0.0
IDERNA7,2025-08-09 19:00:00+00:00,full_outage,full_outage,3.9451448186321807e-13,774.0,0.0,9.862862046580453e-15,0.9999999999999901,2025-07-08 14:00:00+00:00,2025-08-11 11:00:00+00:00,814,True,0.0
IDERNA7,2025-08-09 20:00:00+00:00,full_outage,full_outage,3.784141316800739e-13,775.0,0.0,9.460353292001849e-15,0.9999999999999906,2025-07-08 14:00:00+00:00,2025-08-11 11:00:00+00:00,814,True,0.0
IDERNA7,2025-08-09 21:00:00+00:00,full_outage,full_outage,3.6297084552863436e-13,776.0,0.0,9.074271138215859e-15,0.9999999999999909,2025-07-08 14:00:00+00:00,2025-08-11 11:00:00+00:00,814,True,0.0
IDERNA7,2025-08-09 22:00:00+00:00,full_outage,full_outage,3.481578082690564e-13,777.0,0.0,8.703945206726412e-15,0.9999999999999913,2025-07-08 14:00:00+00:00,2025-08-11 11:00:00+00:00,814,True,0.0
IDERNA7,2025-08-09 23:00:00+00:00,full_outage,full_outage,3.339492991019045e-13,778.0,0.0,8.348732477547613e-15,0.9999999999999917,2025-07-08 14:00:00+00:00,2025-08-11 11:00:00+00:00,814,True,0.0
IDERNA7,2025-08-10 00:00:00+00:00,full_outage,full_outage,3.203206469075315e-13,779.0,0.0,8.008016172688287e-15,0.999999999999992,2025-07-08 14:00:00+00:00,2025-08-11 11:00:00+00:00,814,True,0.0
IDERNA7,2025-08-10 01:00:00+00:00,full_outage,full_outage,3.0724818740808384e-13,780.0,0.0,7.681204685202095e-15,0.9999999999999923,2025-07-08 14:00:00+00:00,2025-08-11 11:00:00+00:00,814,True,0.0
IDERNA7,2025-08-10 02:00:00+00:00,full_outage,full_outage,2.947092220777273e-13,781.0,0.0,7.367730551943183e-15,0.9999999999999927,2025-07-08 14:00:00+00:00,2025-08-11 11:00:00+00:00,814,True,0.0
IDERNA7,2025-08-10 03:00:00+00:00,full_outage,full_outage,2.826819787297904e-13,782.0,0.0,7.06704946824476e-15,0.9999999999999929,2025-07-08 14:00:00+00:00,2025-08-11 11:00:00+00:00,814,True,0.0
IDERNA7,2025-08-10 04:00:00+00:00,full_outage,full_outage,2.7114557371236527e-13,783.0,0.0,6.778639342809131e-15,0.9999999999999932,2025-07-08 14:00:00+00:00,2025-08-11 11:00:00+00:00,814,True,0.0
IDERNA7,2025-08-10 05:00:00+00:00,full_outage,full_outage,2.6007997564671e-13,784.0,0.0,6.501999391167751e-15,0.9999999999999934,2025-07-08 14:00:00+00:00,2025-08-11 11:00:00+00:00,814,True,0.0
IDERNA7,2025-08-10 06:00:00+00:00,full_outage,full_outage,2.494659706455245e-13,785.0,0.0,6.236649266138113e-15,0.9999999999999938,2025-07-08 14:00:00+00:00,2025-08-11 11:00:00+00:00,814,True,0.0
IDERNA7,2025-08-10 07:00:00+00:00,full_outage,full_outage,2.3928512895068544e-13,786.0,0.0,5.9821282237671354e-15,0.999999999999994,2025-07-08 14:00:00+00:00,2025-08-11 11:00:00+00:00,814,True,0.0
IDERNA7,2025-08-10 08:00:00+00:00,full_outage,full_outage,2.295197729324986e-13,787.0,0.0,5.7379943233124656e-15,0.9999999999999942,2025-07-08 14:00:00+00:00,2025-08-11 11:00:00+00:00,814,True,0.0
IDERNA7,2025-08-10 09:00:00+00:00,full_outage,full_outage,2.2015294639493496e-13,788.0,0.0,5.503823659873374e-15,0.9999999999999944,2025-07-08 14:00:00+00:00,2025-08-11 11:00:00+00:00,814,True,0.0
IDERNA7,2025-08-10 10:00:00+00:00,full_outage,full_outage,2.1116838513353537e-13,789.0,0.0,5.2792096283383845e-15,0.9999999999999947,2025-07-08 14:00:00+00:00,2025-08-11 11:00:00+00:00,814,True,0.0
IDERNA7,2025-08-10 11:00:00+00:00,full_outage,full_outage,2.0255048869484966e-13,790.0,0.0,5.063762217371242e-15,0.9999999999999949,2025-07-08 14:00:00+00:00,2025-08-11 11:00:00+00:00,814,True,0.0
IDERNA7,2025-08-10 12:00:00+00:00,full_outage,full_outage,1.9428429328840256e-13,791.0,0.0,4.857107332210064e-15,0.9999999999999951,2025-07-08 14:00:00+00:00,2025-08-11 11:00:00+00:00,814,True,0.0
IDERNA7,2025-08-10 13:00:00+00:00,full_outage,full_outage,1.863554458041359e-13,792.0,0.0,4.658886145103398e-15,0.9999999999999953,2025-07-08 14:00:00+00:00,2025-08-11 11:00:00+00:00,814,True,0.0
IDERNA7,2025-08-10 14:00:00+00:00,full_outage,full_outage,1.7875017889020093e-13,793.0,0.0,4.468754472255024e-15,0.9999999999999956,2025-07-08 14:00:00+00:00,2025-08-11 11:00:00+00:00,814,True,0.0
IDERNA7,2025-08-10 15:00:00+00:00,full_outage,full_outage,1.7145528704785236e-13,794.0,0.0,4.2863821761963096e-15,0.9999999999999957,2025-07-08 14:00:00+00:00,2025-08-11 11:00:00+00:00,814,True,0.0
IDERNA7,2025-08-10 16:00:00+00:00,full_outage,full_outage,1.6445810370192132e-13,795.0,0.0,4.111452592548034e-15,0.9999999999999959,2025-07-08 14:00:00+00:00,2025-08-11 11:00:00+00:00,814,True,0.0
IDERNA7,2025-08-10 17:00:00+00:00,full_outage,full_outage,1.5774647920704465e-13,796.0,0.0,3.943661980176117e-15,0.999999999999996,2025-07-08 14:00:00+00:00,2025-08-11 11:00:00+00:00,814,True,0.0
IDERNA7,2025-08-10 18:00:00+00:00,full_outage,full_outage,1.5130875975148242e-13,797.0,0.0,3.78271899378706e-15,0.9999999999999962,2025-07-08 14:00:00+00:00,2025-08-11 11:00:00+00:00,814,True,0.0
IDERNA7,2025-08-10 19:00:00+00:00,full_outage,full_outage,1.4513376712188178e-13,798.0,0.0,3.628344178047045e-15,0.9999999999999963,2025-07-08 14:00:00+00:00,2025-08-11 11:00:00+00:00,814,True,0.0
IDERNA7,2025-08-10 20:00:00+00:00,full_outage,full_outage,1.3921077929384222e-13,799.0,0.0,3.480269482346055e-15,0.9999999999999966,2025-07-08 14:00:00+00:00,2025-08-11 11:00:00+00:00,814,True,0.0
IDERNA7,2025-08-10 21:00:00+00:00,full_outage,full_outage,1.3352951181459994e-13,800.0,0.0,3.3382377953649984e-15,0.9999999999999967,2025-07-08 14:00:00+00:00,2025-08-11 11:00:00+00:00,814,True,0.0
IDERNA7,2025-08-10 22:00:00+00:00,full_outage,full_outage,1.2808009994549466e-13,801.0,0.0,3.2020024986373665e-15,0.9999999999999968,2025-07-08 14:00:00+00:00,2025-08-11 11:00:00+00:00,814,True,0.0
IDERNA7,2025-08-10 23:00:00+00:00,full_outage,full_outage,1.2285308153320348e-13,802.0,0.0,3.071327038330087e-15,0.9999999999999969,2025-07-08 14:00:00+00:00,2025-08-11 11:00:00+00:00,814,True,0.0
IDERNA7,2025-08-11 00:00:00+00:00,full_outage,full_outage,1.1783938058001756e-13,803.0,0.0,2.9459845145004394e-15,0.999999999999997,2025-07-08 14:00:00+00:00,2025-08-11 11:00:00+00:00,814,True,0.0
IDERNA7,2025-08-11 01:00:00+00:00,full_outage,full_outage,1.1303029148462443e-13,804.0,0.0,2.825757287115611e-15,0.9999999999999972,2025-07-08 14:00:00+00:00,2025-08-11 11:00:00+00:00,814,True,0.0
IDERNA7,2025-08-11 02:00:00+00:00,full_outage,full_outage,1.0841746392602482e-13,805.0,0.0,2.7104365981506207e-15,0.9999999999999973,2025-07-08 14:00:00+00:00,2025-08-11 11:00:00+00:00,814,True,0.0
IDERNA7,2025-08-11 03:00:00+00:00,full_outage,full_outage,1.0399288836435282e-13,806.0,0.0,2.5998222091088208e-15,0.9999999999999974,2025-07-08 14:00:00+00:00,2025-08-11 11:00:00+00:00,814,True,0.0
IDERNA7,2025-08-11 04:00:00+00:00,full_outage,full_outage,9.974888213341504e-14,807.0,0.0,2.493722053335376e-15,0.9999999999999976,2025-07-08 14:00:00+00:00,2025-08-11 11:00:00+00:00,814,True,0.0
IDERNA7,2025-08-11 05:00:00+00:00,full_outage,full_outage,9.567807610079399e-14,808.0,0.0,2.3919519025198503e-15,0.9999999999999976,2025-07-08 14:00:00+00:00,2025-08-11 11:00:00+00:00,814,True,0.0
IDERNA7,2025-08-11 06:00:00+00:00,full_outage,full_outage,9.177340187236697e-14,809.0,0.0,2.2943350468091746e-15,0.9999999999999977,2025-07-08 14:00:00+00:00,2025-08-11 11:00:00+00:00,814,True,0.0
IDERNA7,2025-08-11 07:00:00+00:00,full_outage,full_outage,8.802807951901467e-14,810.0,0.0,2.2007019879753665e-15,0.9999999999999978,2025-07-08 14:00:00+00:00,2025-08-11 11:00:00+00:00,814,True,0.0
IDERNA7,2025-08-11 08:00:00+00:00,full_outage,full_outage,8.443560580420393e-14,811.0,0.0,2.1108901451050982e-15,0.9999999999999979,2025-07-08 14:00:00+00:00,2025-08-11 11:00:00+00:00,814,True,0.0
IDERNA7,2025-08-11 09:00:00+00:00,full_outage,full_outage,8.098974289201517e-14,812.0,0.0,2.0247435723003795e-15,0.999999999999998,2025-07-08 14:00:00+00:00,2025-08-11 11:00:00+00:00,814,True,0.0
IDERNA7,2025-08-11 10:00:00+00:00,full_outage,full_outage,7.76845075160009e-14,813.0,0.0,1.9421126879000225e-15,0.9999999999999981,2025-07-08 14:00:00+00:00,2025-08-11 11:00:00+00:00,814,True,0.0
IDERNA7,2025-08-11 11:00:00+00:00,full_outage,full_outage,7.451416059006384e-14,814.0,0.0,1.8628540147515963e-15,0.9999999999999981,2025-07-08 14:00:00+00:00,2025-08-11 11:00:00+00:00,814,True,0.0
IDERNA7,2025-08-11 12:00:00+00:00,online,scored,65.18551587301587,0.0,0.0,1.0,0.0,2025-07-08 14:00:00+00:00,2025-08-11 11:00:00+00:00,814,True,65.18551587301587
IDERNA7,2025-08-11 13:00:00+00:00,online,scored,65.37103174603175,0.0,0.0,1.0,0.0,2025-07-08 14:00:00+00:00,2025-08-11 11:00:00+00:00,814,True,65.37103174603175
IDERNA7,2025-08-11 14:00:00+00:00,online,scored,65.55654761904762,0.0,0.0,1.0,0.0,2025-07-08 14:00:00+00:00,2025-08-11 11:00:00+00:00,814,True,65.55654761904762
IDERNA7,2025-08-11 15:00:00+00:00,online,scored,65.7420634920635,0.0,0.0,1.0,0.0,2025-07-08 14:00:00+00:00,2025-08-11 11:00:00+00:00,814,True,65.7420634920635
IDERNA7,2025-08-11 16:00:00+00:00,online,scored,65.92757936507937,0.0,0.0,1.0,0.0,2025-07-08 14:00:00+00:00,2025-08-11 11:00:00+00:00,814,True,65.92757936507937
IDERNA7,2025-08-11 17:00:00+00:00,online,scored,66.11309523809524,0.0,0.0,1.0,0.0,2025-07-08 14:00:00+00:00,2025-08-11 11:00:00+00:00,814,True,66.11309523809524
IDERNA7,2025-08-11 18:00:00+00:00,online,scored,66.29861111111111,0.0,0.0,1.0,0.0,2025-07-08 14:00:00+00:00,2025-08-11 11:00:00+00:00,814,True,66.29861111111111
IDERNA7,2025-08-11 19:00:00+00:00,online,scored,66.48412698412699,0.0,0.0,1.0,0.0,2025-07-08 14:00:00+00:00,2025-08-11 11:00:00+00:00,814,True,66.48412698412699
IDERNA7,2025-08-11 20:00:00+00:00,online,scored,66.66964285714286,0.0,0.0,1.0,0.0,2025-07-08 14:00:00+00:00,2025-08-11 11:00:00+00:00,814,True,66.66964285714286
IDERNA7,2025-08-11 21:00:00+00:00,online,scored,66.85515873015873,0.0,0.0,1.0,0.0,2025-07-08 14:00:00+00:00,2025-08-11 11:00:00+00:00,814,True,66.85515873015873
IDERNA7,2025-08-11 22:00:00+00:00,online,scored,67.04067460317461,0.0,0.0,1.0,0.0,2025-07-08 14:00:00+00:00,2025-08-11 11:00:00+00:00,814,True,67.04067460317461
IDERNA7,2025-08-11 23:00:00+00:00,online,scored,67.22619047619047,0.0,0.0,1.0,0.0,2025-07-08 14:00:00+00:00,2025-08-11 11:00:00+00:00,814,True,67.22619047619047
IDERNA7,2025-08-12 00:00:00+00:00,full_outage,full_outage,64.16292332733627,1.0,0.0,0.9591894571091382,0.040810542890861834,2025-07-08 14:00:00+00:00,2025-08-11 11:00:00+00:00,814,True,0.0
IDERNA7,2025-08-12 01:00:00+00:00,full_outage,full_outage,61.54439959288295,2.0,0.0,0.9200444146293233,0.07995558537067671,2025-07-08 14:00:00+00:00,2025-08-11 11:00:00+00:00,814,True,0.0
IDERNA7,2025-08-12 02:00:00+00:00,full_outage,full_outage,59.032739233605255,3.0,0.0,0.8824969025845955,0.11750309741540454,2025-07-08 14:00:00+00:00,2025-08-11 11:00:00+00:00,814,True,0.0
IDERNA7,2025-08-12 03:00:00+00:00,full_outage,full_outage,56.62358109714715,4.0,0.0,0.8464817248906141,0.15351827510938587,2025-07-08 14:00:00+00:00,2025-08-11 11:00:00+00:00,814,True,0.0
IDERNA7,2025-08-12 04:00:00+00:00,full_outage,full_outage,54.31274201214782,5.0,0.0,0.8119363461506349,0.18806365384936508,2025-07-08 14:00:00+00:00,2025-08-11 11:00:00+00:00,814,True,0.0
IDERNA7,2025-08-12 05:00:00+00:00,full_outage,full_outage,52.096209524740765,6.0,0.0,0.7788007830714049,0.22119921692859512,2025-07-08 14:00:00+00:00,2025-08-11 11:00:00+00:00,814,True,0.0
IDERNA7,2025-08-12 06:00:00+00:00,full_outage,full_outage,49.97013493148001,7.0,0.0,0.7470175003104326,0.25298249968956743,2025-07-08 14:00:00+00:00,2025-08-11 11:00:00+00:00,814,True,0.0
IDERNA7,2025-08-12 07:00:00+00:00,full_outage,full_outage,47.93082659659669,8.0,0.0,0.7165313105737893,0.28346868942621073,2025-07-08 14:00:00+00:00,2025-08-11 11:00:00+00:00,814,True,0.0
IDERNA7,2025-08-12 08:00:00+00:00,full_outage,full_outage,45.97474354198183,9.0,0.0,0.6872892787909722,0.31271072120902776,2025-07-08 14:00:00+00:00,2025-08-11 11:00:00+00:00,814,True,0.0
IDERNA7,2025-08-12 09:00:00+00:00,full_outage,full_outage,44.0984892987654,10.0,0.0,0.6592406302004438,0.34075936979955623,2025-07-08 14:00:00+00:00,2025-08-11 11:00:00+00:00,814,True,0.0
IDERNA7,2025-08-12 10:00:00+00:00,full_outage,full_outage,42.29880600981592,11.0,0.0,0.6323366621862497,0.36766333781375027,2025-07-08 14:00:00+00:00,2025-08-11 11:00:00+00:00,814,True,0.0
IDERNA7,2025-08-12 11:00:00+00:00,full_outage,full_outage,40.572568772920086,12.0,0.0,0.6065306597126334,0.3934693402873666,2025-07-08 14:00:00+00:00,2025-08-11 11:00:00+00:00,814,True,0.0
IDERNA7,2025-08-12 12:00:00+00:00,full_outage,full_outage,38.91678021482039,13.0,0.0,0.5817778142098083,0.41822218579019166,2025-07-08 14:00:00+00:00,2025-08-11 11:00:00+00:00,814,True,0.0
IDERNA7,2025-08-12 13:00:00+00:00,online,scored,67.07837301587301,0.0,0.0,1.0,0.0,2025-07-08 14:00:00+00:00,2025-08-11 11:00:00+00:00,814,True,67.07837301587301
IDERNA7,2025-08-12 14:00:00+00:00,full_outage,full_outage,64.09440979468563,1.0,0.0,0.9591894571091382,0.040810542890861834,2025-07-08 14:00:00+00:00,2025-08-11 11:00:00+00:00,814,True,0.0
IDERNA7,2025-08-12 15:00:00+00:00,full_outage,full_outage,61.478682134695134,2.0,0.0,0.9200444146293233,0.07995558537067671,2025-07-08 14:00:00+00:00,2025-08-11 11:00:00+00:00,814,True,0.0
IDERNA7,2025-08-12 16:00:00+00:00,full_outage,full_outage,58.9697037405635,3.0,0.0,0.8824969025845955,0.11750309741540454,2025-07-08 14:00:00+00:00,2025-08-11 11:00:00+00:00,814,True,0.0
IDERNA7,2025-08-12 17:00:00+00:00,full_outage,full_outage,56.563118116797824,4.0,0.0,0.8464817248906141,0.15351827510938587,2025-07-08 14:00:00+00:00,2025-08-11 11:00:00+00:00,814,True,0.0
IDERNA7,2025-08-12 18:00:00+00:00,full_outage,full_outage,54.25474655885135,5.0,0.0,0.8119363461506349,0.18806365384936508,2025-07-08 14:00:00+00:00,2025-08-11 11:00:00+00:00,814,True,0.0
IDERNA7,2025-08-12 19:00:00+00:00,full_outage,full_outage,52.040580897378526,6.0,0.0,0.7788007830714049,0.22119921692859512,2025-07-08 14:00:00+00:00,2025-08-11 11:00:00+00:00,814,True,0.0
IDERNA7,2025-08-12 20:00:00+00:00,full_outage,full_outage,49.91677653860069,7.0,0.0,0.7470175003104326,0.25298249968956743,2025-07-08 14:00:00+00:00,2025-08-11 11:00:00+00:00,814,True,0.0
IDERNA7,2025-08-12 21:00:00+00:00,full_outage,full_outage,47.87964578869857,8.0,0.0,0.7165313105737893,0.28346868942621073,2025-07-08 14:00:00+00:00,2025-08-11 11:00:00+00:00,814,True,0.0
IDERNA7,2025-08-12 22:00:00+00:00,full_outage,full_outage,45.925651450639606,9.0,0.0,0.6872892787909722,0.31271072120902776,2025-07-08 14:00:00+00:00,2025-08-11 11:00:00+00:00,814,True,0.0
IDERNA7,2025-08-12 23:00:00+00:00,full_outage,full_outage,44.05140068232251,10.0,0.0,0.6592406302004438,0.34075936979955623,2025-07-08 14:00:00+00:00,2025-08-11 11:00:00+00:00,814,True,0.0
IDERNA7,2025-08-13 00:00:00+00:00,full_outage,full_outage,42.25363910537404,11.0,0.0,0.6323366621862497,0.36766333781375027,2025-07-08 14:00:00+00:00,2025-08-11 11:00:00+00:00,814,True,0.0
IDERNA7,2025-08-13 01:00:00+00:00,full_outage,full_outage,40.529245154369185,12.0,0.0,0.6065306597126334,0.3934693402873666,2025-07-08 14:00:00+00:00,2025-08-11 11:00:00+00:00,814,True,0.0
IDERNA7,2025-08-13 02:00:00+00:00,full_outage,full_outage,38.87522465666255,13.0,0.0,0.5817778142098083,0.41822218579019166,2025-07-08 14:00:00+00:00,2025-08-11 11:00:00+00:00,814,True,0.0
IDERNA7,2025-08-13 03:00:00+00:00,full_outage,full_outage,37.28870563341993,14.0,0.0,0.5580351457700471,0.4419648542299529,2025-07-08 14:00:00+00:00,2025-08-11 11:00:00+00:00,814,True,0.0
IDERNA7,2025-08-13 04:00:00+00:00,full_outage,full_outage,35.76693331282253,15.0,0.0,0.5352614285189903,0.4647385714810097,2025-07-08 14:00:00+00:00,2025-08-11 11:00:00+00:00,814,True,0.0
IDERNA7,2025-08-13 05:00:00+00:00,full_outage,full_outage,34.30726534678499,16.0,0.0,0.513417119032592,0.486582880967408,2025-07-08 14:00:00+00:00,2025-08-11 11:00:00+00:00,814,True,0.0
IDERNA7,2025-08-13 06:00:00+00:00,full_outage,full_outage,32.907167222881846,17.0,0.0,0.49246428767540973,0.5075357123245903,2025-07-08 14:00:00+00:00,2025-08-11 11:00:00+00:00,814,True,0.0
IDERNA7,2025-08-13 07:00:00+00:00,full_outage,full_outage,31.56420786351566,18.0,0.0,0.4723665527410147,0.5276334472589853,2025-07-08 14:00:00+00:00,2025-08-11 11:00:00+00:00,814,True,0.0
IDERNA7,2025-08-13 08:00:00+00:00,full_outage,full_outage,30.27605540468558,19.0,0.0,0.453089017280169,0.5469109827198311,2025-07-08 14:00:00+00:00,2025-08-11 11:00:00+00:00,814,True,0.0
IDERNA7,2025-08-13 09:00:00+00:00,full_outage,full_outage,29.040473147026546,20.0,0.0,0.4345982085070782,0.5654017914929218,2025-07-08 14:00:00+00:00,2025-08-11 11:00:00+00:00,814,True,0.0
IDERNA7,2025-08-13 10:00:00+00:00,full_outage,full_outage,27.855315672088903,21.0,0.0,0.4168620196785084,0.5831379803214916,2025-07-08 14:00:00+00:00,2025-08-11 11:00:00+00:00,814,True,0.0
IDERNA7,2025-08-13 11:00:00+00:00,full_outage,full_outage,26.71852511711462,22.0,0.0,0.39984965434484737,0.6001503456551527,2025-07-08 14:00:00+00:00,2025-08-11 11:00:00+00:00,814,True,0.0
IDERNA7,2025-08-13 12:00:00+00:00,full_outage,full_outage,25.628127601842046,23.0,0.0,0.3835315728763107,0.6164684271236893,2025-07-08 14:00:00+00:00,2025-08-11 11:00:00+00:00,814,True,0.0
IDERNA7,2025-08-13 13:00:00+00:00,full_outage,full_outage,24.58222980113459,24.0,0.0,0.36787944117144233,0.6321205588285577,2025-07-08 14:00:00+00:00,2025-08-11 11:00:00+00:00,814,True,0.0
IDERNA7,2025-08-13 14:00:00+00:00,full_outage,full_outage,23.57901565748237,25.0,0.0,0.3528660814588489,0.6471339185411511,2025-07-08 14:00:00+00:00,2025-08-11 11:00:00+00:00,814,True,0.0
IDERNA7,2025-08-13 15:00:00+00:00,full_outage,full_outage,22.61674322766838,26.0,0.0,0.3384654251067422,0.6615345748932577,2025-07-08 14:00:00+00:00,2025-08-11 11:00:00+00:00,814,True,0.0
IDERNA7,2025-08-13 16:00:00+00:00,full_outage,full_outage,21.69374165812401,27.0,0.0,0.32465246735834974,0.6753475326416503,2025-07-08 14:00:00+00:00,2025-08-11 11:00:00+00:00,814,True,0.0
IDERNA7,2025-08-13 17:00:00+00:00,full_outage,full_outage,20.808408283721867,28.0,0.0,0.3114032239145977,0.6885967760854024,2025-07-08 14:00:00+00:00,2025-08-11 11:00:00+00:00,814,True,0.0
IDERNA7,2025-08-13 18:00:00+00:00,full_outage,full_outage,19.95920584496847,29.0,0.0,0.29869468928867837,0.7013053107113216,2025-07-08 14:00:00+00:00,2025-08-11 11:00:00+00:00,814,True,0.0
IDERNA7,2025-08-13 19:00:00+00:00,full_outage,full_outage,19.144659818764843,30.0,0.0,0.2865047968601901,0.7134952031398099,2025-07-08 14:00:00+00:00,2025-08-11 11:00:00+00:00,814,True,0.0
IDERNA7,2025-08-13 20:00:00+00:00,full_outage,full_outage,18.36335585810018,31.0,0.0,0.27481238055948964,0.7251876194405104,2025-07-08 14:00:00+00:00,2025-08-11 11:00:00+00:00,814,True,0.0
IDERNA7,2025-08-13 21:00:00+00:00,full_outage,full_outage,17.61393733623303,32.0,0.0,0.26359713811572677,0.7364028618842733,2025-07-08 14:00:00+00:00,2025-08-11 11:00:00+00:00,814,True,0.0
IDERNA7,2025-08-13 22:00:00+00:00,online,scored,67.00694444444444,0.0,0.0,1.0,0.0,2025-07-08 14:00:00+00:00,2025-08-11 11:00:00+00:00,814,True,67.00694444444444
IDERNA7,2025-08-13 23:00:00+00:00,online,scored,67.19246031746032,0.0,0.0,1.0,0.0,2025-07-08 14:00:00+00:00,2025-08-11 11:00:00+00:00,814,True,67.19246031746032
IDERNA7,2025-08-14 00:00:00+00:00,online,scored,67.37797619047619,0.0,0.0,1.0,0.0,2025-07-08 14:00:00+00:00,2025-08-11 11:00:00+00:00,814,True,67.37797619047619
IDERNA7,2025-08-14 01:00:00+00:00,online,scored,67.56349206349206,0.0,0.0,1.0,0.0,2025-07-08 14:00:00+00:00,2025-08-11 11:00:00+00:00,814,True,67.56349206349206
IDERNA7,2025-08-14 02:00:00+00:00,online,scored,67.74900793650794,0.0,0.0,1.0,0.0,2025-07-08 14:00:00+00:00,2025-08-11 11:00:00+00:00,814,True,67.74900793650794
IDERNA7,2025-08-14 03:00:00+00:00,online,scored,67.93452380952381,0.0,0.0,1.0,0.0,2025-07-08 14:00:00+00:00,2025-08-11 11:00:00+00:00,814,True,67.93452380952381
IDERNA7,2025-08-14 04:00:00+00:00,online,scored,68.12003968253968,0.0,0.0,1.0,0.0,2025-07-08 14:00:00+00:00,2025-08-11 11:00:00+00:00,814,True,68.12003968253968
IDERNA7,2025-08-14 05:00:00+00:00,online,scored,68.30555555555556,0.0,0.0,1.0,0.0,2025-07-08 14:00:00+00:00,2025-08-11 11:00:00+00:00,814,True,68.30555555555556
IDERNA7,2025-08-14 06:00:00+00:00,online,scored,68.49107142857143,0.0,0.0,1.0,0.0,2025-07-08 14:00:00+00:00,2025-08-11 11:00:00+00:00,814,True,68.49107142857143
IDERNA7,2025-08-14 07:00:00+00:00,online,scored,68.6765873015873,0.0,0.0,1.0,0.0,2025-07-08 14:00:00+00:00,2025-08-11 11:00:00+00:00,814,True,68.6765873015873
IDERNA7,2025-08-14 08:00:00+00:00,online,scored,68.86210317460316,0.0,0.0,1.0,0.0,2025-07-08 14:00:00+00:00,2025-08-11 11:00:00+00:00,814,True,68.86210317460316
IDERNA7,2025-08-14 09:00:00+00:00,online,scored,69.04761904761905,0.0,0.0,1.0,0.0,2025-07-08 14:00:00+00:00,2025-08-11 11:00:00+00:00,814,True,69.04761904761905
IDERNA7,2025-08-14 10:00:00+00:00,online,scored,61.14216269841264,0.0,0.0,1.0,0.0,2025-07-08 14:00:00+00:00,2025-08-11 11:00:00+00:00,814,True,61.14216269841264
IDERNA7,2025-08-14 11:00:00+00:00,online,scored,60.41170634920633,0.0,0.0,1.0,0.0,2025-07-08 14:00:00+00:00,2025-08-11 11:00:00+00:00,814,True,60.41170634920633
