episode_id,station_id,start_hour,end_hour,duration_hours,binary_fault,label_state,mechanisms,components,fired_channels,period
v2_000001,I90583612,2025-10-10 15:00:00+00:00,2025-10-10 15:00:00+00:00,1,0,benign,,,,pre_april
v2_000002,I90583612,2025-10-10 22:00:00+00:00,2025-10-10 22:00:00+00:00,1,0,benign,,,,pre_april
v2_000003,I90583612,2025-10-11 02:00:00+00:00,2025-10-11 02:00:00+00:00,1,0,benign,,,,pre_april
v2_000004,I90583612,2025-10-11 04:00:00+00:00,2025-10-11 04:00:00+00:00,1,0,benign,,,,pre_april
v2_000005,I90583612,2025-10-11 07:00:00+00:00,2025-10-11 07:00:00+00:00,1,0,benign,,,,pre_april
v2_000006,I90583612,2025-10-11 12:00:00+00:00,2025-10-11 12:00:00+00:00,1,0,benign,,,,pre_april
v2_000007,I90583612,2025-10-11 22:00:00+00:00,2025-10-11 22:00:00+00:00,1,0,benign,,,,pre_april
v2_000008,I90583612,2025-10-12 00:00:00+00:00,2025-10-12 01:00:00+00:00,2,0,benign,,,,pre_april
v2_000009,I90583612,2025-10-12 13:00:00+00:00,2025-10-12 13:00:00+00:00,1,0,benign,,,,pre_april
v2_000010,I90583612,2025-10-12 16:00:00+00:00,2025-10-12 16:00:00+00:00,1,0,benign,,,,pre_april
v2_000011,I90583612,2025-10-12 21:00:00+00:00,2025-10-12 21:00:00+00:00,1,0,benign,,,,pre_april
v2_000012,I90583612,2025-10-14 23:00:00+00:00,2025-10-14 23:00:00+00:00,1,0,benign,,,,pre_april
v2_000013,I90583612,2025-10-15 01:00:00+00:00,2025-10-15 02:00:00+00:00,2,0,benign,,,,pre_april
v2_000014,I90583612,2025-10-16 08:00:00+00:00,2025-10-16 09:00:00+00:00,2,0,benign,,,,pre_april
v2_000015,I90583612,2025-10-16 13:00:00+00:00,2025-10-16 13:00:00+00:00,1,0,benign,,,,pre_april
v2_000016,I90583612,2025-10-19 01:00:00+00:00,2025-10-19 01:00:00+00:00,1,0,benign,,,,pre_april
v2_000017,I90583612,2025-10-19 09:00:00+00:00,2025-10-19 09:00:00+00:00,1,0,benign,,,,pre_april
v2_000018,I90583612,2025-10-25 11:00:00+00:00,2025-10-25 14:00:00+00:00,4,0,benign,,,,pre_april
v2_000019,I90583612,2025-10-30 11:00:00+00:00,2025-10-30 11:00:00+00:00,1,0,benign,,,,pre_april
v2_000020,I90583612,2025-10-31 23:00:00+00:00,2025-11-01 00:00:00+00:00,2,0,benign,,,,pre_april
v2_000021,I90583612,2025-11-03 05:00:00+00:00,2025-11-03 05:00:00+00:00,1,0,benign,,,,pre_april
v2_000022,I90583612,2025-11-03 08:00:00+00:00,2025-11-03 08:00:00+00:00,1,0,benign,,,,pre_april
v2_000023,I90583612,2025-11-04 05:00:00+00:00,2025-11-04 06:00:00+00:00,2,0,benign,,,,pre_april
v2_000024,I90583612,2025-11-16 12:00:00+00:00,2025-11-16 12:00:00+00:00,1,0,benign,,,,pre_april
v2_000025,I90583612,2025-11-17 09:00:00+00:00,2025-11-17 09:00:00+00:00,1,0,benign,,,,pre_april
v2_000026,I90583612,2025-11-18 12:00:00+00:00,2025-11-18 13:00:00+00:00,2,0,benign,,,,pre_april
v2_000027,I90583612,2025-11-20 04:00:00+00:00,2025-11-20 04:00:00+00:00,1,0,benign,,,,pre_april
v2_000028,I90583612,2025-11-21 00:00:00+00:00,2025-11-21 00:00:00+00:00,1,0,benign,,,,pre_april
v2_000029,I90583612,2025-11-22 06:00:00+00:00,2025-11-22 06:00:00+00:00,1,0,benign,,,,pre_april
v2_000030,I90583612,2025-11-28 23:00:00+00:00,2025-11-28 23:00:00+00:00,1,0,benign,,,,pre_april
v2_000031,I90583612,2025-12-02 17:00:00+00:00,2025-12-02 17:00:00+00:00,1,0,benign,,,,pre_april
v2_000032,I90583612,2025-12-02 23:00:00+00:00,2025-12-03 02:00:00+00:00,4,0,benign,,,,pre_april
v2_000033,I90583612,2025-12-03 04:00:00+00:00,2025-12-03 04:00:00+00:00,1,0,benign,,,,pre_april
v2_000034,I90583612,2025-12-03 13:00:00+00:00,2025-12-03 13:00:00+00:00,1,0,benign,,,,pre_april
v2_000035,I90583612,2025-12-06 11:00:00+00:00,2025-12-06 11:00:00+00:00,1,0,benign,,,,pre_april
v2_000036,I90583612,2025-12-30 23:00:00+00:00,2025-12-30 23:00:00+00:00,1,0,benign,,,,pre_april
v2_000037,I90583612,2026-01-09 06:00:00+00:00,2026-01-09 06:00:00+00:00,1,0,benign,,,,pre_april
v2_000038,I90583612,2026-01-13 23:00:00+00:00,2026-01-13 23:00:00+00:00,1,0,benign,,,,pre_april
v2_000039,I90583612,2026-01-16 03:00:00+00:00,2026-01-16 03:00:00+00:00,1,0,benign,,,,pre_april
v2_000040,I90583612,2026-01-18 22:00:00+00:00,2026-01-18 23:00:00+00:00,2,0,benign,,,,pre_april
v2_000041,I90583612,2026-01-26 13:00:00+00:00,2026-01-26 15:00:00+00:00,3,0,benign,,,,pre_april
v2_000042,I90583612,2026-01-26 17:00:00+00:00,2026-01-26 17:00:00+00:00,1,0,benign,,,,pre_april
v2_000043,I90583612,2026-01-26 18:00:00+00:00,2026-01-26 18:00:00+00:00,1,0,benign,,,,pre_april
v2_000044,I90583612,2026-01-29 10:00:00+00:00,2026-01-29 10:00:00+00:00,1,0,benign,,,,pre_april
v2_000045,I90583612,2026-01-31 21:00:00+00:00,2026-01-31 21:00:00+00:00,1,0,benign,,,,pre_april
v2_000046,I90583612,2026-02-12 12:00:00+00:00,2026-02-12 12:00:00+00:00,1,0,benign,,,,pre_april
v2_000047,I90583612,2026-02-12 14:00:00+00:00,2026-02-12 14:00:00+00:00,1,0,benign,,,,pre_april
v2_000048,I90583612,2026-02-12 15:00:00+00:00,2026-02-12 16:00:00+00:00,2,0,benign,,,,pre_april
v2_000049,I90583612,2026-02-22 04:00:00+00:00,2026-02-22 04:00:00+00:00,1,0,benign,,,,pre_april
v2_000050,I90583612,2026-04-02 04:00:00+00:00,2026-04-02 07:00:00+00:00,4,0,benign,,,,april_may
v2_000051,I90583612,2026-05-01 15:00:00+00:00,2026-05-01 16:00:00+00:00,2,0,benign,,,,april_may
v2_000052,I90583612,2026-05-01 21:00:00+00:00,2026-05-01 21:00:00+00:00,1,0,benign,,,,april_may
v2_000053,I90583612,2026-05-02 12:00:00+00:00,2026-05-02 12:00:00+00:00,1,1,fault,spike_impossible,barometer,spike_impossible=pressure_trend_hpa,april_may
v2_000054,I90583612,2026-05-06 16:00:00+00:00,2026-05-06 16:00:00+00:00,1,0,benign,,,,april_may
v2_000055,I90583612,2026-05-08 12:00:00+00:00,2026-05-08 12:00:00+00:00,1,0,benign,,,,april_may
v2_000056,I90583612,2026-05-19 23:00:00+00:00,2026-05-19 23:00:00+00:00,1,1,fault,spike_impossible,barometer,spike_impossible=pressure_trend_hpa,april_may
v2_000057,I90583612,2026-05-20 03:00:00+00:00,2026-05-20 03:00:00+00:00,1,0,benign,,,,april_may
v2_000058,I90583612,2026-05-20 06:00:00+00:00,2026-05-20 06:00:00+00:00,1,0,benign,,,,april_may
v2_000059,I90583612,2026-05-20 10:00:00+00:00,2026-05-20 10:00:00+00:00,1,0,benign,,,,april_may
v2_000060,I90583612,2026-05-21 01:00:00+00:00,2026-05-21 01:00:00+00:00,1,0,benign,,,,april_may
v2_000061,I90583612,2026-05-25 12:00:00+00:00,2026-05-25 12:00:00+00:00,1,1,fault,spike_impossible,barometer,spike_impossible=pressure_trend_hpa,april_may
v2_000062,I90583612,2026-05-25 14:00:00+00:00,2026-05-25 14:00:00+00:00,1,0,benign,,,,april_may
v2_000063,I90583612,2026-05-29 04:00:00+00:00,2026-05-29 04:00:00+00:00,1,1,fault,spike_impossible,barometer,spike_impossible=pressure_trend_hpa,april_may
v2_000064,I90583612,2026-05-31 04:00:00+00:00,2026-05-31 04:00:00+00:00,1,0,benign,,,,april_may
v2_000065,I90583612,2026-06-09 11:00:00+00:00,2026-06-09 11:00:00+00:00,1,1,fault,statistical_anomaly,light_uv,statistical_anomaly=uv_high,june
v2_000066,I90583612,2026-06-09 14:00:00+00:00,2026-06-09 14:00:00+00:00,1,0,benign,,,,june
v2_000067,I90583612,2026-06-09 19:00:00+00:00,2026-06-09 19:00:00+00:00,1,0,benign,,,,june
v2_000068,I90583612,2026-06-10 10:00:00+00:00,2026-06-10 10:00:00+00:00,1,1,fault,statistical_anomaly,light_uv,statistical_anomaly=uv_high,june
v2_000069,I90583612,2026-06-10 20:00:00+00:00,2026-06-10 20:00:00+00:00,1,0,benign,,,,june
v2_000070,I90583612,2026-06-11 16:00:00+00:00,2026-06-11 16:00:00+00:00,1,0,benign,,,,june
v2_000071,I90583612,2026-06-11 19:00:00+00:00,2026-06-11 19:00:00+00:00,1,0,benign,,,,june
v2_000072,I90583612,2026-06-12 10:00:00+00:00,2026-06-12 13:00:00+00:00,4,1,fault,statistical_anomaly,anemometer,statistical_anomaly=windgust_low_kmh,june
v2_000073,I90583612,2026-06-12 16:00:00+00:00,2026-06-12 16:00:00+00:00,1,0,benign,,,,june
v2_000074,I90583612,2026-06-12 18:00:00+00:00,2026-06-12 18:00:00+00:00,1,1,fault,statistical_anomaly,anemometer,statistical_anomaly=windgust_high_kmh,june
v2_000075,I90583612,2026-06-12 20:00:00+00:00,2026-06-12 20:00:00+00:00,1,0,benign,,,,june
v2_000076,I90583612,2026-06-13 03:00:00+00:00,2026-06-13 03:00:00+00:00,1,0,benign,,,,june
v2_000077,I90583612,2026-06-13 09:00:00+00:00,2026-06-13 11:00:00+00:00,3,1,fault,statistical_anomaly,light_uv,statistical_anomaly=uv_high,june
v2_000078,I90583612,2026-06-14 09:00:00+00:00,2026-06-14 11:00:00+00:00,3,1,fault,statistical_anomaly,light_uv,statistical_anomaly=uv_high,june
v2_000079,I90583612,2026-06-15 09:00:00+00:00,2026-06-15 11:00:00+00:00,3,1,fault,statistical_anomaly,light_uv,statistical_anomaly=uv_high,june
v2_000080,I90583612,2026-06-15 14:00:00+00:00,2026-06-15 14:00:00+00:00,1,0,benign,,,,june
v2_000081,I90583612,2026-06-16 11:00:00+00:00,2026-06-16 11:00:00+00:00,1,0,benign,,,,june
v2_000082,I90583612,2026-06-18 11:00:00+00:00,2026-06-18 11:00:00+00:00,1,1,fault,statistical_anomaly,light_uv,statistical_anomaly=uv_high,june
v2_000083,I90583612,2026-06-18 13:00:00+00:00,2026-06-18 13:00:00+00:00,1,0,benign,,,,june
v2_000084,I90583612,2026-06-20 00:00:00+00:00,2026-06-20 00:00:00+00:00,1,1,fault,spike_impossible,barometer,spike_impossible=pressure_trend_hpa,june
v2_000085,I90583612,2026-06-20 14:00:00+00:00,2026-06-20 14:00:00+00:00,1,0,benign,,,,june
v2_000086,I90583612,2026-06-22 21:00:00+00:00,2026-06-22 21:00:00+00:00,1,0,benign,,,,june
v2_000087,I90583612,2026-06-24 11:00:00+00:00,2026-06-24 11:00:00+00:00,1,1,fault,statistical_anomaly,light_uv,statistical_anomaly=uv_high,june
v2_000088,I90583612,2026-06-24 20:00:00+00:00,2026-06-24 20:00:00+00:00,1,1,fault,spike_impossible,barometer,spike_impossible=pressure_trend_hpa,june
v2_000089,I90583612,2026-06-26 11:00:00+00:00,2026-06-26 11:00:00+00:00,1,1,fault,statistical_anomaly,barometer,statistical_anomaly=pressure_trend_hpa,june
v2_000090,IALWAH18,2025-08-26 00:00:00+00:00,2025-08-26 00:00:00+00:00,1,0,benign,,,,pre_april
v2_000091,IALWAH18,2025-08-26 04:00:00+00:00,2025-08-26 04:00:00+00:00,1,0,benign,,,,pre_april
v2_000092,IALWAH18,2025-08-26 06:00:00+00:00,2025-08-26 06:00:00+00:00,1,0,benign,,,,pre_april
v2_000093,IALWAH18,2025-08-26 09:00:00+00:00,2025-08-26 13:00:00+00:00,5,0,benign,,,,pre_april
v2_000094,IALWAH18,2025-08-26 16:00:00+00:00,2025-08-26 16:00:00+00:00,1,0,benign,,,,pre_april
v2_000095,IALWAH18,2025-08-27 03:00:00+00:00,2025-08-27 03:00:00+00:00,1,0,benign,,,,pre_april
v2_000096,IALWAH18,2025-08-27 07:00:00+00:00,2025-08-27 07:00:00+00:00,1,0,benign,,,,pre_april
v2_000097,IALWAH18,2025-08-27 09:00:00+00:00,2025-08-27 13:00:00+00:00,5,0,benign,,,,pre_april
v2_000098,IALWAH18,2025-08-28 01:00:00+00:00,2025-08-28 01:00:00+00:00,1,0,benign,,,,pre_april
v2_000099,IALWAH18,2025-08-28 09:00:00+00:00,2025-08-28 14:00:00+00:00,6,0,benign,,,,pre_april
v2_000100,IALWAH18,2025-08-29 09:00:00+00:00,2025-08-29 13:00:00+00:00,5,0,benign,,,,pre_april
v2_000101,IALWAH18,2025-08-30 09:00:00+00:00,2025-08-30 10:00:00+00:00,2,0,benign,,,,pre_april
v2_000102,IALWAH18,2025-08-31 09:00:00+00:00,2025-08-31 11:00:00+00:00,3,0,benign,,,,pre_april
v2_000103,IALWAH18,2025-09-01 03:00:00+00:00,2025-09-01 03:00:00+00:00,1,0,benign,,,,pre_april
v2_000104,IALWAH18,2025-09-01 09:00:00+00:00,2025-09-01 15:00:00+00:00,7,1,fault,statistical_anomaly,thermo_hygrometer,statistical_anomaly=temp_high_c,pre_april
v2_000105,IALWAH18,2025-09-02 09:00:00+00:00,2025-09-02 13:00:00+00:00,5,0,benign,,,,pre_april
v2_000106,IALWAH18,2025-09-02 23:00:00+00:00,2025-09-02 23:00:00+00:00,1,0,benign,,,,pre_april
v2_000107,IALWAH18,2025-09-03 11:00:00+00:00,2025-09-03 13:00:00+00:00,3,0,benign,,,,pre_april
v2_000108,IALWAH18,2025-09-04 11:00:00+00:00,2025-09-04 13:00:00+00:00,3,0,benign,,,,pre_april
v2_000109,IALWAH18,2025-09-04 21:00:00+00:00,2025-09-04 21:00:00+00:00,1,0,benign,,,,pre_april
v2_000110,IALWAH18,2025-09-05 09:00:00+00:00,2025-09-05 13:00:00+00:00,5,0,benign,,,,pre_april
v2_000111,IALWAH18,2025-09-05 19:00:00+00:00,2025-09-05 19:00:00+00:00,1,0,benign,,,,pre_april
v2_000112,IALWAH18,2025-09-06 02:00:00+00:00,2025-09-06 02:00:00+00:00,1,0,benign,,,,pre_april
v2_000113,IALWAH18,2025-09-06 09:00:00+00:00,2025-09-06 13:00:00+00:00,5,0,benign,,,,pre_april
v2_000114,IALWAH18,2025-09-06 17:00:00+00:00,2025-09-06 18:00:00+00:00,2,0,benign,,,,pre_april
v2_000115,IALWAH18,2025-09-07 05:00:00+00:00,2025-09-07 05:00:00+00:00,1,0,benign,,,,pre_april
v2_000116,IALWAH18,2025-09-07 09:00:00+00:00,2025-09-07 13:00:00+00:00,5,0,benign,,,,pre_april
v2_000117,IALWAH18,2025-09-08 06:00:00+00:00,2025-09-08 06:00:00+00:00,1,0,benign,,,,pre_april
v2_000118,IALWAH18,2025-09-08 10:00:00+00:00,2025-09-08 13:00:00+00:00,4,0,benign,,,,pre_april
v2_000119,IALWAH18,2025-09-08 18:00:00+00:00,2025-09-08 18:00:00+00:00,1,0,benign,,,,pre_april
v2_000120,IALWAH18,2025-09-09 09:00:00+00:00,2025-09-09 13:00:00+00:00,5,0,benign,,,,pre_april
v2_000121,IALWAH18,2025-09-10 09:00:00+00:00,2025-09-10 13:00:00+00:00,5,0,benign,,,,pre_april
v2_000122,IALWAH18,2025-09-11 09:00:00+00:00,2025-09-11 13:00:00+00:00,5,0,benign,,,,pre_april
v2_000123,IALWAH18,2025-09-11 15:00:00+00:00,2025-09-11 16:00:00+00:00,2,0,benign,,,,pre_april
v2_000124,IALWAH18,2025-09-12 09:00:00+00:00,2025-09-12 13:00:00+00:00,5,0,benign,,,,pre_april
v2_000125,IALWAH18,2025-09-12 17:00:00+00:00,2025-09-12 17:00:00+00:00,1,0,benign,,,,pre_april
v2_000126,IALWAH18,2025-09-13 09:00:00+00:00,2025-09-13 13:00:00+00:00,5,0,borderline_review,,,,pre_april
v2_000127,IALWAH18,2025-09-14 09:00:00+00:00,2025-09-14 13:00:00+00:00,5,0,borderline_review,,,,pre_april
v2_000128,IALWAH18,2025-09-15 10:00:00+00:00,2025-09-15 13:00:00+00:00,4,0,borderline_review,,,,pre_april
v2_000129,IALWAH18,2025-09-15 16:00:00+00:00,2025-09-15 16:00:00+00:00,1,0,benign,,,,pre_april
v2_000130,IALWAH18,2025-09-16 07:00:00+00:00,2025-09-16 07:00:00+00:00,1,0,benign,,,,pre_april
v2_000131,IALWAH18,2025-09-16 09:00:00+00:00,2025-09-16 13:00:00+00:00,5,0,borderline_review,,,,pre_april
v2_000132,IALWAH18,2025-09-16 19:00:00+00:00,2025-09-16 19:00:00+00:00,1,0,benign,,,,pre_april
v2_000133,IALWAH18,2025-09-17 09:00:00+00:00,2025-09-17 13:00:00+00:00,5,0,borderline_review,,,,pre_april
v2_000134,IALWAH18,2025-09-18 09:00:00+00:00,2025-09-18 13:00:00+00:00,5,0,borderline_review,,,,pre_april
v2_000135,IALWAH18,2025-09-18 18:00:00+00:00,2025-09-18 18:00:00+00:00,1,0,benign,,,,pre_april
v2_000136,IALWAH18,2025-09-19 09:00:00+00:00,2025-09-19 13:00:00+00:00,5,0,borderline_review,,,,pre_april
v2_000137,IALWAH18,2025-09-19 16:00:00+00:00,2025-09-19 16:00:00+00:00,1,0,benign,,,,pre_april
v2_000138,IALWAH18,2025-09-20 01:00:00+00:00,2025-09-20 01:00:00+00:00,1,0,benign,,,,pre_april
v2_000139,IALWAH18,2025-09-20 07:00:00+00:00,2025-09-20 07:00:00+00:00,1,0,benign,,,,pre_april
v2_000140,IALWAH18,2025-09-20 10:00:00+00:00,2025-09-20 13:00:00+00:00,4,0,borderline_review,,,,pre_april
v2_000141,IALWAH18,2025-09-20 14:00:00+00:00,2025-09-20 14:00:00+00:00,1,0,benign,,,,pre_april
v2_000142,IALWAH18,2025-09-20 17:00:00+00:00,2025-09-20 17:00:00+00:00,1,0,benign,,,,pre_april
v2_000143,IALWAH18,2025-09-21 10:00:00+00:00,2025-09-21 13:00:00+00:00,4,0,borderline_review,,,,pre_april
v2_000144,IALWAH18,2025-09-22 10:00:00+00:00,2025-09-22 13:00:00+00:00,4,0,borderline_review,,,,pre_april
v2_000145,IALWAH18,2025-09-22 16:00:00+00:00,2025-09-22 16:00:00+00:00,1,0,benign,,,,pre_april
v2_000146,IALWAH18,2025-09-22 19:00:00+00:00,2025-09-22 19:00:00+00:00,1,0,benign,,,,pre_april
v2_000147,IALWAH18,2025-09-23 09:00:00+00:00,2025-09-23 09:00:00+00:00,1,0,benign,,,,pre_april
v2_000148,IALWAH18,2025-09-23 10:00:00+00:00,2025-09-23 13:00:00+00:00,4,0,borderline_review,,,,pre_april
v2_000149,IALWAH18,2025-09-24 09:00:00+00:00,2025-09-24 12:00:00+00:00,4,0,borderline_review,,,,pre_april
v2_000150,IALWAH18,2025-09-25 04:00:00+00:00,2025-09-25 05:00:00+00:00,2,0,benign,,,,pre_april
v2_000151,IALWAH18,2025-09-25 10:00:00+00:00,2025-09-25 12:00:00+00:00,3,0,borderline_review,,,,pre_april
v2_000152,IALWAH18,2025-09-25 14:00:00+00:00,2025-09-25 14:00:00+00:00,1,0,benign,,,,pre_april
v2_000153,IALWAH18,2025-09-26 10:00:00+00:00,2025-09-26 11:00:00+00:00,2,0,borderline_review,,,,pre_april
v2_000154,IALWAH18,2025-09-27 10:00:00+00:00,2025-09-27 11:00:00+00:00,2,0,borderline_review,,,,pre_april
v2_000155,IALWAH18,2025-09-27 12:00:00+00:00,2025-09-27 13:00:00+00:00,2,0,benign,,,,pre_april
v2_000156,IALWAH18,2025-09-27 18:00:00+00:00,2025-09-27 18:00:00+00:00,1,0,benign,,,,pre_april
v2_000157,IALWAH18,2025-09-28 10:00:00+00:00,2025-09-28 11:00:00+00:00,2,0,borderline_review,,,,pre_april
v2_000158,IALWAH18,2025-09-29 10:00:00+00:00,2025-09-29 11:00:00+00:00,2,0,borderline_review,,,,pre_april
v2_000159,IALWAH18,2025-09-30 10:00:00+00:00,2025-09-30 11:00:00+00:00,2,0,benign,,,,pre_april
v2_000160,IALWAH18,2025-10-02 11:00:00+00:00,2025-10-02 11:00:00+00:00,1,0,benign,,,,pre_april
v2_000161,IALWAH18,2025-10-04 05:00:00+00:00,2025-10-04 05:00:00+00:00,1,0,benign,,,,pre_april
v2_000162,IALWAH18,2025-10-04 10:00:00+00:00,2025-10-04 13:00:00+00:00,4,0,benign,,,,pre_april
v2_000163,IALWAH18,2025-10-04 22:00:00+00:00,2025-10-04 22:00:00+00:00,1,0,benign,,,,pre_april
v2_000164,IALWAH18,2025-10-05 03:00:00+00:00,2025-10-05 03:00:00+00:00,1,0,benign,,,,pre_april
v2_000165,IALWAH18,2025-10-05 10:00:00+00:00,2025-10-05 10:00:00+00:00,1,0,benign,,,,pre_april
v2_000166,IALWAH18,2025-10-05 14:00:00+00:00,2025-10-05 15:00:00+00:00,2,0,benign,,,,pre_april
v2_000167,IALWAH18,2025-10-06 04:00:00+00:00,2025-10-06 04:00:00+00:00,1,0,benign,,,,pre_april
v2_000168,IALWAH18,2025-10-07 10:00:00+00:00,2025-10-07 10:00:00+00:00,1,0,benign,,,,pre_april
v2_000169,IALWAH18,2025-10-08 09:00:00+00:00,2025-10-08 12:00:00+00:00,4,0,benign,,,,pre_april
v2_000170,IALWAH18,2025-10-09 10:00:00+00:00,2025-10-09 10:00:00+00:00,1,0,benign,,,,pre_april
v2_000171,IALWAH18,2025-10-09 11:00:00+00:00,2025-10-09 11:00:00+00:00,1,0,benign,,,,pre_april
v2_000172,IALWAH18,2025-10-09 16:00:00+00:00,2025-10-09 16:00:00+00:00,1,0,benign,,,,pre_april
v2_000173,IALWAH18,2025-10-09 20:00:00+00:00,2025-10-09 20:00:00+00:00,1,0,benign,,,,pre_april
v2_000174,IALWAH18,2025-10-10 10:00:00+00:00,2025-10-10 10:00:00+00:00,1,0,benign,,,,pre_april
v2_000175,IALWAH18,2025-10-10 23:00:00+00:00,2025-10-10 23:00:00+00:00,1,1,fault,statistical_anomaly,barometer,statistical_anomaly=pressure_trend_hpa,pre_april
v2_000176,IALWAH18,2025-10-11 07:00:00+00:00,2025-10-11 07:00:00+00:00,1,0,benign,,,,pre_april
v2_000177,IALWAH18,2025-10-12 11:00:00+00:00,2025-10-12 11:00:00+00:00,1,0,benign,,,,pre_april
v2_000178,IALWAH18,2025-10-12 16:00:00+00:00,2025-10-12 16:00:00+00:00,1,0,benign,,,,pre_april
v2_000179,IALWAH18,2025-10-24 06:00:00+00:00,2025-10-24 06:00:00+00:00,1,0,benign,,,,pre_april
v2_000180,IALWAH18,2025-10-26 05:00:00+00:00,2025-10-26 06:00:00+00:00,2,0,benign,,,,pre_april
v2_000181,IALWAH18,2025-10-26 13:00:00+00:00,2025-10-26 13:00:00+00:00,1,0,benign,,,,pre_april
v2_000182,IALWAH18,2025-11-02 15:00:00+00:00,2025-11-02 15:00:00+00:00,1,0,benign,,,,pre_april
v2_000183,IALWAH18,2025-11-07 06:00:00+00:00,2025-11-07 06:00:00+00:00,1,1,fault,statistical_anomaly,light_uv,statistical_anomaly=uv_high,pre_april
v2_000184,IALWAH18,2025-11-07 15:00:00+00:00,2025-11-07 15:00:00+00:00,1,0,benign,,,,pre_april
v2_000185,IALWAH18,2025-11-11 03:00:00+00:00,2025-11-11 07:00:00+00:00,5,0,benign,,,,pre_april
v2_000186,IALWAH18,2025-11-11 09:00:00+00:00,2025-11-11 09:00:00+00:00,1,0,benign,,,,pre_april
v2_000187,IALWAH18,2025-11-13 15:00:00+00:00,2025-11-13 15:00:00+00:00,1,0,benign,,,,pre_april
v2_000188,IALWAH18,2025-11-16 06:00:00+00:00,2025-11-16 06:00:00+00:00,1,0,benign,,,,pre_april
v2_000189,IALWAH18,2025-11-16 08:00:00+00:00,2025-11-16 08:00:00+00:00,1,0,benign,,,,pre_april
v2_000190,IALWAH18,2025-11-23 10:00:00+00:00,2025-11-23 10:00:00+00:00,1,0,benign,,,,pre_april
v2_000191,IALWAH18,2025-11-24 12:00:00+00:00,2025-11-24 12:00:00+00:00,1,0,benign,,,,pre_april
v2_000192,IALWAH18,2025-12-07 01:00:00+00:00,2025-12-07 07:00:00+00:00,7,0,benign,,,,pre_april
v2_000193,IALWAH18,2025-12-09 04:00:00+00:00,2025-12-09 07:00:00+00:00,4,0,benign,,,,pre_april
v2_000194,IALWAH18,2025-12-10 14:00:00+00:00,2025-12-10 14:00:00+00:00,1,0,benign,,,,pre_april
v2_000195,IALWAH18,2025-12-11 05:00:00+00:00,2025-12-11 05:00:00+00:00,1,0,benign,,,,pre_april
v2_000196,IALWAH18,2025-12-14 10:00:00+00:00,2025-12-14 10:00:00+00:00,1,0,benign,,,,pre_april
v2_000197,IALWAH18,2025-12-14 14:00:00+00:00,2025-12-14 14:00:00+00:00,1,0,benign,,,,pre_april
v2_000198,IALWAH18,2025-12-14 17:00:00+00:00,2025-12-14 17:00:00+00:00,1,0,benign,,,,pre_april
v2_000199,IALWAH18,2025-12-15 16:00:00+00:00,2025-12-15 16:00:00+00:00,1,0,benign,,,,pre_april
v2_000200,IALWAH18,2025-12-16 11:00:00+00:00,2025-12-17 11:00:00+00:00,25,1,fault,stuck_flatline,anemometer,stuck_flatline=windgust_avg_kmh+windspeed_avg_kmh,pre_april
v2_000201,IALWAH18,2025-12-23 05:00:00+00:00,2025-12-23 06:00:00+00:00,2,0,benign,,,,pre_april
v2_000202,IALWAH18,2025-12-25 06:00:00+00:00,2025-12-25 06:00:00+00:00,1,0,benign,,,,pre_april
v2_000203,IALWAH18,2026-01-02 04:00:00+00:00,2026-01-02 04:00:00+00:00,1,0,benign,,,,pre_april
v2_000204,IALWAH18,2026-01-02 14:00:00+00:00,2026-01-02 14:00:00+00:00,1,0,benign,,,,pre_april
v2_000205,IALWAH18,2026-01-08 10:00:00+00:00,2026-01-08 10:00:00+00:00,1,0,benign,,,,pre_april
v2_000206,IALWAH18,2026-01-08 11:00:00+00:00,2026-01-08 11:00:00+00:00,1,0,benign,,,,pre_april
v2_000207,IALWAH18,2026-01-13 09:00:00+00:00,2026-01-13 09:00:00+00:00,1,0,benign,,,,pre_april
v2_000208,IALWAH18,2026-01-13 12:00:00+00:00,2026-01-13 12:00:00+00:00,1,0,benign,,,,pre_april
v2_000209,IALWAH18,2026-01-14 02:00:00+00:00,2026-01-14 06:00:00+00:00,5,0,borderline_review,,,,pre_april
v2_000210,IALWAH18,2026-01-15 02:00:00+00:00,2026-01-15 06:00:00+00:00,5,0,benign,,,,pre_april
v2_000211,IALWAH18,2026-01-15 08:00:00+00:00,2026-01-15 08:00:00+00:00,1,0,benign,,,,pre_april
v2_000212,IALWAH18,2026-01-20 17:00:00+00:00,2026-01-20 17:00:00+00:00,1,0,benign,,,,pre_april
v2_000213,IALWAH18,2026-01-26 08:00:00+00:00,2026-01-26 08:00:00+00:00,1,0,benign,,,,pre_april
v2_000214,IALWAH18,2026-01-27 09:00:00+00:00,2026-01-27 15:00:00+00:00,7,0,benign,,,,pre_april
v2_000215,IALWAH18,2026-01-27 16:00:00+00:00,2026-01-27 16:00:00+00:00,1,0,benign,,,,pre_april
v2_000216,IALWAH18,2026-01-28 09:00:00+00:00,2026-01-28 09:00:00+00:00,1,0,benign,,,,pre_april
v2_000217,IALWAH18,2026-02-01 12:00:00+00:00,2026-02-01 13:00:00+00:00,2,0,borderline_review,,,,pre_april
v2_000218,IALWAH18,2026-02-03 02:00:00+00:00,2026-02-03 02:00:00+00:00,1,0,benign,,,,pre_april
v2_000219,IALWAH18,2026-02-06 20:00:00+00:00,2026-02-06 20:00:00+00:00,1,0,benign,,,,pre_april
v2_000220,IALWAH18,2026-02-08 15:00:00+00:00,2026-02-08 15:00:00+00:00,1,0,benign,,,,pre_april
v2_000221,IALWAH18,2026-02-12 23:00:00+00:00,2026-02-13 02:00:00+00:00,4,0,benign,,,,pre_april
v2_000222,IALWAH18,2026-02-13 10:00:00+00:00,2026-02-13 10:00:00+00:00,1,0,benign,,,,pre_april
v2_000223,IALWAH18,2026-02-13 11:00:00+00:00,2026-02-13 11:00:00+00:00,1,1,fault,statistical_anomaly,anemometer,statistical_anomaly=windspeed_avg_kmh,pre_april
v2_000224,IALWAH18,2026-02-22 12:00:00+00:00,2026-02-22 12:00:00+00:00,1,0,borderline_review,,,,pre_april
v2_000225,IALWAH18,2026-02-22 15:00:00+00:00,2026-02-22 15:00:00+00:00,1,0,benign,,,,pre_april
v2_000226,IALWAH18,2026-02-24 11:00:00+00:00,2026-02-24 11:00:00+00:00,1,0,benign,,,,pre_april
v2_000227,IALWAH18,2026-02-27 12:00:00+00:00,2026-02-27 13:00:00+00:00,2,0,borderline_review,,,,pre_april
v2_000228,IALWAH18,2026-02-27 16:00:00+00:00,2026-02-27 16:00:00+00:00,1,0,benign,,,,pre_april
v2_000229,IALWAH18,2026-02-27 22:00:00+00:00,2026-02-27 22:00:00+00:00,1,0,benign,,,,pre_april
v2_000230,IALWAH18,2026-02-28 08:00:00+00:00,2026-02-28 08:00:00+00:00,1,0,benign,,,,pre_april
v2_000231,IALWAH18,2026-03-01 12:00:00+00:00,2026-03-01 12:00:00+00:00,1,0,benign,,,,pre_april
v2_000232,IALWAH18,2026-03-03 07:00:00+00:00,2026-03-03 07:00:00+00:00,1,0,benign,,,,pre_april
v2_000233,IALWAH18,2026-03-04 05:00:00+00:00,2026-03-04 05:00:00+00:00,1,0,benign,,,,pre_april
v2_000234,IALWAH18,2026-03-10 11:00:00+00:00,2026-03-10 12:00:00+00:00,2,0,borderline_review,,,,pre_april
v2_000235,IALWAH18,2026-03-11 03:00:00+00:00,2026-03-11 03:00:00+00:00,1,0,benign,,,,pre_april
v2_000236,IALWAH18,2026-03-13 03:00:00+00:00,2026-03-13 03:00:00+00:00,1,0,benign,,,,pre_april
v2_000237,IALWAH18,2026-03-13 13:00:00+00:00,2026-03-13 13:00:00+00:00,1,0,benign,,,,pre_april
v2_000238,IALWAH18,2026-03-14 04:00:00+00:00,2026-03-14 05:00:00+00:00,2,0,benign,,,,pre_april
v2_000239,IALWAH18,2026-03-15 11:00:00+00:00,2026-03-15 13:00:00+00:00,3,0,borderline_review,,,,pre_april
v2_000240,IALWAH18,2026-03-16 10:00:00+00:00,2026-03-16 10:00:00+00:00,1,0,benign,,,,pre_april
v2_000241,IALWAH18,2026-03-16 12:00:00+00:00,2026-03-16 12:00:00+00:00,1,0,borderline_review,,,,pre_april
v2_000242,IALWAH18,2026-03-18 11:00:00+00:00,2026-03-18 12:00:00+00:00,2,0,borderline_review,,,,pre_april
v2_000243,IALWAH18,2026-03-19 03:00:00+00:00,2026-03-19 06:00:00+00:00,4,0,benign,,,,pre_april
v2_000244,IALWAH18,2026-03-19 11:00:00+00:00,2026-03-19 13:00:00+00:00,3,0,borderline_review,,,,pre_april
v2_000245,IALWAH18,2026-03-20 12:00:00+00:00,2026-03-20 12:00:00+00:00,1,0,benign,,,,pre_april
v2_000246,IALWAH18,2026-03-21 11:00:00+00:00,2026-03-21 12:00:00+00:00,2,0,borderline_review,,,,pre_april
v2_000247,IALWAH18,2026-03-21 13:00:00+00:00,2026-03-21 13:00:00+00:00,1,0,benign,,,,pre_april
v2_000248,IALWAH18,2026-03-21 17:00:00+00:00,2026-03-21 17:00:00+00:00,1,0,benign,,,,pre_april
v2_000249,IALWAH18,2026-03-23 11:00:00+00:00,2026-03-23 11:00:00+00:00,1,0,benign,,,,pre_april
v2_000250,IALWAH18,2026-03-23 20:00:00+00:00,2026-03-23 20:00:00+00:00,1,0,benign,,,,pre_april
v2_000251,IALWAH18,2026-03-24 11:00:00+00:00,2026-03-24 11:00:00+00:00,1,0,borderline_review,,,,pre_april
v2_000252,IALWAH18,2026-03-25 11:00:00+00:00,2026-03-25 15:00:00+00:00,5,0,borderline_review,,,,pre_april
v2_000253,IALWAH18,2026-03-25 17:00:00+00:00,2026-03-25 17:00:00+00:00,1,0,benign,,,,pre_april
v2_000254,IALWAH18,2026-03-25 18:00:00+00:00,2026-03-25 18:00:00+00:00,1,0,benign,,,,pre_april
v2_000255,IALWAH18,2026-03-26 09:00:00+00:00,2026-03-26 13:00:00+00:00,5,0,borderline_review,,,,pre_april
v2_000256,IALWAH18,2026-03-27 09:00:00+00:00,2026-03-27 13:00:00+00:00,5,0,borderline_review,,,,pre_april
v2_000257,IALWAH18,2026-03-28 07:00:00+00:00,2026-03-28 07:00:00+00:00,1,1,fault,statistical_anomaly,barometer,statistical_anomaly=pressure_trend_hpa,pre_april
v2_000258,IALWAH18,2026-03-28 12:00:00+00:00,2026-03-28 12:00:00+00:00,1,0,benign,,,,pre_april
v2_000259,IALWAH18,2026-03-29 09:00:00+00:00,2026-03-29 12:00:00+00:00,4,0,borderline_review,,,,pre_april
v2_000260,IALWAH18,2026-03-29 17:00:00+00:00,2026-03-29 17:00:00+00:00,1,0,benign,,,,pre_april
v2_000261,IALWAH18,2026-03-30 02:00:00+00:00,2026-03-30 02:00:00+00:00,1,0,benign,,,,pre_april
v2_000262,IALWAH18,2026-03-30 10:00:00+00:00,2026-03-30 12:00:00+00:00,3,0,borderline_review,,,,pre_april
v2_000263,IALWAH18,2026-03-30 16:00:00+00:00,2026-03-30 16:00:00+00:00,1,0,benign,,,,pre_april
v2_000264,IALWAH18,2026-03-31 10:00:00+00:00,2026-03-31 11:00:00+00:00,2,0,benign,,,,pre_april
v2_000265,IALWAH18,2026-04-01 05:00:00+00:00,2026-04-01 05:00:00+00:00,1,1,fault,statistical_anomaly,barometer,statistical_anomaly=pressure_trend_hpa,april_may
v2_000266,IALWAH18,2026-04-01 11:00:00+00:00,2026-04-01 14:00:00+00:00,4,0,benign,,,,april_may
v2_000267,IALWAH18,2026-04-01 21:00:00+00:00,2026-04-01 21:00:00+00:00,1,0,benign,,,,april_may
v2_000268,IALWAH18,2026-04-02 09:00:00+00:00,2026-04-02 13:00:00+00:00,5,0,benign,,,,april_may
v2_000269,IALWAH18,2026-04-03 09:00:00+00:00,2026-04-03 12:00:00+00:00,4,0,benign,,,,april_may
v2_000270,IALWAH18,2026-04-04 09:00:00+00:00,2026-04-04 11:00:00+00:00,3,0,benign,,,,april_may
v2_000271,IALWAH18,2026-04-04 12:00:00+00:00,2026-04-04 12:00:00+00:00,1,0,benign,,,,april_may
v2_000272,IALWAH18,2026-04-05 09:00:00+00:00,2026-04-05 12:00:00+00:00,4,0,borderline_review,,,,april_may
v2_000273,IALWAH18,2026-04-07 09:00:00+00:00,2026-04-07 11:00:00+00:00,3,0,benign,,,,april_may
v2_000274,IALWAH18,2026-04-08 04:00:00+00:00,2026-04-08 04:00:00+00:00,1,0,benign,,,,april_may
v2_000275,IALWAH18,2026-04-08 09:00:00+00:00,2026-04-08 12:00:00+00:00,4,0,borderline_review,,,,april_may
v2_000276,IALWAH18,2026-04-08 15:00:00+00:00,2026-04-08 15:00:00+00:00,1,0,benign,,,,april_may
v2_000277,IALWAH18,2026-04-08 18:00:00+00:00,2026-04-08 18:00:00+00:00,1,0,benign,,,,april_may
v2_000278,IALWAH18,2026-04-09 10:00:00+00:00,2026-04-09 12:00:00+00:00,3,1,fault,statistical_anomaly,barometer,statistical_anomaly=pressure_trend_hpa,april_may
v2_000279,IALWAH18,2026-04-09 16:00:00+00:00,2026-04-09 16:00:00+00:00,1,1,fault,spike_impossible,barometer,spike_impossible=pressure_trend_hpa,april_may
v2_000280,IALWAH18,2026-04-09 20:00:00+00:00,2026-04-09 20:00:00+00:00,1,1,fault,statistical_anomaly,barometer,statistical_anomaly=pressure_trend_hpa,april_may
v2_000281,IALWAH18,2026-04-10 08:00:00+00:00,2026-04-10 12:00:00+00:00,5,0,borderline_review,,,,april_may
v2_000282,IALWAH18,2026-04-10 16:00:00+00:00,2026-04-10 16:00:00+00:00,1,0,benign,,,,april_may
v2_000283,IALWAH18,2026-04-10 18:00:00+00:00,2026-04-10 18:00:00+00:00,1,0,benign,,,,april_may
v2_000284,IALWAH18,2026-04-11 07:00:00+00:00,2026-04-11 07:00:00+00:00,1,0,benign,,,,april_may
v2_000285,IALWAH18,2026-04-11 08:00:00+00:00,2026-04-11 12:00:00+00:00,5,0,borderline_review,,,,april_may
v2_000286,IALWAH18,2026-04-11 13:00:00+00:00,2026-04-11 13:00:00+00:00,1,0,benign,,,,april_may
v2_000287,IALWAH18,2026-04-11 20:00:00+00:00,2026-04-11 20:00:00+00:00,1,0,benign,,,,april_may
v2_000288,IALWAH18,2026-04-12 00:00:00+00:00,2026-04-12 00:00:00+00:00,1,0,benign,,,,april_may
v2_000289,IALWAH18,2026-04-12 02:00:00+00:00,2026-04-12 03:00:00+00:00,2,0,benign,,,,april_may
v2_000290,IALWAH18,2026-04-12 08:00:00+00:00,2026-04-12 12:00:00+00:00,5,0,borderline_review,,,,april_may
v2_000291,IALWAH18,2026-04-12 14:00:00+00:00,2026-04-12 14:00:00+00:00,1,1,fault,statistical_anomaly,barometer,statistical_anomaly=pressure_trend_hpa,april_may
v2_000292,IALWAH18,2026-04-12 17:00:00+00:00,2026-04-12 17:00:00+00:00,1,1,fault,statistical_anomaly,barometer,statistical_anomaly=pressure_trend_hpa,april_may
v2_000293,IALWAH18,2026-04-13 05:00:00+00:00,2026-04-13 06:00:00+00:00,2,0,benign,,,,april_may
v2_000294,IALWAH18,2026-04-13 09:00:00+00:00,2026-04-13 20:00:00+00:00,12,0,benign,,,,april_may
v2_000295,IALWAH18,2026-04-13 19:00:00+00:00,2026-04-13 19:00:00+00:00,1,0,benign,,,,april_may
v2_000296,IALWAH18,2026-04-14 15:00:00+00:00,2026-04-14 18:00:00+00:00,4,0,benign,,,,april_may
v2_000297,IALWAH18,2026-04-14 20:00:00+00:00,2026-04-14 20:00:00+00:00,1,0,benign,,,,april_may
v2_000298,IALWAH18,2026-04-15 00:00:00+00:00,2026-04-15 00:00:00+00:00,1,1,fault,spike_impossible,barometer,spike_impossible=pressure_trend_hpa,april_may
v2_000299,IALWAH18,2026-04-15 12:00:00+00:00,2026-04-15 12:00:00+00:00,1,0,benign,,,,april_may
v2_000300,IALWAH18,2026-04-15 18:00:00+00:00,2026-04-15 20:00:00+00:00,3,1,fault,statistical_anomaly,barometer,statistical_anomaly=pressure_trend_hpa,april_may
v2_000301,IALWAH18,2026-04-15 23:00:00+00:00,2026-04-15 23:00:00+00:00,1,1,fault,statistical_anomaly,barometer,statistical_anomaly=pressure_trend_hpa,april_may
v2_000302,IALWAH18,2026-04-16 01:00:00+00:00,2026-04-16 08:00:00+00:00,8,1,fault,statistical_anomaly,barometer,statistical_anomaly=pressure_trend_hpa,april_may
v2_000303,IALWAH18,2026-04-16 09:00:00+00:00,2026-04-16 09:00:00+00:00,1,0,borderline_review,,,,april_may
v2_000304,IALWAH18,2026-04-17 14:00:00+00:00,2026-04-17 21:00:00+00:00,8,0,benign,,,,april_may
v2_000305,IALWAH18,2026-04-18 04:00:00+00:00,2026-04-18 04:00:00+00:00,1,0,benign,,,,april_may
v2_000306,IALWAH18,2026-04-18 11:00:00+00:00,2026-04-19 15:00:00+00:00,29,1,fault,statistical_anomaly|stuck_flatline,anemometer|barometer,statistical_anomaly=pressure_trend_hpa|stuck_flatline=windgust_avg_kmh+windgust_high_kmh+windspeed_avg_kmh+windspeed_high_kmh,april_may
v2_000307,IALWAH18,2026-04-18 20:00:00+00:00,2026-04-18 21:00:00+00:00,2,1,fault,statistical_anomaly|stuck_flatline,anemometer|barometer,statistical_anomaly=pressure_trend_hpa|stuck_flatline=windgust_avg_kmh+windgust_high_kmh+windspeed_avg_kmh+windspeed_high_kmh,april_may
v2_000308,IALWAH18,2026-04-19 15:00:00+00:00,2026-04-19 15:00:00+00:00,1,1,fault,stuck_flatline,anemometer,stuck_flatline=windgust_avg_kmh+windgust_high_kmh+windspeed_avg_kmh+windspeed_high_kmh,april_may
v2_000309,IALWAH18,2026-04-19 16:00:00+00:00,2026-04-19 21:00:00+00:00,6,1,fault,statistical_anomaly,barometer,statistical_anomaly=pressure_trend_hpa,april_may
v2_000310,IALWAH18,2026-04-20 08:00:00+00:00,2026-04-21 15:00:00+00:00,32,1,fault,stuck_flatline,anemometer,stuck_flatline=windgust_avg_kmh+windgust_high_kmh+windspeed_avg_kmh+windspeed_high_kmh,april_may
v2_000311,IALWAH18,2026-04-22 07:00:00+00:00,2026-04-22 07:00:00+00:00,1,1,fault,spike_impossible,barometer,spike_impossible=pressure_trend_hpa,april_may
v2_000312,IALWAH18,2026-04-22 09:00:00+00:00,2026-04-23 16:00:00+00:00,32,1,fault,stuck_flatline,anemometer,stuck_flatline=windgust_avg_kmh+windgust_high_kmh+windspeed_avg_kmh+windspeed_high_kmh,april_may
v2_000313,IALWAH18,2026-04-24 13:00:00+00:00,2026-04-24 13:00:00+00:00,1,1,fault,statistical_anomaly,barometer,statistical_anomaly=pressure_trend_hpa,april_may
v2_000314,IALWAH18,2026-04-25 17:00:00+00:00,2026-04-25 17:00:00+00:00,1,1,fault,statistical_anomaly,barometer,statistical_anomaly=pressure_trend_hpa,april_may
v2_000315,IALWAH18,2026-04-27 17:00:00+00:00,2026-04-27 17:00:00+00:00,1,0,benign,,,,april_may
v2_000316,IALWAH18,2026-04-27 19:00:00+00:00,2026-04-27 20:00:00+00:00,2,1,fault,statistical_anomaly,barometer,statistical_anomaly=pressure_trend_hpa,april_may
v2_000317,IALWAH18,2026-04-28 07:00:00+00:00,2026-04-28 07:00:00+00:00,1,0,benign,,,,april_may
v2_000318,IALWAH18,2026-04-29 07:00:00+00:00,2026-04-29 07:00:00+00:00,1,0,benign,,,,april_may
v2_000319,IALWAH18,2026-04-29 12:00:00+00:00,2026-04-29 12:00:00+00:00,1,0,benign,,,,april_may
v2_000320,IALWAH18,2026-04-29 16:00:00+00:00,2026-04-29 16:00:00+00:00,1,1,fault,statistical_anomaly,barometer,statistical_anomaly=pressure_trend_hpa,april_may
v2_000321,IALWAH18,2026-05-06 09:00:00+00:00,2026-05-06 12:00:00+00:00,4,0,borderline_review,,,,april_may
v2_000322,IALWAH18,2026-05-07 06:00:00+00:00,2026-05-07 07:00:00+00:00,2,0,benign,,,,april_may
v2_000323,IALWAH18,2026-05-07 09:00:00+00:00,2026-05-07 12:00:00+00:00,4,0,benign,,,,april_may
v2_000324,IALWAH18,2026-05-07 17:00:00+00:00,2026-05-07 17:00:00+00:00,1,0,benign,,,,april_may
v2_000325,IALWAH18,2026-05-08 02:00:00+00:00,2026-05-08 02:00:00+00:00,1,0,benign,,,,april_may
v2_000326,IALWAH18,2026-05-08 06:00:00+00:00,2026-05-08 06:00:00+00:00,1,0,benign,,,,april_may
v2_000327,IALWAH18,2026-05-08 09:00:00+00:00,2026-05-08 11:00:00+00:00,3,0,benign,,,,april_may
v2_000328,IALWAH18,2026-05-08 12:00:00+00:00,2026-05-08 12:00:00+00:00,1,0,benign,,,,april_may
v2_000329,IALWAH18,2026-05-09 09:00:00+00:00,2026-05-09 12:00:00+00:00,4,0,borderline_review,,,,april_may
v2_000330,IALWAH18,2026-05-09 20:00:00+00:00,2026-05-09 20:00:00+00:00,1,0,benign,,,,april_may
v2_000331,IALWAH18,2026-05-10 11:00:00+00:00,2026-05-10 12:00:00+00:00,2,0,benign,,,,april_may
v2_000332,IALWAH18,2026-05-10 17:00:00+00:00,2026-05-10 17:00:00+00:00,1,0,benign,,,,april_may
v2_000333,IALWAH18,2026-05-11 10:00:00+00:00,2026-05-11 12:00:00+00:00,3,0,borderline_review,,,,april_may
v2_000334,IALWAH18,2026-05-11 23:00:00+00:00,2026-05-11 23:00:00+00:00,1,0,benign,,,,april_may
v2_000335,IALWAH18,2026-05-12 02:00:00+00:00,2026-05-12 04:00:00+00:00,3,0,benign,,,,april_may
v2_000336,IALWAH18,2026-05-12 08:00:00+00:00,2026-05-12 08:00:00+00:00,1,1,fault,spike_impossible,barometer,spike_impossible=pressure_trend_hpa,april_may
v2_000337,IALWAH18,2026-05-12 10:00:00+00:00,2026-05-12 12:00:00+00:00,3,0,borderline_review,,,,april_may
v2_000338,IALWAH18,2026-05-13 09:00:00+00:00,2026-05-13 09:00:00+00:00,1,0,benign,,,,april_may
v2_000339,IALWAH18,2026-05-14 07:00:00+00:00,2026-05-14 09:00:00+00:00,3,0,benign,,,,april_may
v2_000340,IALWAH18,2026-05-14 15:00:00+00:00,2026-05-14 15:00:00+00:00,1,0,benign,,,,april_may
v2_000341,IALWAH18,2026-05-16 09:00:00+00:00,2026-05-16 09:00:00+00:00,1,0,benign,,,,april_may
v2_000342,IALWAH18,2026-05-16 11:00:00+00:00,2026-05-16 20:00:00+00:00,10,1,fault,statistical_anomaly,thermo_hygrometer,statistical_anomaly=temp_high_c+temp_low_c,april_may
v2_000343,IALWAH18,2026-05-16 19:00:00+00:00,2026-05-16 19:00:00+00:00,1,0,benign,,,,april_may
v2_000344,IALWAH18,2026-05-16 20:00:00+00:00,2026-05-16 20:00:00+00:00,1,0,benign,,,,april_may
v2_000345,IALWAH18,2026-05-17 06:00:00+00:00,2026-05-17 06:00:00+00:00,1,1,fault,statistical_anomaly,barometer,statistical_anomaly=pressure_max_hpa,april_may
v2_000346,IALWAH18,2026-05-17 12:00:00+00:00,2026-05-17 16:00:00+00:00,5,0,borderline_review,,,,april_may
v2_000347,IALWAH18,2026-05-17 17:00:00+00:00,2026-05-17 17:00:00+00:00,1,0,benign,,,,april_may
v2_000348,IALWAH18,2026-05-17 18:00:00+00:00,2026-05-17 19:00:00+00:00,2,0,benign,,,,april_may
v2_000349,IALWAH18,2026-05-18 17:00:00+00:00,2026-05-18 17:00:00+00:00,1,0,benign,,,,april_may
v2_000350,IALWAH18,2026-05-19 06:00:00+00:00,2026-05-19 06:00:00+00:00,1,0,benign,,,,april_may
v2_000351,IALWAH18,2026-05-19 12:00:00+00:00,2026-05-19 18:00:00+00:00,7,0,benign,,,,april_may
v2_000352,IALWAH18,2026-05-19 19:00:00+00:00,2026-05-19 19:00:00+00:00,1,0,benign,,,,april_may
v2_000353,IALWAH18,2026-05-20 07:00:00+00:00,2026-05-20 07:00:00+00:00,1,0,benign,,,,april_may
v2_000354,IALWAH18,2026-05-20 09:00:00+00:00,2026-05-20 09:00:00+00:00,1,0,benign,,,,april_may
v2_000355,IALWAH18,2026-05-20 12:00:00+00:00,2026-05-20 12:00:00+00:00,1,0,benign,,,,april_may
v2_000356,IALWAH18,2026-05-20 15:00:00+00:00,2026-05-20 15:00:00+00:00,1,0,benign,,,,april_may
v2_000357,IALWAH18,2026-05-22 12:00:00+00:00,2026-05-22 12:00:00+00:00,1,0,benign,,,,april_may
v2_000358,IALWAH18,2026-05-25 08:00:00+00:00,2026-05-25 08:00:00+00:00,1,0,benign,,,,april_may
v2_000359,IALWAH18,2026-05-31 21:00:00+00:00,2026-05-31 21:00:00+00:00,1,0,benign,,,,april_may
v2_000360,IALWAH18,2026-06-03 18:00:00+00:00,2026-06-03 18:00:00+00:00,1,0,benign,,,,june
v2_000361,IALWAH18,2026-06-06 10:00:00+00:00,2026-06-06 17:00:00+00:00,8,1,fault,statistical_anomaly,thermo_hygrometer,statistical_anomaly=temp_high_c+temp_low_c,june
v2_000362,IALWAH18,2026-06-07 06:00:00+00:00,2026-06-07 06:00:00+00:00,1,0,benign,,,,june
v2_000363,IALWAH18,2026-06-07 08:00:00+00:00,2026-06-07 08:00:00+00:00,1,0,benign,,,,june
v2_000364,IALWAH18,2026-06-07 11:00:00+00:00,2026-06-07 11:00:00+00:00,1,0,benign,,,,june
v2_000365,IALWAH18,2026-06-07 16:00:00+00:00,2026-06-07 16:00:00+00:00,1,0,benign,,,,june
v2_000366,IALWAH18,2026-06-07 20:00:00+00:00,2026-06-07 20:00:00+00:00,1,0,benign,,,,june
v2_000367,IALWAH18,2026-06-07 21:00:00+00:00,2026-06-07 21:00:00+00:00,1,0,benign,,,,june
v2_000368,IALWAH18,2026-06-09 06:00:00+00:00,2026-06-09 06:00:00+00:00,1,0,benign,,,,june
v2_000369,IALWAH18,2026-06-13 06:00:00+00:00,2026-06-13 06:00:00+00:00,1,0,benign,,,,june
v2_000370,IALWAH18,2026-06-20 07:00:00+00:00,2026-06-20 07:00:00+00:00,1,0,benign,,,,june
v2_000371,IALWAH18,2026-06-20 22:00:00+00:00,2026-06-20 23:00:00+00:00,2,0,benign,,,,june
v2_000372,IALWAH18,2026-06-27 19:00:00+00:00,2026-06-27 19:00:00+00:00,1,0,benign,,,,june
v2_000373,IALWAH18,2026-06-30 19:00:00+00:00,2026-06-30 19:00:00+00:00,1,0,benign,,,,june
v2_000374,IBARAS3,2025-10-06 21:00:00+00:00,2025-10-06 21:00:00+00:00,1,0,benign,,,,pre_april
v2_000375,IBARAS3,2025-10-06 22:00:00+00:00,2025-10-06 22:00:00+00:00,1,0,benign,,,,pre_april
v2_000376,IBARAS3,2025-10-07 00:00:00+00:00,2025-10-07 01:00:00+00:00,2,0,benign,,,,pre_april
v2_000377,IBARAS3,2025-10-07 03:00:00+00:00,2025-10-07 03:00:00+00:00,1,0,benign,,,,pre_april
v2_000378,IBARAS3,2025-10-07 06:00:00+00:00,2025-10-07 07:00:00+00:00,2,0,benign,,,,pre_april
v2_000379,IBARAS3,2025-10-07 08:00:00+00:00,2025-10-07 09:00:00+00:00,2,0,benign,,,,pre_april
v2_000380,IBARAS3,2025-10-07 10:00:00+00:00,2025-10-07 10:00:00+00:00,1,0,benign,,,,pre_april
v2_000381,IBARAS3,2025-10-07 15:00:00+00:00,2025-10-07 15:00:00+00:00,1,0,benign,,,,pre_april
v2_000382,IBARAS3,2025-10-07 17:00:00+00:00,2025-10-07 20:00:00+00:00,4,0,benign,,,,pre_april
v2_000383,IBARAS3,2025-10-07 21:00:00+00:00,2025-10-07 21:00:00+00:00,1,0,benign,,,,pre_april
v2_000384,IBARAS3,2025-10-08 23:00:00+00:00,2025-10-10 06:00:00+00:00,32,1,fault,stuck_flatline,anemometer,stuck_flatline=windspeed_avg_kmh,pre_april
v2_000385,IBARAS3,2025-10-09 08:00:00+00:00,2025-10-09 09:00:00+00:00,2,1,fault,stuck_flatline,anemometer,stuck_flatline=windspeed_avg_kmh,pre_april
v2_000386,IBARAS3,2025-10-09 11:00:00+00:00,2025-10-09 11:00:00+00:00,1,1,fault,stuck_flatline,anemometer,stuck_flatline=windspeed_avg_kmh,pre_april
v2_000387,IBARAS3,2025-10-09 12:00:00+00:00,2025-10-09 12:00:00+00:00,1,1,fault,stuck_flatline,anemometer,stuck_flatline=windspeed_avg_kmh,pre_april
v2_000388,IBARAS3,2025-10-09 13:00:00+00:00,2025-10-09 13:00:00+00:00,1,1,fault,stuck_flatline,anemometer,stuck_flatline=windspeed_avg_kmh,pre_april
v2_000389,IBARAS3,2025-10-09 16:00:00+00:00,2025-10-09 16:00:00+00:00,1,1,fault,stuck_flatline,anemometer,stuck_flatline=windspeed_avg_kmh,pre_april
v2_000390,IBARAS3,2025-10-09 20:00:00+00:00,2025-10-09 20:00:00+00:00,1,1,fault,stuck_flatline,anemometer,stuck_flatline=windspeed_avg_kmh,pre_april
v2_000391,IBARAS3,2025-10-09 21:00:00+00:00,2025-10-09 22:00:00+00:00,2,1,fault,stuck_flatline,anemometer,stuck_flatline=windspeed_avg_kmh,pre_april
v2_000392,IBARAS3,2025-10-10 00:00:00+00:00,2025-10-10 00:00:00+00:00,1,1,fault,stuck_flatline,anemometer,stuck_flatline=windspeed_avg_kmh,pre_april
v2_000393,IBARAS3,2025-10-10 01:00:00+00:00,2025-10-10 04:00:00+00:00,4,1,fault,stuck_flatline,anemometer,stuck_flatline=windspeed_avg_kmh,pre_april
v2_000394,IBARAS3,2025-10-10 05:00:00+00:00,2025-10-10 05:00:00+00:00,1,1,fault,stuck_flatline,anemometer,stuck_flatline=windspeed_avg_kmh,pre_april
v2_000395,IBARAS3,2025-10-10 06:00:00+00:00,2025-10-10 07:00:00+00:00,2,1,fault,stuck_flatline,anemometer,stuck_flatline=windspeed_avg_kmh,pre_april
v2_000396,IBARAS3,2025-10-10 12:00:00+00:00,2025-10-10 12:00:00+00:00,1,0,benign,,,,pre_april
v2_000397,IBARAS3,2025-10-10 16:00:00+00:00,2025-10-10 16:00:00+00:00,1,0,benign,,,,pre_april
v2_000398,IBARAS3,2025-10-10 19:00:00+00:00,2025-10-10 20:00:00+00:00,2,0,benign,,,,pre_april
v2_000399,IBARAS3,2025-10-11 02:00:00+00:00,2025-10-11 03:00:00+00:00,2,0,benign,,,,pre_april
v2_000400,IBARAS3,2025-10-11 05:00:00+00:00,2025-10-11 05:00:00+00:00,1,0,benign,,,,pre_april
v2_000401,IBARAS3,2025-10-11 09:00:00+00:00,2025-10-11 09:00:00+00:00,1,0,benign,,,,pre_april
v2_000402,IBARAS3,2025-10-11 10:00:00+00:00,2025-10-11 11:00:00+00:00,2,0,benign,,,,pre_april
v2_000403,IBARAS3,2025-10-11 16:00:00+00:00,2025-10-11 16:00:00+00:00,1,0,benign,,,,pre_april
v2_000404,IBARAS3,2025-10-11 17:00:00+00:00,2025-10-11 17:00:00+00:00,1,0,benign,,,,pre_april
v2_000405,IBARAS3,2025-10-11 22:00:00+00:00,2025-10-11 22:00:00+00:00,1,0,benign,,,,pre_april
v2_000406,IBARAS3,2025-10-12 00:00:00+00:00,2025-10-12 01:00:00+00:00,2,0,benign,,,,pre_april
v2_000407,IBARAS3,2025-10-12 03:00:00+00:00,2025-10-12 03:00:00+00:00,1,0,benign,,,,pre_april
v2_000408,IBARAS3,2025-10-12 05:00:00+00:00,2025-10-12 06:00:00+00:00,2,0,benign,,,,pre_april
v2_000409,IBARAS3,2025-10-12 10:00:00+00:00,2025-10-12 10:00:00+00:00,1,0,benign,,,,pre_april
v2_000410,IBARAS3,2025-10-12 11:00:00+00:00,2025-10-12 11:00:00+00:00,1,0,benign,,,,pre_april
v2_000411,IBARAS3,2025-10-12 12:00:00+00:00,2025-10-12 12:00:00+00:00,1,0,benign,,,,pre_april
v2_000412,IBARAS3,2025-10-12 17:00:00+00:00,2025-10-12 19:00:00+00:00,3,0,benign,,,,pre_april
v2_000413,IBARAS3,2025-10-12 20:00:00+00:00,2025-10-12 20:00:00+00:00,1,0,benign,,,,pre_april
v2_000414,IBARAS3,2025-10-12 22:00:00+00:00,2025-10-12 22:00:00+00:00,1,0,benign,,,,pre_april
v2_000415,IBARAS3,2025-10-13 00:00:00+00:00,2025-10-13 00:00:00+00:00,1,0,benign,,,,pre_april
v2_000416,IBARAS3,2025-10-13 03:00:00+00:00,2025-10-13 03:00:00+00:00,1,0,benign,,,,pre_april
v2_000417,IBARAS3,2025-10-13 05:00:00+00:00,2025-10-13 05:00:00+00:00,1,0,benign,,,,pre_april
v2_000418,IBARAS3,2025-10-13 10:00:00+00:00,2025-10-13 10:00:00+00:00,1,0,benign,,,,pre_april
v2_000419,IBARAS3,2025-10-13 12:00:00+00:00,2025-10-13 12:00:00+00:00,1,0,benign,,,,pre_april
v2_000420,IBARAS3,2025-10-13 14:00:00+00:00,2025-10-13 16:00:00+00:00,3,0,benign,,,,pre_april
v2_000421,IBARAS3,2025-10-13 18:00:00+00:00,2025-10-13 19:00:00+00:00,2,0,benign,,,,pre_april
v2_000422,IBARAS3,2025-10-13 21:00:00+00:00,2025-10-13 22:00:00+00:00,2,0,benign,,,,pre_april
v2_000423,IBARAS3,2025-10-15 23:00:00+00:00,2025-10-15 23:00:00+00:00,1,0,benign,,,,pre_april
v2_000424,IBARAS3,2025-10-16 00:00:00+00:00,2025-10-16 00:00:00+00:00,1,0,benign,,,,pre_april
v2_000425,IBARAS3,2025-10-16 02:00:00+00:00,2025-10-16 02:00:00+00:00,1,0,benign,,,,pre_april
v2_000426,IBARAS3,2025-10-16 03:00:00+00:00,2025-10-16 03:00:00+00:00,1,0,benign,,,,pre_april
v2_000427,IBARAS3,2025-10-16 04:00:00+00:00,2025-10-16 04:00:00+00:00,1,0,benign,,,,pre_april
v2_000428,IBARAS3,2025-10-16 12:00:00+00:00,2025-10-16 12:00:00+00:00,1,0,benign,,,,pre_april
v2_000429,IBARAS3,2025-10-16 15:00:00+00:00,2025-10-16 15:00:00+00:00,1,0,benign,,,,pre_april
v2_000430,IBARAS3,2025-10-16 16:00:00+00:00,2025-10-16 16:00:00+00:00,1,0,benign,,,,pre_april
v2_000431,IBARAS3,2025-10-16 18:00:00+00:00,2025-10-16 19:00:00+00:00,2,0,benign,,,,pre_april
v2_000432,IBARAS3,2025-10-16 20:00:00+00:00,2025-10-16 20:00:00+00:00,1,0,benign,,,,pre_april
v2_000433,IBARAS3,2025-10-16 21:00:00+00:00,2025-10-16 22:00:00+00:00,2,0,benign,,,,pre_april
v2_000434,IBARAS3,2025-10-18 23:00:00+00:00,2025-10-20 11:00:00+00:00,37,1,fault,stuck_flatline,anemometer,stuck_flatline=windspeed_avg_kmh,pre_april
v2_000435,IBARAS3,2025-10-19 09:00:00+00:00,2025-10-19 09:00:00+00:00,1,1,fault,stuck_flatline,anemometer,stuck_flatline=windspeed_avg_kmh,pre_april
v2_000436,IBARAS3,2025-10-19 13:00:00+00:00,2025-10-19 14:00:00+00:00,2,1,fault,stuck_flatline,anemometer,stuck_flatline=windspeed_avg_kmh,pre_april
v2_000437,IBARAS3,2025-10-19 22:00:00+00:00,2025-10-19 23:00:00+00:00,2,1,fault,stuck_flatline,anemometer,stuck_flatline=windspeed_avg_kmh,pre_april
v2_000438,IBARAS3,2025-10-20 01:00:00+00:00,2025-10-20 02:00:00+00:00,2,1,fault,stuck_flatline,anemometer,stuck_flatline=windspeed_avg_kmh,pre_april
v2_000439,IBARAS3,2025-10-20 03:00:00+00:00,2025-10-20 03:00:00+00:00,1,1,fault,stuck_flatline,anemometer,stuck_flatline=windspeed_avg_kmh,pre_april
v2_000440,IBARAS3,2025-10-20 04:00:00+00:00,2025-10-20 05:00:00+00:00,2,1,fault,stuck_flatline,anemometer,stuck_flatline=windspeed_avg_kmh,pre_april
v2_000441,IBARAS3,2025-10-20 06:00:00+00:00,2025-10-20 06:00:00+00:00,1,1,fault,stuck_flatline,anemometer,stuck_flatline=windspeed_avg_kmh,pre_april
v2_000442,IBARAS3,2025-10-20 07:00:00+00:00,2025-10-20 07:00:00+00:00,1,1,fault,stuck_flatline,anemometer,stuck_flatline=windspeed_avg_kmh,pre_april
v2_000443,IBARAS3,2025-10-20 08:00:00+00:00,2025-10-20 08:00:00+00:00,1,1,fault,stuck_flatline,anemometer,stuck_flatline=windspeed_avg_kmh,pre_april
v2_000444,IBARAS3,2025-10-20 10:00:00+00:00,2025-10-20 10:00:00+00:00,1,1,fault,stuck_flatline,anemometer,stuck_flatline=windspeed_avg_kmh,pre_april
v2_000445,IBARAS3,2025-10-20 11:00:00+00:00,2025-10-20 11:00:00+00:00,1,1,fault,stuck_flatline,anemometer,stuck_flatline=windspeed_avg_kmh,pre_april
v2_000446,IBARAS3,2025-10-20 13:00:00+00:00,2025-10-20 15:00:00+00:00,3,0,benign,,,,pre_april
v2_000447,IBARAS3,2025-10-20 17:00:00+00:00,2025-10-21 22:00:00+00:00,30,1,fault,stuck_flatline,anemometer,stuck_flatline=windspeed_avg_kmh,pre_april
v2_000448,IBARAS3,2025-10-21 00:00:00+00:00,2025-10-21 00:00:00+00:00,1,1,fault,stuck_flatline,anemometer,stuck_flatline=windspeed_avg_kmh,pre_april
v2_000449,IBARAS3,2025-10-21 01:00:00+00:00,2025-10-21 01:00:00+00:00,1,1,fault,stuck_flatline,anemometer,stuck_flatline=windspeed_avg_kmh,pre_april
v2_000450,IBARAS3,2025-10-21 03:00:00+00:00,2025-10-21 03:00:00+00:00,1,1,fault,stuck_flatline,anemometer,stuck_flatline=windspeed_avg_kmh,pre_april
v2_000451,IBARAS3,2025-10-21 07:00:00+00:00,2025-10-21 07:00:00+00:00,1,1,fault,stuck_flatline,anemometer,stuck_flatline=windspeed_avg_kmh,pre_april
v2_000452,IBARAS3,2025-10-21 08:00:00+00:00,2025-10-21 08:00:00+00:00,1,1,fault,stuck_flatline,anemometer,stuck_flatline=windspeed_avg_kmh,pre_april
v2_000453,IBARAS3,2025-10-21 09:00:00+00:00,2025-10-21 12:00:00+00:00,4,1,fault,stuck_flatline,anemometer,stuck_flatline=windspeed_avg_kmh,pre_april
v2_000454,IBARAS3,2025-10-21 13:00:00+00:00,2025-10-21 13:00:00+00:00,1,1,fault,stuck_flatline,anemometer,stuck_flatline=windspeed_avg_kmh,pre_april
v2_000455,IBARAS3,2025-10-21 15:00:00+00:00,2025-10-21 15:00:00+00:00,1,1,fault,stuck_flatline,anemometer,stuck_flatline=windspeed_avg_kmh,pre_april
v2_000456,IBARAS3,2025-10-21 16:00:00+00:00,2025-10-21 19:00:00+00:00,4,1,fault,stuck_flatline,anemometer,stuck_flatline=windspeed_avg_kmh,pre_april
v2_000457,IBARAS3,2025-10-21 21:00:00+00:00,2025-10-21 21:00:00+00:00,1,1,fault,stuck_flatline,anemometer,stuck_flatline=windspeed_avg_kmh,pre_april
v2_000458,IBARAS3,2025-10-22 23:00:00+00:00,2025-10-26 08:00:00+00:00,82,1,fault,stuck_flatline,anemometer,stuck_flatline=windspeed_avg_kmh,pre_april
v2_000459,IBARAS3,2025-10-23 07:00:00+00:00,2025-10-23 08:00:00+00:00,2,1,fault,stuck_flatline,anemometer,stuck_flatline=windspeed_avg_kmh,pre_april
v2_000460,IBARAS3,2025-10-23 10:00:00+00:00,2025-10-23 11:00:00+00:00,2,1,fault,stuck_flatline,anemometer,stuck_flatline=windspeed_avg_kmh,pre_april
v2_000461,IBARAS3,2025-10-23 16:00:00+00:00,2025-10-23 16:00:00+00:00,1,1,fault,stuck_flatline,anemometer,stuck_flatline=windspeed_avg_kmh,pre_april
v2_000462,IBARAS3,2025-10-23 20:00:00+00:00,2025-10-23 21:00:00+00:00,2,1,fault,stuck_flatline,anemometer,stuck_flatline=windspeed_avg_kmh,pre_april
v2_000463,IBARAS3,2025-10-24 02:00:00+00:00,2025-10-24 02:00:00+00:00,1,1,fault,stuck_flatline,anemometer,stuck_flatline=windspeed_avg_kmh,pre_april
v2_000464,IBARAS3,2025-10-24 07:00:00+00:00,2025-10-24 07:00:00+00:00,1,1,fault,stuck_flatline,anemometer,stuck_flatline=windspeed_avg_kmh,pre_april
v2_000465,IBARAS3,2025-10-24 09:00:00+00:00,2025-10-24 09:00:00+00:00,1,1,fault,stuck_flatline,anemometer,stuck_flatline=windspeed_avg_kmh,pre_april
v2_000466,IBARAS3,2025-10-24 12:00:00+00:00,2025-10-24 12:00:00+00:00,1,1,fault,stuck_flatline,anemometer,stuck_flatline=windspeed_avg_kmh,pre_april
v2_000467,IBARAS3,2025-10-24 13:00:00+00:00,2025-10-24 13:00:00+00:00,1,1,fault,stuck_flatline,anemometer,stuck_flatline=windspeed_avg_kmh,pre_april
v2_000468,IBARAS3,2025-10-24 14:00:00+00:00,2025-10-24 14:00:00+00:00,1,1,fault,stuck_flatline,anemometer,stuck_flatline=windspeed_avg_kmh,pre_april
v2_000469,IBARAS3,2025-10-24 16:00:00+00:00,2025-10-24 16:00:00+00:00,1,1,fault,stuck_flatline,anemometer,stuck_flatline=windspeed_avg_kmh,pre_april
v2_000470,IBARAS3,2025-10-24 17:00:00+00:00,2025-10-24 17:00:00+00:00,1,1,fault,stuck_flatline,anemometer,stuck_flatline=windspeed_avg_kmh,pre_april
v2_000471,IBARAS3,2025-10-24 18:00:00+00:00,2025-10-24 18:00:00+00:00,1,1,fault,stuck_flatline,anemometer,stuck_flatline=windspeed_avg_kmh,pre_april
v2_000472,IBARAS3,2025-10-24 20:00:00+00:00,2025-10-24 20:00:00+00:00,1,1,fault,stuck_flatline,anemometer,stuck_flatline=windspeed_avg_kmh,pre_april
v2_000473,IBARAS3,2025-10-24 21:00:00+00:00,2025-10-24 21:00:00+00:00,1,1,fault,stuck_flatline,anemometer,stuck_flatline=windspeed_avg_kmh,pre_april
v2_000474,IBARAS3,2025-10-24 22:00:00+00:00,2025-10-25 02:00:00+00:00,5,1,fault,stuck_flatline,anemometer,stuck_flatline=windspeed_avg_kmh,pre_april
v2_000475,IBARAS3,2025-10-25 03:00:00+00:00,2025-10-25 03:00:00+00:00,1,1,fault,stuck_flatline,anemometer,stuck_flatline=windspeed_avg_kmh,pre_april
v2_000476,IBARAS3,2025-10-25 05:00:00+00:00,2025-10-25 05:00:00+00:00,1,1,fault,stuck_flatline,anemometer,stuck_flatline=windspeed_avg_kmh,pre_april
v2_000477,IBARAS3,2025-10-25 06:00:00+00:00,2025-10-25 06:00:00+00:00,1,1,fault,stuck_flatline,anemometer,stuck_flatline=windspeed_avg_kmh,pre_april
v2_000478,IBARAS3,2025-10-25 07:00:00+00:00,2025-10-25 07:00:00+00:00,1,1,fault,stuck_flatline,anemometer,stuck_flatline=windspeed_avg_kmh,pre_april
v2_000479,IBARAS3,2025-10-25 08:00:00+00:00,2025-10-25 10:00:00+00:00,3,1,fault,stuck_flatline,anemometer,stuck_flatline=windspeed_avg_kmh,pre_april
v2_000480,IBARAS3,2025-10-25 14:00:00+00:00,2025-10-25 14:00:00+00:00,1,1,fault,stuck_flatline,anemometer,stuck_flatline=windspeed_avg_kmh,pre_april
v2_000481,IBARAS3,2025-10-25 16:00:00+00:00,2025-10-25 18:00:00+00:00,3,1,fault,stuck_flatline,anemometer,stuck_flatline=windspeed_avg_kmh,pre_april
v2_000482,IBARAS3,2025-10-25 21:00:00+00:00,2025-10-25 22:00:00+00:00,2,1,fault,stuck_flatline,anemometer,stuck_flatline=windspeed_avg_kmh,pre_april
v2_000483,IBARAS3,2025-10-25 23:00:00+00:00,2025-10-25 23:00:00+00:00,1,1,fault,stuck_flatline,anemometer,stuck_flatline=windspeed_avg_kmh,pre_april
v2_000484,IBARAS3,2025-10-26 00:00:00+00:00,2025-10-26 01:00:00+00:00,2,1,fault,stuck_flatline,anemometer,stuck_flatline=windspeed_avg_kmh,pre_april
v2_000485,IBARAS3,2025-10-26 02:00:00+00:00,2025-10-26 02:00:00+00:00,1,1,fault,stuck_flatline,anemometer,stuck_flatline=windspeed_avg_kmh,pre_april
v2_000486,IBARAS3,2025-10-26 04:00:00+00:00,2025-10-26 04:00:00+00:00,1,1,fault,stuck_flatline,anemometer,stuck_flatline=windspeed_avg_kmh,pre_april
v2_000487,IBARAS3,2025-10-26 06:00:00+00:00,2025-10-26 06:00:00+00:00,1,1,fault,stuck_flatline,anemometer,stuck_flatline=windspeed_avg_kmh,pre_april
v2_000488,IBARAS3,2025-10-26 08:00:00+00:00,2025-10-26 08:00:00+00:00,1,1,fault,stuck_flatline,anemometer,stuck_flatline=windspeed_avg_kmh,pre_april
v2_000489,IBARAS3,2025-10-26 10:00:00+00:00,2025-10-26 12:00:00+00:00,3,0,benign,,,,pre_april
v2_000490,IBARAS3,2025-10-26 14:00:00+00:00,2025-10-26 14:00:00+00:00,1,0,benign,,,,pre_april
v2_000491,IBARAS3,2025-10-26 15:00:00+00:00,2025-10-26 17:00:00+00:00,3,0,benign,,,,pre_april
v2_000492,IBARAS3,2025-10-26 18:00:00+00:00,2025-10-26 18:00:00+00:00,1,0,benign,,,,pre_april
v2_000493,IBARAS3,2025-10-26 20:00:00+00:00,2025-10-26 20:00:00+00:00,1,0,benign,,,,pre_april
v2_000494,IBARAS3,2025-10-26 22:00:00+00:00,2025-10-26 22:00:00+00:00,1,0,benign,,,,pre_april
v2_000495,IBARAS3,2025-10-27 23:00:00+00:00,2025-10-28 22:00:00+00:00,24,1,fault,stuck_flatline,anemometer,stuck_flatline=windspeed_avg_kmh,pre_april
v2_000496,IBARAS3,2025-10-28 06:00:00+00:00,2025-10-28 07:00:00+00:00,2,1,fault,stuck_flatline,anemometer,stuck_flatline=windspeed_avg_kmh,pre_april
v2_000497,IBARAS3,2025-10-28 10:00:00+00:00,2025-10-28 10:00:00+00:00,1,1,fault,stuck_flatline,anemometer,stuck_flatline=windspeed_avg_kmh,pre_april
v2_000498,IBARAS3,2025-10-28 12:00:00+00:00,2025-10-28 12:00:00+00:00,1,1,fault,stuck_flatline,anemometer,stuck_flatline=windspeed_avg_kmh,pre_april
v2_000499,IBARAS3,2025-10-28 14:00:00+00:00,2025-10-28 14:00:00+00:00,1,1,fault,stuck_flatline,anemometer,stuck_flatline=windspeed_avg_kmh,pre_april
v2_000500,IBARAS3,2025-10-28 16:00:00+00:00,2025-10-28 16:00:00+00:00,1,1,fault,stuck_flatline,anemometer,stuck_flatline=windspeed_avg_kmh,pre_april
v2_000501,IBARAS3,2025-10-28 17:00:00+00:00,2025-10-28 17:00:00+00:00,1,1,fault,stuck_flatline,anemometer,stuck_flatline=windspeed_avg_kmh,pre_april
v2_000502,IBARAS3,2025-10-28 19:00:00+00:00,2025-10-28 19:00:00+00:00,1,1,fault,stuck_flatline,anemometer,stuck_flatline=windspeed_avg_kmh,pre_april
v2_000503,IBARAS3,2025-10-28 21:00:00+00:00,2025-10-28 21:00:00+00:00,1,1,fault,stuck_flatline,anemometer,stuck_flatline=windspeed_avg_kmh,pre_april
v2_000504,IBARAS3,2025-10-30 03:00:00+00:00,2025-10-30 03:00:00+00:00,1,0,benign,,,,pre_april
v2_000505,IBARAS3,2025-10-30 07:00:00+00:00,2025-10-30 08:00:00+00:00,2,0,benign,,,,pre_april
v2_000506,IBARAS3,2025-10-30 12:00:00+00:00,2025-10-30 13:00:00+00:00,2,0,benign,,,,pre_april
v2_000507,IBARAS3,2025-10-30 14:00:00+00:00,2025-10-30 14:00:00+00:00,1,0,benign,,,,pre_april
v2_000508,IBARAS3,2025-11-01 08:00:00+00:00,2025-11-01 09:00:00+00:00,2,0,benign,,,,pre_april
v2_000509,IBARAS3,2025-11-01 12:00:00+00:00,2025-11-01 13:00:00+00:00,2,0,benign,,,,pre_april
v2_000510,IBARAS3,2025-11-01 15:00:00+00:00,2025-11-01 17:00:00+00:00,3,0,benign,,,,pre_april
v2_000511,IBARAS3,2025-11-01 18:00:00+00:00,2025-11-01 19:00:00+00:00,2,0,benign,,,,pre_april
v2_000512,IBARAS3,2025-11-01 20:00:00+00:00,2025-11-01 20:00:00+00:00,1,0,benign,,,,pre_april
v2_000513,IBARAS3,2025-11-01 21:00:00+00:00,2025-11-01 22:00:00+00:00,2,0,benign,,,,pre_april
v2_000514,IBARAS3,2025-11-02 04:00:00+00:00,2025-11-02 04:00:00+00:00,1,0,benign,,,,pre_april
v2_000515,IBARAS3,2025-11-02 11:00:00+00:00,2025-11-02 12:00:00+00:00,2,0,benign,,,,pre_april
v2_000516,IBARAS3,2025-11-02 16:00:00+00:00,2025-11-02 16:00:00+00:00,1,0,benign,,,,pre_april
v2_000517,IBARAS3,2025-11-02 17:00:00+00:00,2025-11-02 17:00:00+00:00,1,0,benign,,,,pre_april
v2_000518,IBARAS3,2025-11-02 18:00:00+00:00,2025-11-02 19:00:00+00:00,2,0,benign,,,,pre_april
v2_000519,IBARAS3,2025-11-02 21:00:00+00:00,2025-11-02 21:00:00+00:00,1,0,benign,,,,pre_april
v2_000520,IBARAS3,2025-11-02 22:00:00+00:00,2025-11-02 23:00:00+00:00,2,0,benign,,,,pre_april
v2_000521,IBARAS3,2025-11-03 00:00:00+00:00,2025-11-03 00:00:00+00:00,1,0,benign,,,,pre_april
v2_000522,IBARAS3,2025-11-03 05:00:00+00:00,2025-11-03 06:00:00+00:00,2,0,benign,,,,pre_april
v2_000523,IBARAS3,2025-11-03 07:00:00+00:00,2025-11-03 09:00:00+00:00,3,0,benign,,,,pre_april
v2_000524,IBARAS3,2025-11-03 13:00:00+00:00,2025-11-03 13:00:00+00:00,1,0,benign,,,,pre_april
v2_000525,IBARAS3,2025-11-03 14:00:00+00:00,2025-11-03 14:00:00+00:00,1,0,benign,,,,pre_april
v2_000526,IBARAS3,2025-11-03 15:00:00+00:00,2025-11-03 23:00:00+00:00,9,0,benign,,,,pre_april
v2_000527,IBARAS3,2025-11-04 01:00:00+00:00,2025-11-04 01:00:00+00:00,1,0,benign,,,,pre_april
v2_000528,IBARAS3,2025-11-04 02:00:00+00:00,2025-11-04 03:00:00+00:00,2,0,benign,,,,pre_april
v2_000529,IBARAS3,2025-11-04 04:00:00+00:00,2025-11-04 04:00:00+00:00,1,0,benign,,,,pre_april
v2_000530,IBARAS3,2025-11-04 05:00:00+00:00,2025-11-04 07:00:00+00:00,3,0,benign,,,,pre_april
v2_000531,IBARAS3,2025-11-04 12:00:00+00:00,2025-11-04 13:00:00+00:00,2,0,benign,,,,pre_april
v2_000532,IBARAS3,2025-11-04 15:00:00+00:00,2025-11-04 16:00:00+00:00,2,0,benign,,,,pre_april
v2_000533,IBARAS3,2025-11-04 17:00:00+00:00,2025-11-04 17:00:00+00:00,1,0,benign,,,,pre_april
v2_000534,IBARAS3,2025-11-04 18:00:00+00:00,2025-11-04 18:00:00+00:00,1,0,benign,,,,pre_april
v2_000535,IBARAS3,2025-11-04 19:00:00+00:00,2025-11-04 20:00:00+00:00,2,0,benign,,,,pre_april
v2_000536,IBARAS3,2025-11-04 21:00:00+00:00,2025-11-04 22:00:00+00:00,2,0,benign,,,,pre_april
v2_000537,IBARAS3,2025-11-04 23:00:00+00:00,2025-11-05 01:00:00+00:00,3,0,benign,,,,pre_april
v2_000538,IBARAS3,2025-11-05 02:00:00+00:00,2025-11-05 03:00:00+00:00,2,0,benign,,,,pre_april
v2_000539,IBARAS3,2025-11-05 04:00:00+00:00,2025-11-05 04:00:00+00:00,1,0,benign,,,,pre_april
v2_000540,IBARAS3,2025-11-05 05:00:00+00:00,2025-11-05 05:00:00+00:00,1,0,benign,,,,pre_april
v2_000541,IBARAS3,2025-11-05 07:00:00+00:00,2025-11-05 07:00:00+00:00,1,0,benign,,,,pre_april
v2_000542,IBARAS3,2025-11-05 08:00:00+00:00,2025-11-05 08:00:00+00:00,1,0,benign,,,,pre_april
v2_000543,IBARAS3,2025-11-05 09:00:00+00:00,2025-11-05 09:00:00+00:00,1,0,benign,,,,pre_april
v2_000544,IBARAS3,2025-11-05 14:00:00+00:00,2025-11-05 15:00:00+00:00,2,0,benign,,,,pre_april
v2_000545,IBARAS3,2025-11-05 16:00:00+00:00,2025-11-05 16:00:00+00:00,1,0,benign,,,,pre_april
v2_000546,IBARAS3,2025-11-05 17:00:00+00:00,2025-11-05 17:00:00+00:00,1,0,benign,,,,pre_april
v2_000547,IBARAS3,2025-11-05 18:00:00+00:00,2025-11-05 19:00:00+00:00,2,0,benign,,,,pre_april
v2_000548,IBARAS3,2025-11-05 20:00:00+00:00,2025-11-05 20:00:00+00:00,1,0,benign,,,,pre_april
v2_000549,IBARAS3,2025-11-08 07:00:00+00:00,2025-11-08 07:00:00+00:00,1,0,benign,,,,pre_april
v2_000550,IBARAS3,2025-11-10 18:00:00+00:00,2025-11-10 18:00:00+00:00,1,0,benign,,,,pre_april
v2_000551,IBARAS3,2025-11-10 19:00:00+00:00,2025-11-10 19:00:00+00:00,1,0,benign,,,,pre_april
v2_000552,IBARAS3,2025-11-10 20:00:00+00:00,2025-11-10 20:00:00+00:00,1,0,benign,,,,pre_april
v2_000553,IBARAS3,2025-11-12 01:00:00+00:00,2025-11-12 01:00:00+00:00,1,0,benign,,,,pre_april
v2_000554,IBARAS3,2025-11-12 09:00:00+00:00,2025-11-12 09:00:00+00:00,1,0,benign,,,,pre_april
v2_000555,IBARAS3,2025-11-12 10:00:00+00:00,2025-11-12 10:00:00+00:00,1,0,benign,,,,pre_april
v2_000556,IBARAS3,2025-11-12 12:00:00+00:00,2025-11-12 12:00:00+00:00,1,0,benign,,,,pre_april
v2_000557,IBARAS3,2025-11-12 15:00:00+00:00,2025-11-12 17:00:00+00:00,3,0,benign,,,,pre_april
v2_000558,IBARAS3,2025-11-12 18:00:00+00:00,2025-11-12 20:00:00+00:00,3,0,benign,,,,pre_april
v2_000559,IBARAS3,2025-11-12 22:00:00+00:00,2025-11-12 22:00:00+00:00,1,0,benign,,,,pre_april
v2_000560,IBARAS3,2025-11-13 08:00:00+00:00,2025-11-13 09:00:00+00:00,2,0,benign,,,,pre_april
v2_000561,IBARAS3,2025-11-13 13:00:00+00:00,2025-11-13 13:00:00+00:00,1,0,benign,,,,pre_april
v2_000562,IBARAS3,2025-11-13 14:00:00+00:00,2025-11-13 16:00:00+00:00,3,0,benign,,,,pre_april
v2_000563,IBARAS3,2025-11-13 18:00:00+00:00,2025-11-13 18:00:00+00:00,1,0,benign,,,,pre_april
v2_000564,IBARAS3,2025-11-13 19:00:00+00:00,2025-11-13 19:00:00+00:00,1,0,benign,,,,pre_april
v2_000565,IBARAS3,2025-11-17 10:00:00+00:00,2025-11-17 10:00:00+00:00,1,0,benign,,,,pre_april
v2_000566,IBARAS3,2025-11-18 05:00:00+00:00,2025-11-18 05:00:00+00:00,1,0,benign,,,,pre_april
v2_000567,IBARAS3,2025-11-19 11:00:00+00:00,2025-11-19 16:00:00+00:00,6,0,benign,,,,pre_april
v2_000568,IBARAS3,2025-11-19 17:00:00+00:00,2025-11-19 17:00:00+00:00,1,0,benign,,,,pre_april
v2_000569,IBARAS3,2025-11-19 18:00:00+00:00,2025-11-20 01:00:00+00:00,8,0,benign,,,,pre_april
v2_000570,IBARAS3,2025-11-20 05:00:00+00:00,2025-11-20 07:00:00+00:00,3,0,benign,,,,pre_april
v2_000571,IBARAS3,2025-11-20 20:00:00+00:00,2025-11-20 20:00:00+00:00,1,0,benign,,,,pre_april
v2_000572,IBARAS3,2025-11-28 10:00:00+00:00,2025-11-28 10:00:00+00:00,1,0,benign,,,,pre_april
v2_000573,IBARAS3,2025-11-28 12:00:00+00:00,2025-11-28 12:00:00+00:00,1,0,benign,,,,pre_april
v2_000574,IBARAS3,2025-11-28 15:00:00+00:00,2025-11-28 15:00:00+00:00,1,0,benign,,,,pre_april
v2_000575,IBARAS3,2025-11-30 18:00:00+00:00,2025-11-30 18:00:00+00:00,1,0,benign,,,,pre_april
v2_000576,IBARAS3,2025-12-01 17:00:00+00:00,2025-12-01 17:00:00+00:00,1,0,benign,,,,pre_april
v2_000577,IBARAS3,2025-12-01 22:00:00+00:00,2025-12-01 22:00:00+00:00,1,0,benign,,,,pre_april
v2_000578,IBARAS3,2025-12-02 06:00:00+00:00,2025-12-02 06:00:00+00:00,1,0,benign,,,,pre_april
v2_000579,IBARAS3,2025-12-02 19:00:00+00:00,2025-12-02 19:00:00+00:00,1,0,benign,,,,pre_april
v2_000580,IBARAS3,2025-12-03 13:00:00+00:00,2025-12-03 14:00:00+00:00,2,0,benign,,,,pre_april
v2_000581,IBARAS3,2025-12-05 01:00:00+00:00,2025-12-05 01:00:00+00:00,1,0,benign,,,,pre_april
v2_000582,IBARAS3,2025-12-05 06:00:00+00:00,2025-12-05 06:00:00+00:00,1,0,benign,,,,pre_april
v2_000583,IBARAS3,2025-12-05 16:00:00+00:00,2025-12-05 16:00:00+00:00,1,0,benign,,,,pre_april
v2_000584,IBARAS3,2025-12-08 19:00:00+00:00,2025-12-09 21:00:00+00:00,27,1,fault,stuck_flatline,thermo_hygrometer,stuck_flatline=temp_low_c,pre_april
v2_000585,IBARAS3,2025-12-09 06:00:00+00:00,2025-12-09 06:00:00+00:00,1,1,fault,stuck_flatline,thermo_hygrometer,stuck_flatline=temp_low_c,pre_april
v2_000586,IBARAS3,2025-12-09 08:00:00+00:00,2025-12-09 08:00:00+00:00,1,1,fault,stuck_flatline,thermo_hygrometer,stuck_flatline=temp_low_c,pre_april
v2_000587,IBARAS3,2025-12-09 12:00:00+00:00,2025-12-09 12:00:00+00:00,1,1,fault,stuck_flatline,thermo_hygrometer,stuck_flatline=temp_low_c,pre_april
v2_000588,IBARAS3,2025-12-09 20:00:00+00:00,2025-12-09 20:00:00+00:00,1,1,fault,stuck_flatline,thermo_hygrometer,stuck_flatline=temp_low_c,pre_april
v2_000589,IBARAS3,2025-12-09 23:00:00+00:00,2025-12-09 23:00:00+00:00,1,0,benign,,,,pre_april
v2_000590,IBARAS3,2025-12-10 11:00:00+00:00,2025-12-10 12:00:00+00:00,2,0,benign,,,,pre_april
v2_000591,IBARAS3,2025-12-10 17:00:00+00:00,2025-12-10 17:00:00+00:00,1,0,benign,,,,pre_april
v2_000592,IBARAS3,2025-12-11 07:00:00+00:00,2025-12-11 07:00:00+00:00,1,0,benign,,,,pre_april
v2_000593,IBARAS3,2025-12-11 09:00:00+00:00,2025-12-11 09:00:00+00:00,1,0,benign,,,,pre_april
v2_000594,IBARAS3,2025-12-11 12:00:00+00:00,2025-12-11 19:00:00+00:00,8,0,benign,,,,pre_april
v2_000595,IBARAS3,2025-12-11 22:00:00+00:00,2025-12-11 22:00:00+00:00,1,0,benign,,,,pre_april
v2_000596,IBARAS3,2025-12-12 12:00:00+00:00,2025-12-12 12:00:00+00:00,1,0,benign,,,,pre_april
v2_000597,IBARAS3,2025-12-12 16:00:00+00:00,2025-12-12 16:00:00+00:00,1,0,benign,,,,pre_april
v2_000598,IBARAS3,2025-12-12 18:00:00+00:00,2025-12-12 18:00:00+00:00,1,0,benign,,,,pre_april
v2_000599,IBARAS3,2025-12-13 10:00:00+00:00,2025-12-13 11:00:00+00:00,2,0,benign,,,,pre_april
v2_000600,IBARAS3,2025-12-13 14:00:00+00:00,2025-12-13 23:00:00+00:00,10,0,benign,,,,pre_april
v2_000601,IBARAS3,2025-12-14 01:00:00+00:00,2025-12-14 01:00:00+00:00,1,0,benign,,,,pre_april
v2_000602,IBARAS3,2025-12-14 06:00:00+00:00,2025-12-14 06:00:00+00:00,1,0,benign,,,,pre_april
v2_000603,IBARAS3,2025-12-14 10:00:00+00:00,2025-12-14 11:00:00+00:00,2,0,benign,,,,pre_april
v2_000604,IBARAS3,2025-12-14 13:00:00+00:00,2025-12-14 13:00:00+00:00,1,0,benign,,,,pre_april
v2_000605,IBARAS3,2025-12-14 15:00:00+00:00,2025-12-14 18:00:00+00:00,4,0,benign,,,,pre_april
v2_000606,IBARAS3,2025-12-14 20:00:00+00:00,2025-12-14 21:00:00+00:00,2,0,benign,,,,pre_april
v2_000607,IBARAS3,2025-12-15 03:00:00+00:00,2025-12-15 04:00:00+00:00,2,0,benign,,,,pre_april
v2_000608,IBARAS3,2025-12-15 08:00:00+00:00,2025-12-15 08:00:00+00:00,1,0,benign,,,,pre_april
v2_000609,IBARAS3,2025-12-15 10:00:00+00:00,2025-12-15 10:00:00+00:00,1,0,benign,,,,pre_april
v2_000610,IBARAS3,2025-12-15 15:00:00+00:00,2025-12-15 16:00:00+00:00,2,0,benign,,,,pre_april
v2_000611,IBARAS3,2025-12-16 18:00:00+00:00,2025-12-16 18:00:00+00:00,1,0,benign,,,,pre_april
v2_000612,IBARAS3,2025-12-17 16:00:00+00:00,2025-12-17 20:00:00+00:00,5,0,benign,,,,pre_april
v2_000613,IBARAS3,2025-12-17 23:00:00+00:00,2025-12-18 01:00:00+00:00,3,0,benign,,,,pre_april
v2_000614,IBARAS3,2025-12-18 03:00:00+00:00,2025-12-18 03:00:00+00:00,1,0,benign,,,,pre_april
v2_000615,IBARAS3,2025-12-18 07:00:00+00:00,2025-12-18 07:00:00+00:00,1,0,benign,,,,pre_april
v2_000616,IBARAS3,2025-12-18 09:00:00+00:00,2025-12-18 14:00:00+00:00,6,0,benign,,,,pre_april
v2_000617,IBARAS3,2025-12-18 21:00:00+00:00,2025-12-18 23:00:00+00:00,3,0,benign,,,,pre_april
v2_000618,IBARAS3,2025-12-19 01:00:00+00:00,2025-12-19 01:00:00+00:00,1,0,benign,,,,pre_april
v2_000619,IBARAS3,2025-12-19 02:00:00+00:00,2025-12-19 02:00:00+00:00,1,0,benign,,,,pre_april
v2_000620,IBARAS3,2025-12-19 05:00:00+00:00,2025-12-19 07:00:00+00:00,3,0,benign,,,,pre_april
v2_000621,IBARAS3,2025-12-19 13:00:00+00:00,2025-12-19 15:00:00+00:00,3,0,benign,,,,pre_april
v2_000622,IBARAS3,2025-12-19 17:00:00+00:00,2025-12-19 17:00:00+00:00,1,0,benign,,,,pre_april
v2_000623,IBARAS3,2025-12-19 21:00:00+00:00,2025-12-19 23:00:00+00:00,3,0,benign,,,,pre_april
v2_000624,IBARAS3,2025-12-20 01:00:00+00:00,2025-12-20 01:00:00+00:00,1,0,benign,,,,pre_april
v2_000625,IBARAS3,2025-12-21 12:00:00+00:00,2025-12-21 12:00:00+00:00,1,0,benign,,,,pre_april
v2_000626,IBARAS3,2025-12-25 17:00:00+00:00,2025-12-25 18:00:00+00:00,2,0,benign,,,,pre_april
v2_000627,IBARAS3,2025-12-26 09:00:00+00:00,2025-12-26 15:00:00+00:00,7,0,benign,,,,pre_april
v2_000628,IBARAS3,2025-12-26 18:00:00+00:00,2025-12-26 18:00:00+00:00,1,0,benign,,,,pre_april
v2_000629,IBARAS3,2025-12-27 07:00:00+00:00,2025-12-27 07:00:00+00:00,1,0,benign,,,,pre_april
v2_000630,IBARAS3,2025-12-28 13:00:00+00:00,2025-12-28 15:00:00+00:00,3,0,benign,,,,pre_april
v2_000631,IBARAS3,2025-12-28 20:00:00+00:00,2025-12-28 20:00:00+00:00,1,0,benign,,,,pre_april
v2_000632,IBARAS3,2026-01-01 11:00:00+00:00,2026-01-01 11:00:00+00:00,1,0,benign,,,,pre_april
v2_000633,IBARAS3,2026-01-03 06:00:00+00:00,2026-01-03 06:00:00+00:00,1,0,benign,,,,pre_april
v2_000634,IBARAS3,2026-01-03 17:00:00+00:00,2026-01-03 19:00:00+00:00,3,0,benign,,,,pre_april
v2_000635,IBARAS3,2026-01-09 19:00:00+00:00,2026-01-09 19:00:00+00:00,1,0,benign,,,,pre_april
v2_000636,IBARAS3,2026-01-11 11:00:00+00:00,2026-01-11 11:00:00+00:00,1,0,benign,,,,pre_april
v2_000637,IBARAS3,2026-01-12 17:00:00+00:00,2026-01-12 18:00:00+00:00,2,0,benign,,,,pre_april
v2_000638,IBARAS3,2026-01-12 20:00:00+00:00,2026-01-12 20:00:00+00:00,1,0,benign,,,,pre_april
v2_000639,IBARAS3,2026-01-13 09:00:00+00:00,2026-01-13 09:00:00+00:00,1,0,benign,,,,pre_april
v2_000640,IBARAS3,2026-01-14 03:00:00+00:00,2026-01-14 03:00:00+00:00,1,0,benign,,,,pre_april
v2_000641,IBARAS3,2026-01-14 18:00:00+00:00,2026-01-14 18:00:00+00:00,1,0,benign,,,,pre_april
v2_000642,IBARAS3,2026-01-15 04:00:00+00:00,2026-01-15 04:00:00+00:00,1,0,benign,,,,pre_april
v2_000643,IBARAS3,2026-01-15 08:00:00+00:00,2026-01-15 08:00:00+00:00,1,0,benign,,,,pre_april
v2_000644,IBARAS3,2026-01-15 19:00:00+00:00,2026-01-15 20:00:00+00:00,2,0,benign,,,,pre_april
v2_000645,IBARAS3,2026-01-15 22:00:00+00:00,2026-01-15 22:00:00+00:00,1,0,benign,,,,pre_april
v2_000646,IBARAS3,2026-01-16 10:00:00+00:00,2026-01-16 12:00:00+00:00,3,0,benign,,,,pre_april
v2_000647,IBARAS3,2026-01-16 23:00:00+00:00,2026-01-17 00:00:00+00:00,2,0,benign,,,,pre_april
v2_000648,IBARAS3,2026-01-17 15:00:00+00:00,2026-01-17 16:00:00+00:00,2,0,benign,,,,pre_april
v2_000649,IBARAS3,2026-01-17 17:00:00+00:00,2026-01-17 17:00:00+00:00,1,0,benign,,,,pre_april
v2_000650,IBARAS3,2026-01-17 18:00:00+00:00,2026-01-17 19:00:00+00:00,2,0,benign,,,,pre_april
v2_000651,IBARAS3,2026-01-17 20:00:00+00:00,2026-01-17 21:00:00+00:00,2,0,benign,,,,pre_april
v2_000652,IBARAS3,2026-01-18 06:00:00+00:00,2026-01-18 06:00:00+00:00,1,0,benign,,,,pre_april
v2_000653,IBARAS3,2026-01-18 13:00:00+00:00,2026-01-18 14:00:00+00:00,2,0,benign,,,,pre_april
v2_000654,IBARAS3,2026-01-18 16:00:00+00:00,2026-01-18 22:00:00+00:00,7,0,benign,,,,pre_april
v2_000655,IBARAS3,2026-01-19 00:00:00+00:00,2026-01-19 00:00:00+00:00,1,0,benign,,,,pre_april
v2_000656,IBARAS3,2026-01-19 11:00:00+00:00,2026-01-20 19:00:00+00:00,33,0,benign,,,,pre_april
v2_000657,IBARAS3,2026-01-19 20:00:00+00:00,2026-01-19 21:00:00+00:00,2,0,benign,,,,pre_april
v2_000658,IBARAS3,2026-01-20 22:00:00+00:00,2026-01-20 22:00:00+00:00,1,0,benign,,,,pre_april
v2_000659,IBARAS3,2026-01-20 23:00:00+00:00,2026-01-21 07:00:00+00:00,9,0,benign,,,,pre_april
v2_000660,IBARAS3,2026-01-21 06:00:00+00:00,2026-01-21 06:00:00+00:00,1,0,benign,,,,pre_april
v2_000661,IBARAS3,2026-01-21 09:00:00+00:00,2026-01-21 09:00:00+00:00,1,0,benign,,,,pre_april
v2_000662,IBARAS3,2026-01-21 11:00:00+00:00,2026-01-21 18:00:00+00:00,8,0,benign,,,,pre_april
v2_000663,IBARAS3,2026-01-21 19:00:00+00:00,2026-01-21 19:00:00+00:00,1,1,fault,spike_impossible,barometer,spike_impossible=pressure_trend_hpa,pre_april
v2_000664,IBARAS3,2026-01-24 22:00:00+00:00,2026-01-24 22:00:00+00:00,1,0,benign,,,,pre_april
v2_000665,IBARAS3,2026-01-25 11:00:00+00:00,2026-01-25 13:00:00+00:00,3,0,benign,,,,pre_april
v2_000666,IBARAS3,2026-01-25 23:00:00+00:00,2026-01-25 23:00:00+00:00,1,0,benign,,,,pre_april
v2_000667,IBARAS3,2026-01-26 00:00:00+00:00,2026-01-26 00:00:00+00:00,1,0,benign,,,,pre_april
v2_000668,IBARAS3,2026-01-26 01:00:00+00:00,2026-01-26 01:00:00+00:00,1,0,benign,,,,pre_april
v2_000669,IBARAS3,2026-01-26 20:00:00+00:00,2026-01-26 22:00:00+00:00,3,0,benign,,,,pre_april
v2_000670,IBARAS3,2026-01-28 10:00:00+00:00,2026-01-28 10:00:00+00:00,1,0,benign,,,,pre_april
v2_000671,IBARAS3,2026-01-28 22:00:00+00:00,2026-01-28 23:00:00+00:00,2,0,benign,,,,pre_april
v2_000672,IBARAS3,2026-01-29 00:00:00+00:00,2026-01-29 00:00:00+00:00,1,0,benign,,,,pre_april
v2_000673,IBARAS3,2026-01-29 01:00:00+00:00,2026-01-29 04:00:00+00:00,4,0,benign,,,,pre_april
v2_000674,IBARAS3,2026-01-29 05:00:00+00:00,2026-01-29 05:00:00+00:00,1,0,benign,,,,pre_april
v2_000675,IBARAS3,2026-01-29 06:00:00+00:00,2026-01-29 06:00:00+00:00,1,0,benign,,,,pre_april
v2_000676,IBARAS3,2026-01-29 07:00:00+00:00,2026-01-29 09:00:00+00:00,3,0,benign,,,,pre_april
v2_000677,IBARAS3,2026-01-29 10:00:00+00:00,2026-01-29 11:00:00+00:00,2,0,benign,,,,pre_april
v2_000678,IBARAS3,2026-01-29 12:00:00+00:00,2026-01-29 12:00:00+00:00,1,0,benign,,,,pre_april
v2_000679,IBARAS3,2026-01-30 18:00:00+00:00,2026-01-30 18:00:00+00:00,1,0,benign,,,,pre_april
v2_000680,IBARAS3,2026-01-31 12:00:00+00:00,2026-01-31 13:00:00+00:00,2,1,fault,statistical_anomaly,anemometer,statistical_anomaly=windgust_avg_kmh,pre_april
v2_000681,IBARAS3,2026-01-31 15:00:00+00:00,2026-01-31 15:00:00+00:00,1,0,benign,,,,pre_april
v2_000682,IBARAS3,2026-01-31 17:00:00+00:00,2026-01-31 17:00:00+00:00,1,0,benign,,,,pre_april
v2_000683,IBARAS3,2026-01-31 20:00:00+00:00,2026-01-31 21:00:00+00:00,2,0,benign,,,,pre_april
v2_000684,IBARAS3,2026-01-31 23:00:00+00:00,2026-01-31 23:00:00+00:00,1,0,benign,,,,pre_april
v2_000685,IBARAS3,2026-02-01 01:00:00+00:00,2026-02-01 01:00:00+00:00,1,0,benign,,,,pre_april
v2_000686,IBARAS3,2026-02-02 23:00:00+00:00,2026-02-02 23:00:00+00:00,1,0,benign,,,,pre_april
v2_000687,IBARAS3,2026-02-03 04:00:00+00:00,2026-02-03 04:00:00+00:00,1,0,benign,,,,pre_april
v2_000688,IBARAS3,2026-02-03 20:00:00+00:00,2026-02-03 20:00:00+00:00,1,0,benign,,,,pre_april
v2_000689,IBARAS3,2026-02-05 13:00:00+00:00,2026-02-05 14:00:00+00:00,2,0,benign,,,,pre_april
v2_000690,IBARAS3,2026-02-08 23:00:00+00:00,2026-02-08 23:00:00+00:00,1,0,benign,,,,pre_april
v2_000691,IBARAS3,2026-02-12 10:00:00+00:00,2026-02-12 10:00:00+00:00,1,0,benign,,,,pre_april
v2_000692,IBARAS3,2026-02-17 16:00:00+00:00,2026-02-17 20:00:00+00:00,5,0,benign,,,,pre_april
v2_000693,IBARAS3,2026-02-17 22:00:00+00:00,2026-02-17 22:00:00+00:00,1,0,benign,,,,pre_april
v2_000694,IBARAS3,2026-02-18 16:00:00+00:00,2026-02-18 16:00:00+00:00,1,0,benign,,,,pre_april
v2_000695,IBARAS3,2026-02-20 02:00:00+00:00,2026-02-20 05:00:00+00:00,4,0,benign,,,,pre_april
v2_000696,IBARAS3,2026-02-20 06:00:00+00:00,2026-02-20 07:00:00+00:00,2,0,benign,,,,pre_april
v2_000697,IBARAS3,2026-02-20 08:00:00+00:00,2026-02-20 10:00:00+00:00,3,0,benign,,,,pre_april
v2_000698,IBARAS3,2026-02-22 15:00:00+00:00,2026-02-22 16:00:00+00:00,2,0,benign,,,,pre_april
v2_000699,IBARAS3,2026-02-22 18:00:00+00:00,2026-02-22 18:00:00+00:00,1,0,benign,,,,pre_april
v2_000700,IBARAS3,2026-02-22 22:00:00+00:00,2026-02-22 22:00:00+00:00,1,0,benign,,,,pre_april
v2_000701,IBARAS3,2026-02-23 17:00:00+00:00,2026-02-23 17:00:00+00:00,1,0,benign,,,,pre_april
v2_000702,IBARAS3,2026-02-25 17:00:00+00:00,2026-02-25 22:00:00+00:00,6,0,benign,,,,pre_april
v2_000703,IBARAS3,2026-02-25 23:00:00+00:00,2026-02-26 00:00:00+00:00,2,0,benign,,,,pre_april
v2_000704,IBARAS3,2026-02-26 10:00:00+00:00,2026-02-26 10:00:00+00:00,1,0,benign,,,,pre_april
v2_000705,IBARAS3,2026-02-26 16:00:00+00:00,2026-02-26 19:00:00+00:00,4,0,benign,,,,pre_april
v2_000706,IBARAS3,2026-02-26 20:00:00+00:00,2026-02-26 23:00:00+00:00,4,0,benign,,,,pre_april
v2_000707,IBARAS3,2026-02-27 09:00:00+00:00,2026-02-27 16:00:00+00:00,8,0,benign,,,,pre_april
v2_000708,IBARAS3,2026-02-27 16:00:00+00:00,2026-02-27 21:00:00+00:00,6,0,benign,,,,pre_april
v2_000709,IBARAS3,2026-02-28 10:00:00+00:00,2026-02-28 10:00:00+00:00,1,0,benign,,,,pre_april
v2_000710,IBARAS3,2026-02-28 15:00:00+00:00,2026-02-28 19:00:00+00:00,5,0,benign,,,,pre_april
v2_000711,IBARAS3,2026-02-28 20:00:00+00:00,2026-02-28 20:00:00+00:00,1,0,benign,,,,pre_april
v2_000712,IBARAS3,2026-03-01 04:00:00+00:00,2026-03-01 04:00:00+00:00,1,0,benign,,,,pre_april
v2_000713,IBARAS3,2026-03-01 10:00:00+00:00,2026-03-01 17:00:00+00:00,8,0,benign,,,,pre_april
v2_000714,IBARAS3,2026-03-02 12:00:00+00:00,2026-03-02 12:00:00+00:00,1,0,benign,,,,pre_april
v2_000715,IBARAS3,2026-03-02 16:00:00+00:00,2026-03-02 16:00:00+00:00,1,0,benign,,,,pre_april
v2_000716,IBARAS3,2026-03-02 18:00:00+00:00,2026-03-02 20:00:00+00:00,3,0,benign,,,,pre_april
v2_000717,IBARAS3,2026-03-03 17:00:00+00:00,2026-03-03 19:00:00+00:00,3,0,benign,,,,pre_april
v2_000718,IBARAS3,2026-03-04 12:00:00+00:00,2026-03-04 13:00:00+00:00,2,0,benign,,,,pre_april
v2_000719,IBARAS3,2026-03-04 15:00:00+00:00,2026-03-04 15:00:00+00:00,1,0,benign,,,,pre_april
v2_000720,IBARAS3,2026-03-04 17:00:00+00:00,2026-03-04 17:00:00+00:00,1,0,benign,,,,pre_april
v2_000721,IBARAS3,2026-03-04 21:00:00+00:00,2026-03-04 22:00:00+00:00,2,0,benign,,,,pre_april
v2_000722,IBARAS3,2026-03-05 05:00:00+00:00,2026-03-05 06:00:00+00:00,2,0,benign,,,,pre_april
v2_000723,IBARAS3,2026-03-05 22:00:00+00:00,2026-03-06 00:00:00+00:00,3,0,benign,,,,pre_april
v2_000724,IBARAS3,2026-03-06 02:00:00+00:00,2026-03-06 02:00:00+00:00,1,0,benign,,,,pre_april
v2_000725,IBARAS3,2026-03-12 10:00:00+00:00,2026-03-12 10:00:00+00:00,1,0,benign,,,,pre_april
v2_000726,IBARAS3,2026-03-13 09:00:00+00:00,2026-03-13 09:00:00+00:00,1,0,benign,,,,pre_april
v2_000727,IBARAS3,2026-03-13 14:00:00+00:00,2026-03-13 14:00:00+00:00,1,0,benign,,,,pre_april
v2_000728,IBARAS3,2026-03-16 12:00:00+00:00,2026-03-16 12:00:00+00:00,1,0,benign,,,,pre_april
v2_000729,IBARAS3,2026-03-18 15:00:00+00:00,2026-03-18 15:00:00+00:00,1,0,benign,,,,pre_april
v2_000730,IBARAS3,2026-03-22 09:00:00+00:00,2026-03-22 09:00:00+00:00,1,0,benign,,,,pre_april
v2_000731,IBARAS3,2026-03-23 08:00:00+00:00,2026-03-23 08:00:00+00:00,1,0,benign,,,,pre_april
v2_000732,IBARAS3,2026-03-23 15:00:00+00:00,2026-03-23 15:00:00+00:00,1,0,benign,,,,pre_april
v2_000733,IBARAS3,2026-03-24 13:00:00+00:00,2026-03-24 13:00:00+00:00,1,0,benign,,,,pre_april
v2_000734,IBARAS3,2026-03-24 15:00:00+00:00,2026-03-24 15:00:00+00:00,1,0,benign,,,,pre_april
v2_000735,IBARAS3,2026-03-25 10:00:00+00:00,2026-03-25 10:00:00+00:00,1,0,benign,,,,pre_april
v2_000736,IBARAS3,2026-03-25 11:00:00+00:00,2026-03-25 11:00:00+00:00,1,0,benign,,,,pre_april
v2_000737,IBARAS3,2026-03-27 15:00:00+00:00,2026-03-27 15:00:00+00:00,1,0,benign,,,,pre_april
v2_000738,IBARAS3,2026-04-01 07:00:00+00:00,2026-04-01 07:00:00+00:00,1,0,benign,,,,april_may
v2_000739,IBARAS3,2026-04-01 08:00:00+00:00,2026-04-01 08:00:00+00:00,1,0,benign,,,,april_may
v2_000740,IBARAS3,2026-04-01 12:00:00+00:00,2026-04-01 12:00:00+00:00,1,0,benign,,,,april_may
v2_000741,IBARAS3,2026-04-02 00:00:00+00:00,2026-04-02 00:00:00+00:00,1,0,benign,,,,april_may
v2_000742,IBARAS3,2026-04-04 07:00:00+00:00,2026-04-04 07:00:00+00:00,1,0,benign,,,,april_may
v2_000743,IBARAS3,2026-04-05 08:00:00+00:00,2026-04-06 11:00:00+00:00,28,0,benign,,,,april_may
v2_000744,IBARAS3,2026-04-05 16:00:00+00:00,2026-04-06 12:00:00+00:00,21,0,benign,,,,april_may
v2_000745,IBARAS3,2026-04-09 08:00:00+00:00,2026-04-09 08:00:00+00:00,1,0,benign,,,,april_may
v2_000746,IBARAS3,2026-04-10 07:00:00+00:00,2026-04-10 07:00:00+00:00,1,0,benign,,,,april_may
v2_000747,IBARAS3,2026-04-11 07:00:00+00:00,2026-04-11 07:00:00+00:00,1,0,benign,,,,april_may
v2_000748,IBARAS3,2026-04-11 14:00:00+00:00,2026-04-11 14:00:00+00:00,1,0,benign,,,,april_may
v2_000749,IBARAS3,2026-04-11 15:00:00+00:00,2026-04-11 15:00:00+00:00,1,0,benign,,,,april_may
v2_000750,IBARAS3,2026-04-12 09:00:00+00:00,2026-04-12 09:00:00+00:00,1,0,benign,,,,april_may
v2_000751,IBARAS3,2026-04-12 10:00:00+00:00,2026-04-12 12:00:00+00:00,3,1,fault,statistical_anomaly,anemometer,statistical_anomaly=windgust_avg_kmh,april_may
v2_000752,IBARAS3,2026-04-15 07:00:00+00:00,2026-04-15 07:00:00+00:00,1,0,benign,,,,april_may
v2_000753,IBARAS3,2026-04-15 08:00:00+00:00,2026-04-15 08:00:00+00:00,1,0,benign,,,,april_may
v2_000754,IBARAS3,2026-04-15 11:00:00+00:00,2026-04-15 12:00:00+00:00,2,0,benign,,,,april_may
v2_000755,IBARAS3,2026-04-16 09:00:00+00:00,2026-04-16 09:00:00+00:00,1,0,benign,,,,april_may
v2_000756,IBARAS3,2026-04-16 11:00:00+00:00,2026-04-16 11:00:00+00:00,1,0,benign,,,,april_may
v2_000757,IBARAS3,2026-04-17 07:00:00+00:00,2026-04-17 07:00:00+00:00,1,0,benign,,,,april_may
v2_000758,IBARAS3,2026-04-18 11:00:00+00:00,2026-04-18 11:00:00+00:00,1,0,benign,,,,april_may
v2_000759,IBARAS3,2026-04-20 07:00:00+00:00,2026-04-20 07:00:00+00:00,1,0,benign,,,,april_may
v2_000760,IBARAS3,2026-04-20 10:00:00+00:00,2026-04-20 11:00:00+00:00,2,0,benign,,,,april_may
v2_000761,IBARAS3,2026-04-21 07:00:00+00:00,2026-04-21 07:00:00+00:00,1,0,benign,,,,april_may
v2_000762,IBARAS3,2026-04-21 10:00:00+00:00,2026-04-21 12:00:00+00:00,3,0,benign,,,,april_may
v2_000763,IBARAS3,2026-04-22 07:00:00+00:00,2026-04-22 07:00:00+00:00,1,0,benign,,,,april_may
v2_000764,IBARAS3,2026-04-24 10:00:00+00:00,2026-04-24 11:00:00+00:00,2,0,benign,,,,april_may
v2_000765,IBARAS3,2026-04-25 10:00:00+00:00,2026-04-25 11:00:00+00:00,2,0,benign,,,,april_may
v2_000766,IBARAS3,2026-04-26 10:00:00+00:00,2026-04-26 11:00:00+00:00,2,0,benign,,,,april_may
v2_000767,IBARAS3,2026-04-27 09:00:00+00:00,2026-04-27 11:00:00+00:00,3,0,benign,,,,april_may
v2_000768,IBARAS3,2026-04-28 11:00:00+00:00,2026-04-28 11:00:00+00:00,1,0,benign,,,,april_may
v2_000769,IBARAS3,2026-04-28 17:00:00+00:00,2026-04-28 17:00:00+00:00,1,1,fault,statistical_anomaly,barometer,statistical_anomaly=pressure_trend_hpa,april_may
v2_000770,IBARAS3,2026-04-30 09:00:00+00:00,2026-04-30 09:00:00+00:00,1,0,benign,,,,april_may
v2_000771,IBARAS3,2026-04-30 11:00:00+00:00,2026-04-30 12:00:00+00:00,2,0,benign,,,,april_may
v2_000772,IBARAS3,2026-05-02 01:00:00+00:00,2026-05-02 03:00:00+00:00,3,0,benign,,,,april_may
v2_000773,IBARAS3,2026-05-02 10:00:00+00:00,2026-05-02 11:00:00+00:00,2,0,benign,,,,april_may
v2_000774,IBARAS3,2026-05-03 10:00:00+00:00,2026-05-03 12:00:00+00:00,3,0,benign,,,,april_may
v2_000775,IBARAS3,2026-05-04 09:00:00+00:00,2026-05-04 12:00:00+00:00,4,0,benign,,,,april_may
v2_000776,IBARAS3,2026-05-05 09:00:00+00:00,2026-05-05 12:00:00+00:00,4,0,benign,,,,april_may
v2_000777,IBARAS3,2026-05-06 10:00:00+00:00,2026-05-06 11:00:00+00:00,2,0,benign,,,,april_may
v2_000778,IBARAS3,2026-05-06 13:00:00+00:00,2026-05-06 14:00:00+00:00,2,1,fault,statistical_anomaly,anemometer,statistical_anomaly=windgust_avg_kmh,april_may
v2_000779,IBARAS3,2026-05-07 10:00:00+00:00,2026-05-07 11:00:00+00:00,2,0,benign,,,,april_may
v2_000780,IBARAS3,2026-05-08 10:00:00+00:00,2026-05-08 12:00:00+00:00,3,0,benign,,,,april_may
v2_000781,IBARAS3,2026-05-09 09:00:00+00:00,2026-05-09 12:00:00+00:00,4,0,benign,,,,april_may
v2_000782,IBARAS3,2026-05-10 10:00:00+00:00,2026-05-10 11:00:00+00:00,2,0,benign,,,,april_may
v2_000783,IBARAS3,2026-05-11 09:00:00+00:00,2026-05-11 12:00:00+00:00,4,0,benign,,,,april_may
v2_000784,IBARAS3,2026-05-11 16:00:00+00:00,2026-05-11 16:00:00+00:00,1,0,benign,,,,april_may
v2_000785,IBARAS3,2026-05-12 09:00:00+00:00,2026-05-12 14:00:00+00:00,6,0,benign,,,,april_may
v2_000786,IBARAS3,2026-05-13 12:00:00+00:00,2026-05-13 12:00:00+00:00,1,0,benign,,,,april_may
v2_000787,IBARAS3,2026-05-14 09:00:00+00:00,2026-05-14 12:00:00+00:00,4,0,benign,,,,april_may
v2_000788,IBARAS3,2026-05-14 21:00:00+00:00,2026-05-14 21:00:00+00:00,1,0,benign,,,,april_may
v2_000789,IBARAS3,2026-05-15 01:00:00+00:00,2026-05-15 01:00:00+00:00,1,0,benign,,,,april_may
v2_000790,IBARAS3,2026-05-16 21:00:00+00:00,2026-05-16 21:00:00+00:00,1,0,benign,,,,april_may
v2_000791,IBARAS3,2026-05-17 03:00:00+00:00,2026-05-17 03:00:00+00:00,1,0,benign,,,,april_may
v2_000792,IBARAS3,2026-05-17 05:00:00+00:00,2026-05-17 05:00:00+00:00,1,1,fault,statistical_anomaly,barometer,statistical_anomaly=pressure_trend_hpa,april_may
v2_000793,IBARAS3,2026-05-17 09:00:00+00:00,2026-05-18 22:00:00+00:00,38,0,benign,,,,april_may
v2_000794,IBARAS3,2026-05-18 01:00:00+00:00,2026-05-18 01:00:00+00:00,1,0,benign,,,,april_may
v2_000795,IBARAS3,2026-05-19 10:00:00+00:00,2026-05-19 12:00:00+00:00,3,0,benign,,,,april_may
v2_000796,IBARAS3,2026-05-20 10:00:00+00:00,2026-05-20 12:00:00+00:00,3,0,benign,,,,april_may
v2_000797,IBARAS3,2026-05-21 10:00:00+00:00,2026-05-21 12:00:00+00:00,3,0,benign,,,,april_may
v2_000798,IBARAS3,2026-05-22 10:00:00+00:00,2026-05-22 11:00:00+00:00,2,0,benign,,,,april_may
v2_000799,IBARAS3,2026-05-23 10:00:00+00:00,2026-05-23 11:00:00+00:00,2,0,benign,,,,april_may
v2_000800,IBARAS3,2026-05-24 10:00:00+00:00,2026-05-24 11:00:00+00:00,2,0,benign,,,,april_may
v2_000801,IBARAS3,2026-05-25 10:00:00+00:00,2026-05-25 11:00:00+00:00,2,0,benign,,,,april_may
v2_000802,IBARAS3,2026-05-26 10:00:00+00:00,2026-05-26 12:00:00+00:00,3,0,benign,,,,april_may
v2_000803,IBARAS3,2026-05-28 09:00:00+00:00,2026-05-28 09:00:00+00:00,1,0,benign,,,,april_may
v2_000804,IBARAS3,2026-05-29 07:00:00+00:00,2026-05-29 07:00:00+00:00,1,0,benign,,,,april_may
v2_000805,IBARAS3,2026-05-29 10:00:00+00:00,2026-05-29 12:00:00+00:00,3,0,benign,,,,april_may
v2_000806,IBARAS3,2026-05-30 10:00:00+00:00,2026-05-30 10:00:00+00:00,1,0,benign,,,,april_may
v2_000807,IBARAS3,2026-05-31 09:00:00+00:00,2026-05-31 12:00:00+00:00,4,0,benign,,,,april_may
v2_000808,IBARAS3,2026-06-01 09:00:00+00:00,2026-06-01 12:00:00+00:00,4,1,fault,statistical_anomaly,anemometer,statistical_anomaly=windgust_high_kmh,june
v2_000809,IBARAS3,2026-06-02 09:00:00+00:00,2026-06-02 09:00:00+00:00,1,0,benign,,,,june
v2_000810,IBARAS3,2026-06-02 11:00:00+00:00,2026-06-02 12:00:00+00:00,2,0,benign,,,,june
v2_000811,IBARAS3,2026-06-03 12:00:00+00:00,2026-06-03 12:00:00+00:00,1,0,benign,,,,june
v2_000812,IBARAS3,2026-06-04 09:00:00+00:00,2026-06-04 12:00:00+00:00,4,0,benign,,,,june
v2_000813,IBARAS3,2026-06-04 13:00:00+00:00,2026-06-04 15:00:00+00:00,3,0,benign,,,,june
v2_000814,IBARAS3,2026-06-04 16:00:00+00:00,2026-06-04 16:00:00+00:00,1,1,fault,spike_impossible,barometer,spike_impossible=pressure_trend_hpa,june
v2_000815,IBARAS3,2026-06-04 22:00:00+00:00,2026-06-04 22:00:00+00:00,1,0,benign,,,,june
v2_000816,IBARAS3,2026-06-05 05:00:00+00:00,2026-06-05 05:00:00+00:00,1,0,benign,,,,june
v2_000817,IBARAS3,2026-06-05 09:00:00+00:00,2026-06-05 12:00:00+00:00,4,0,benign,,,,june
v2_000818,IBARAS3,2026-06-06 03:00:00+00:00,2026-06-06 03:00:00+00:00,1,0,benign,,,,june
v2_000819,IBARAS3,2026-06-06 11:00:00+00:00,2026-06-06 12:00:00+00:00,2,0,benign,,,,june
v2_000820,IBARAS3,2026-06-07 10:00:00+00:00,2026-06-07 12:00:00+00:00,3,0,benign,,,,june
v2_000821,IBARAS3,2026-06-07 13:00:00+00:00,2026-06-07 16:00:00+00:00,4,0,benign,,,,june
v2_000822,IBARAS3,2026-06-08 09:00:00+00:00,2026-06-08 11:00:00+00:00,3,0,benign,,,,june
v2_000823,IBARAS3,2026-06-08 13:00:00+00:00,2026-06-08 13:00:00+00:00,1,0,benign,,,,june
v2_000824,IBARAS3,2026-06-09 10:00:00+00:00,2026-06-09 12:00:00+00:00,3,0,benign,,,,june
v2_000825,IBARAS3,2026-06-11 10:00:00+00:00,2026-06-11 11:00:00+00:00,2,0,benign,,,,june
v2_000826,IBARAS3,2026-06-11 22:00:00+00:00,2026-06-13 10:00:00+00:00,37,0,borderline_review,,,,june
v2_000827,IBARAS3,2026-06-12 09:00:00+00:00,2026-06-12 11:00:00+00:00,3,0,benign,,,,june
v2_000828,IBARAS3,2026-06-13 10:00:00+00:00,2026-06-13 11:00:00+00:00,2,0,benign,,,,june
v2_000829,IBARAS3,2026-06-14 10:00:00+00:00,2026-06-14 11:00:00+00:00,2,0,benign,,,,june
v2_000830,IBARAS3,2026-06-15 10:00:00+00:00,2026-06-15 12:00:00+00:00,3,0,benign,,,,june
v2_000831,IBARAS3,2026-06-16 11:00:00+00:00,2026-06-16 11:00:00+00:00,1,0,benign,,,,june
v2_000832,IBARAS3,2026-06-16 14:00:00+00:00,2026-06-16 15:00:00+00:00,2,0,benign,,,,june
v2_000833,IBARAS3,2026-06-17 09:00:00+00:00,2026-06-17 09:00:00+00:00,1,0,benign,,,,june
v2_000834,IBARAS3,2026-06-18 10:00:00+00:00,2026-06-18 11:00:00+00:00,2,1,fault,spike_impossible,barometer,spike_impossible=pressure_trend_hpa,june
v2_000835,IBARAS3,2026-06-19 10:00:00+00:00,2026-06-19 11:00:00+00:00,2,0,benign,,,,june
v2_000836,IBARAS3,2026-06-20 10:00:00+00:00,2026-06-20 11:00:00+00:00,2,0,benign,,,,june
v2_000837,IBARAS3,2026-06-21 07:00:00+00:00,2026-06-21 07:00:00+00:00,1,0,benign,,,,june
v2_000838,IBARAS3,2026-06-21 10:00:00+00:00,2026-06-21 11:00:00+00:00,2,0,benign,,,,june
v2_000839,IBARAS3,2026-06-22 10:00:00+00:00,2026-06-22 11:00:00+00:00,2,0,benign,,,,june
v2_000840,IBARAS3,2026-06-23 10:00:00+00:00,2026-06-23 11:00:00+00:00,2,0,benign,,,,june
v2_000841,IBARAS3,2026-06-24 11:00:00+00:00,2026-06-24 11:00:00+00:00,1,0,benign,,,,june
v2_000842,IBARAS3,2026-06-25 11:00:00+00:00,2026-06-25 12:00:00+00:00,2,0,benign,,,,june
v2_000843,IBARAS3,2026-06-25 14:00:00+00:00,2026-06-25 14:00:00+00:00,1,1,fault,spike_impossible,barometer,spike_impossible=pressure_trend_hpa,june
v2_000844,IBARAS3,2026-06-26 11:00:00+00:00,2026-06-26 11:00:00+00:00,1,0,benign,,,,june
v2_000845,IBARAS3,2026-06-28 12:00:00+00:00,2026-06-28 12:00:00+00:00,1,0,benign,,,,june
v2_000846,IBIRAL3,2025-10-05 22:00:00+00:00,2025-10-05 22:00:00+00:00,1,0,benign,,,,pre_april
v2_000847,IBIRAL3,2025-10-06 01:00:00+00:00,2025-10-06 01:00:00+00:00,1,0,benign,,,,pre_april
v2_000848,IBIRAL3,2025-10-09 11:00:00+00:00,2025-10-09 11:00:00+00:00,1,0,benign,,,,pre_april
v2_000849,IBIRAL3,2025-10-10 22:00:00+00:00,2025-10-10 22:00:00+00:00,1,0,benign,,,,pre_april
v2_000850,IBIRAL3,2025-10-12 04:00:00+00:00,2025-10-12 04:00:00+00:00,1,0,benign,,,,pre_april
v2_000851,IBIRAL3,2025-10-12 18:00:00+00:00,2025-10-12 18:00:00+00:00,1,0,benign,,,,pre_april
v2_000852,IBIRAL3,2025-10-14 01:00:00+00:00,2025-10-14 01:00:00+00:00,1,0,benign,,,,pre_april
v2_000853,IBIRAL3,2025-10-19 12:00:00+00:00,2025-10-19 12:00:00+00:00,1,0,benign,,,,pre_april
v2_000854,IBIRAL3,2025-10-19 18:00:00+00:00,2025-10-21 01:00:00+00:00,32,1,fault,stuck_flatline,anemometer,stuck_flatline=windspeed_avg_kmh,pre_april
v2_000855,IBIRAL3,2025-10-20 06:00:00+00:00,2025-10-20 06:00:00+00:00,1,1,fault,stuck_flatline,anemometer,stuck_flatline=windspeed_avg_kmh,pre_april
v2_000856,IBIRAL3,2025-10-22 23:00:00+00:00,2025-10-23 23:00:00+00:00,25,1,fault,stuck_flatline,anemometer,stuck_flatline=windspeed_avg_kmh,pre_april
v2_000857,IBIRAL3,2025-10-24 21:00:00+00:00,2025-10-24 21:00:00+00:00,1,0,benign,,,,pre_april
v2_000858,IBIRAL3,2025-10-25 22:00:00+00:00,2025-10-25 22:00:00+00:00,1,0,benign,,,,pre_april
v2_000859,IBIRAL3,2025-10-26 22:00:00+00:00,2025-10-26 22:00:00+00:00,1,0,benign,,,,pre_april
v2_000860,IBIRAL3,2025-10-30 01:00:00+00:00,2025-10-30 01:00:00+00:00,1,0,benign,,,,pre_april
v2_000861,IBIRAL3,2025-10-31 17:00:00+00:00,2025-10-31 17:00:00+00:00,1,0,benign,,,,pre_april
v2_000862,IBIRAL3,2025-11-01 15:00:00+00:00,2025-11-01 15:00:00+00:00,1,0,benign,,,,pre_april
v2_000863,IBIRAL3,2025-11-03 12:00:00+00:00,2025-11-03 13:00:00+00:00,2,0,benign,,,,pre_april
v2_000864,IBIRAL3,2025-11-04 07:00:00+00:00,2025-11-04 07:00:00+00:00,1,0,benign,,,,pre_april
v2_000865,IBIRAL3,2025-11-04 14:00:00+00:00,2025-11-04 14:00:00+00:00,1,0,benign,,,,pre_april
v2_000866,IBIRAL3,2025-11-05 14:00:00+00:00,2025-11-05 14:00:00+00:00,1,0,benign,,,,pre_april
v2_000867,IBIRAL3,2025-11-06 17:00:00+00:00,2025-11-06 17:00:00+00:00,1,0,benign,,,,pre_april
v2_000868,IBIRAL3,2025-11-10 18:00:00+00:00,2025-11-10 18:00:00+00:00,1,0,benign,,,,pre_april
v2_000869,IBIRAL3,2025-11-13 01:00:00+00:00,2025-11-13 01:00:00+00:00,1,0,benign,,,,pre_april
v2_000870,IBIRAL3,2025-11-13 12:00:00+00:00,2025-11-13 13:00:00+00:00,2,0,benign,,,,pre_april
v2_000871,IBIRAL3,2025-11-21 04:00:00+00:00,2025-11-21 05:00:00+00:00,2,0,benign,,,,pre_april
v2_000872,IBIRAL3,2025-11-30 06:00:00+00:00,2025-11-30 06:00:00+00:00,1,0,benign,,,,pre_april
v2_000873,IBIRAL3,2025-11-30 17:00:00+00:00,2025-11-30 18:00:00+00:00,2,0,benign,,,,pre_april
v2_000874,IBIRAL3,2025-12-01 00:00:00+00:00,2025-12-01 02:00:00+00:00,3,0,benign,,,,pre_april
v2_000875,IBIRAL3,2025-12-03 10:00:00+00:00,2025-12-03 22:00:00+00:00,13,0,benign,,,,pre_april
v2_000876,IBIRAL3,2025-12-08 17:00:00+00:00,2025-12-08 17:00:00+00:00,1,0,benign,,,,pre_april
v2_000877,IBIRAL3,2025-12-10 02:00:00+00:00,2025-12-10 02:00:00+00:00,1,0,benign,,,,pre_april
v2_000878,IBIRAL3,2025-12-11 23:00:00+00:00,2025-12-11 23:00:00+00:00,1,0,benign,,,,pre_april
v2_000879,IBIRAL3,2025-12-16 04:00:00+00:00,2025-12-16 22:00:00+00:00,19,0,benign,,,,pre_april
v2_000880,IBIRAL3,2025-12-19 12:00:00+00:00,2025-12-19 22:00:00+00:00,11,0,benign,,,,pre_april
v2_000881,IBIRAL3,2026-01-03 06:00:00+00:00,2026-01-04 19:00:00+00:00,38,1,fault,stuck_flatline,wind_vane,stuck_flatline=winddir_avg_deg,pre_april
v2_000882,IBIRAL3,2026-01-14 03:00:00+00:00,2026-01-14 03:00:00+00:00,1,0,benign,,,,pre_april
v2_000883,IBIRAL3,2026-01-14 05:00:00+00:00,2026-01-14 06:00:00+00:00,2,0,benign,,,,pre_april
v2_000884,IBIRAL3,2026-01-16 03:00:00+00:00,2026-01-16 03:00:00+00:00,1,0,benign,,,,pre_april
v2_000885,IBIRAL3,2026-01-16 16:00:00+00:00,2026-01-16 22:00:00+00:00,7,0,benign,,,,pre_april
v2_000886,IBIRAL3,2026-01-17 22:00:00+00:00,2026-01-19 05:00:00+00:00,32,1,fault,stuck_flatline,wind_vane,stuck_flatline=winddir_avg_deg,pre_april
v2_000887,IBIRAL3,2026-01-20 01:00:00+00:00,2026-01-20 01:00:00+00:00,1,0,benign,,,,pre_april
v2_000888,IBIRAL3,2026-01-20 05:00:00+00:00,2026-01-21 20:00:00+00:00,40,1,fault,stuck_flatline,wind_vane,stuck_flatline=winddir_avg_deg,pre_april
v2_000889,IBIRAL3,2026-01-21 20:00:00+00:00,2026-01-21 20:00:00+00:00,1,1,fault,stuck_flatline,wind_vane,stuck_flatline=winddir_avg_deg,pre_april
v2_000890,IBIRAL3,2026-01-21 22:00:00+00:00,2026-01-23 15:00:00+00:00,42,1,fault,stuck_flatline,wind_vane,stuck_flatline=winddir_avg_deg,pre_april
v2_000891,IBIRAL3,2026-01-23 17:00:00+00:00,2026-01-25 11:00:00+00:00,43,1,fault,stuck_flatline,wind_vane,stuck_flatline=winddir_avg_deg,pre_april
v2_000892,IBIRAL3,2026-01-25 13:00:00+00:00,2026-01-26 12:00:00+00:00,24,1,fault,stuck_flatline,wind_vane,stuck_flatline=winddir_avg_deg,pre_april
v2_000893,IBIRAL3,2026-01-26 11:00:00+00:00,2026-01-26 12:00:00+00:00,2,1,fault,stuck_flatline,wind_vane,stuck_flatline=winddir_avg_deg,pre_april
v2_000894,IBIRAL3,2026-01-26 13:00:00+00:00,2026-01-26 13:00:00+00:00,1,0,benign,,,,pre_april
v2_000895,IBIRAL3,2026-01-26 15:00:00+00:00,2026-01-26 15:00:00+00:00,1,0,benign,,,,pre_april
v2_000896,IBIRAL3,2026-01-26 21:00:00+00:00,2026-01-26 22:00:00+00:00,2,0,benign,,,,pre_april
v2_000897,IBIRAL3,2026-01-27 14:00:00+00:00,2026-01-29 11:00:00+00:00,46,1,fault,stuck_flatline,wind_vane,stuck_flatline=winddir_avg_deg,pre_april
v2_000898,IBIRAL3,2026-01-28 11:00:00+00:00,2026-01-28 11:00:00+00:00,1,1,fault,stuck_flatline,wind_vane,stuck_flatline=winddir_avg_deg,pre_april
v2_000899,IBIRAL3,2026-01-28 22:00:00+00:00,2026-01-29 00:00:00+00:00,3,1,fault,stuck_flatline,wind_vane,stuck_flatline=winddir_avg_deg,pre_april
v2_000900,IBIRAL3,2026-01-31 11:00:00+00:00,2026-01-31 14:00:00+00:00,4,0,benign,,,,pre_april
v2_000901,IBIRAL3,2026-01-31 22:00:00+00:00,2026-01-31 22:00:00+00:00,1,0,benign,,,,pre_april
v2_000902,IBIRAL3,2026-02-01 01:00:00+00:00,2026-02-01 01:00:00+00:00,1,0,benign,,,,pre_april
v2_000903,IBIRAL3,2026-02-01 20:00:00+00:00,2026-02-07 00:00:00+00:00,125,1,fault,stuck_flatline,wind_vane,stuck_flatline=winddir_avg_deg,pre_april
v2_000904,IBIRAL3,2026-02-04 12:00:00+00:00,2026-02-04 13:00:00+00:00,2,1,fault,stuck_flatline,wind_vane,stuck_flatline=winddir_avg_deg,pre_april
v2_000905,IBIRAL3,2026-02-04 14:00:00+00:00,2026-02-04 14:00:00+00:00,1,1,fault,stuck_flatline,wind_vane,stuck_flatline=winddir_avg_deg,pre_april
v2_000906,IBIRAL3,2026-02-10 14:00:00+00:00,2026-02-12 12:00:00+00:00,47,1,fault,stuck_flatline,wind_vane,stuck_flatline=winddir_avg_deg,pre_april
v2_000907,IBIRAL3,2026-02-12 11:00:00+00:00,2026-02-12 13:00:00+00:00,3,1,fault,stuck_flatline,wind_vane,stuck_flatline=winddir_avg_deg,pre_april
v2_000908,IBIRAL3,2026-02-13 04:00:00+00:00,2026-02-14 12:00:00+00:00,33,1,fault,stuck_flatline,wind_vane,stuck_flatline=winddir_avg_deg,pre_april
v2_000909,IBIRAL3,2026-02-14 04:00:00+00:00,2026-02-14 14:00:00+00:00,11,1,fault,stuck_flatline,wind_vane,stuck_flatline=winddir_avg_deg,pre_april
v2_000910,IBIRAL3,2026-02-14 11:00:00+00:00,2026-02-14 15:00:00+00:00,5,1,fault,stuck_flatline,wind_vane,stuck_flatline=winddir_avg_deg,pre_april
v2_000911,IBIRAL3,2026-02-15 04:00:00+00:00,2026-02-15 04:00:00+00:00,1,0,benign,,,,pre_april
v2_000912,IBIRAL3,2026-02-18 16:00:00+00:00,2026-02-19 23:00:00+00:00,32,1,fault,stuck_flatline,wind_vane,stuck_flatline=winddir_avg_deg,pre_april
v2_000913,IBIRAL3,2026-03-05 21:00:00+00:00,2026-03-05 21:00:00+00:00,1,0,benign,,,,pre_april
v2_000914,IBIRAL3,2026-03-15 11:00:00+00:00,2026-03-15 11:00:00+00:00,1,0,benign,,,,pre_april
v2_000915,IBIRAL3,2026-03-16 15:00:00+00:00,2026-03-16 15:00:00+00:00,1,0,benign,,,,pre_april
v2_000916,IBIRAL3,2026-03-16 17:00:00+00:00,2026-03-16 17:00:00+00:00,1,0,benign,,,,pre_april
v2_000917,IBIRAL3,2026-03-17 08:00:00+00:00,2026-03-17 09:00:00+00:00,2,0,benign,,,,pre_april
v2_000918,IBIRAL3,2026-03-18 08:00:00+00:00,2026-03-18 09:00:00+00:00,2,0,benign,,,,pre_april
v2_000919,IBIRAL3,2026-04-01 18:00:00+00:00,2026-04-01 18:00:00+00:00,1,0,benign,,,,april_may
v2_000920,IBIRAL3,2026-04-04 19:00:00+00:00,2026-04-04 19:00:00+00:00,1,0,benign,,,,april_may
v2_000921,IBIRAL3,2026-04-05 06:00:00+00:00,2026-04-05 06:00:00+00:00,1,1,fault,spike_impossible,barometer,spike_impossible=pressure_trend_hpa,april_may
v2_000922,IBIRAL3,2026-04-06 21:00:00+00:00,2026-04-06 21:00:00+00:00,1,0,benign,,,,april_may
v2_000923,IBIRAL3,2026-04-08 05:00:00+00:00,2026-04-08 05:00:00+00:00,1,0,benign,,,,april_may
v2_000924,IBIRAL3,2026-04-11 13:00:00+00:00,2026-04-11 15:00:00+00:00,3,0,benign,,,,april_may
v2_000925,IBIRAL3,2026-04-12 06:00:00+00:00,2026-04-12 06:00:00+00:00,1,0,benign,,,,april_may
v2_000926,IBIRAL3,2026-04-12 08:00:00+00:00,2026-04-12 11:00:00+00:00,4,0,benign,,,,april_may
v2_000927,IBIRAL3,2026-04-14 01:00:00+00:00,2026-04-14 01:00:00+00:00,1,0,benign,,,,april_may
v2_000928,IBIRAL3,2026-04-19 16:00:00+00:00,2026-04-19 16:00:00+00:00,1,0,benign,,,,april_may
v2_000929,IBIRAL3,2026-04-20 10:00:00+00:00,2026-04-20 11:00:00+00:00,2,0,benign,,,,april_may
v2_000930,IBIRAL3,2026-04-21 10:00:00+00:00,2026-04-21 11:00:00+00:00,2,0,benign,,,,april_may
v2_000931,IBIRAL3,2026-04-24 08:00:00+00:00,2026-04-24 08:00:00+00:00,1,0,benign,,,,april_may
v2_000932,IBIRAL3,2026-04-24 11:00:00+00:00,2026-04-24 11:00:00+00:00,1,0,benign,,,,april_may
v2_000933,IBIRAL3,2026-04-25 11:00:00+00:00,2026-04-25 11:00:00+00:00,1,0,benign,,,,april_may
v2_000934,IBIRAL3,2026-04-26 10:00:00+00:00,2026-04-26 11:00:00+00:00,2,0,benign,,,,april_may
v2_000935,IBIRAL3,2026-04-27 03:00:00+00:00,2026-04-27 03:00:00+00:00,1,0,benign,,,,april_may
v2_000936,IBIRAL3,2026-04-27 09:00:00+00:00,2026-04-27 11:00:00+00:00,3,0,benign,,,,april_may
v2_000937,IBIRAL3,2026-04-29 09:00:00+00:00,2026-04-29 09:00:00+00:00,1,0,benign,,,,april_may
v2_000938,IBIRAL3,2026-04-30 01:00:00+00:00,2026-04-30 01:00:00+00:00,1,1,fault,statistical_anomaly,barometer,statistical_anomaly=pressure_trend_hpa,april_may
v2_000939,IBIRAL3,2026-04-30 11:00:00+00:00,2026-04-30 21:00:00+00:00,11,0,benign,,,,april_may
v2_000940,IBIRAL3,2026-05-01 16:00:00+00:00,2026-05-01 16:00:00+00:00,1,1,fault,statistical_anomaly,barometer,statistical_anomaly=pressure_trend_hpa,april_may
v2_000941,IBIRAL3,2026-05-01 17:00:00+00:00,2026-05-01 21:00:00+00:00,5,1,fault,statistical_anomaly,thermo_hygrometer,statistical_anomaly=humidity_low_pct,april_may
v2_000942,IBIRAL3,2026-05-02 02:00:00+00:00,2026-05-02 12:00:00+00:00,11,1,fault,spike_impossible,barometer,spike_impossible=pressure_trend_hpa,april_may
v2_000943,IBIRAL3,2026-05-02 10:00:00+00:00,2026-05-02 11:00:00+00:00,2,0,benign,,,,april_may
v2_000944,IBIRAL3,2026-05-02 12:00:00+00:00,2026-05-02 12:00:00+00:00,1,1,fault,spike_impossible,barometer,spike_impossible=pressure_trend_hpa,april_may
v2_000945,IBIRAL3,2026-05-02 15:00:00+00:00,2026-05-02 21:00:00+00:00,7,0,benign,,,,april_may
v2_000946,IBIRAL3,2026-05-03 10:00:00+00:00,2026-05-03 12:00:00+00:00,3,0,benign,,,,april_may
v2_000947,IBIRAL3,2026-05-04 10:00:00+00:00,2026-05-04 12:00:00+00:00,3,0,benign,,,,april_may
v2_000948,IBIRAL3,2026-05-05 10:00:00+00:00,2026-05-05 12:00:00+00:00,3,0,benign,,,,april_may
v2_000949,IBIRAL3,2026-05-05 19:00:00+00:00,2026-05-06 23:00:00+00:00,29,1,fault,stuck_flatline,wind_vane,stuck_flatline=winddir_avg_deg,april_may
v2_000950,IBIRAL3,2026-05-06 10:00:00+00:00,2026-05-06 11:00:00+00:00,2,1,fault,stuck_flatline,wind_vane,stuck_flatline=winddir_avg_deg,april_may
v2_000951,IBIRAL3,2026-05-06 14:00:00+00:00,2026-05-06 14:00:00+00:00,1,1,fault,stuck_flatline,wind_vane,stuck_flatline=winddir_avg_deg,april_may
v2_000952,IBIRAL3,2026-05-06 16:00:00+00:00,2026-05-06 16:00:00+00:00,1,1,fault,stuck_flatline,wind_vane,stuck_flatline=winddir_avg_deg,april_may
v2_000953,IBIRAL3,2026-05-07 09:00:00+00:00,2026-05-07 09:00:00+00:00,1,0,benign,,,,april_may
v2_000954,IBIRAL3,2026-05-07 11:00:00+00:00,2026-05-07 11:00:00+00:00,1,0,benign,,,,april_may
v2_000955,IBIRAL3,2026-05-09 09:00:00+00:00,2026-05-09 09:00:00+00:00,1,0,benign,,,,april_may
v2_000956,IBIRAL3,2026-05-09 11:00:00+00:00,2026-05-09 11:00:00+00:00,1,0,benign,,,,april_may
v2_000957,IBIRAL3,2026-05-09 12:00:00+00:00,2026-05-09 13:00:00+00:00,2,0,borderline_review,,,,april_may
v2_000958,IBIRAL3,2026-05-10 07:00:00+00:00,2026-05-10 07:00:00+00:00,1,0,benign,,,,april_may
v2_000959,IBIRAL3,2026-05-10 09:00:00+00:00,2026-05-10 09:00:00+00:00,1,0,benign,,,,april_may
v2_000960,IBIRAL3,2026-05-10 19:00:00+00:00,2026-05-10 21:00:00+00:00,3,0,benign,,,,april_may
v2_000961,IBIRAL3,2026-05-11 10:00:00+00:00,2026-05-11 12:00:00+00:00,3,0,benign,,,,april_may
v2_000962,IBIRAL3,2026-05-12 10:00:00+00:00,2026-05-12 11:00:00+00:00,2,0,benign,,,,april_may
v2_000963,IBIRAL3,2026-05-12 12:00:00+00:00,2026-05-12 16:00:00+00:00,5,0,benign,,,,april_may
v2_000964,IBIRAL3,2026-05-14 08:00:00+00:00,2026-05-14 08:00:00+00:00,1,0,benign,,,,april_may
v2_000965,IBIRAL3,2026-05-14 10:00:00+00:00,2026-05-14 11:00:00+00:00,2,0,benign,,,,april_may
v2_000966,IBIRAL3,2026-05-14 23:00:00+00:00,2026-05-14 23:00:00+00:00,1,0,benign,,,,april_may
v2_000967,IBIRAL3,2026-05-15 01:00:00+00:00,2026-05-15 01:00:00+00:00,1,0,benign,,,,april_may
v2_000968,IBIRAL3,2026-05-15 02:00:00+00:00,2026-05-15 04:00:00+00:00,3,1,fault,statistical_anomaly,barometer,statistical_anomaly=pressure_trend_hpa,april_may
v2_000969,IBIRAL3,2026-05-15 09:00:00+00:00,2026-05-15 09:00:00+00:00,1,0,benign,,,,april_may
v2_000970,IBIRAL3,2026-05-15 11:00:00+00:00,2026-05-15 11:00:00+00:00,1,0,benign,,,,april_may
v2_000971,IBIRAL3,2026-05-16 09:00:00+00:00,2026-05-16 09:00:00+00:00,1,0,benign,,,,april_may
v2_000972,IBIRAL3,2026-05-16 12:00:00+00:00,2026-05-16 12:00:00+00:00,1,0,benign,,,,april_may
v2_000973,IBIRAL3,2026-05-16 22:00:00+00:00,2026-05-16 22:00:00+00:00,1,1,fault,statistical_anomaly,barometer,statistical_anomaly=pressure_trend_hpa,april_may
v2_000974,IBIRAL3,2026-05-17 00:00:00+00:00,2026-05-17 00:00:00+00:00,1,1,fault,spike_impossible,barometer,spike_impossible=pressure_trend_hpa,april_may
v2_000975,IBIRAL3,2026-05-17 03:00:00+00:00,2026-05-17 04:00:00+00:00,2,1,fault,spike_impossible|statistical_anomaly,barometer,spike_impossible=pressure_trend_hpa|statistical_anomaly=pressure_trend_hpa,april_may
v2_000976,IBIRAL3,2026-05-17 06:00:00+00:00,2026-05-17 06:00:00+00:00,1,1,fault,statistical_anomaly,barometer,statistical_anomaly=pressure_trend_hpa,april_may
v2_000977,IBIRAL3,2026-05-17 11:00:00+00:00,2026-05-17 14:00:00+00:00,4,1,fault,statistical_anomaly,barometer,statistical_anomaly=pressure_trend_hpa,april_may
v2_000978,IBIRAL3,2026-05-18 11:00:00+00:00,2026-05-18 11:00:00+00:00,1,0,benign,,,,april_may
v2_000979,IBIRAL3,2026-05-19 08:00:00+00:00,2026-05-19 08:00:00+00:00,1,0,benign,,,,april_may
v2_000980,IBIRAL3,2026-05-19 09:00:00+00:00,2026-05-19 13:00:00+00:00,5,0,benign,,,,april_may
v2_000981,IBIRAL3,2026-05-19 18:00:00+00:00,2026-05-19 18:00:00+00:00,1,0,benign,,,,april_may
v2_000982,IBIRAL3,2026-05-20 08:00:00+00:00,2026-05-20 08:00:00+00:00,1,0,benign,,,,april_may
v2_000983,IBIRAL3,2026-05-20 10:00:00+00:00,2026-05-20 12:00:00+00:00,3,0,benign,,,,april_may
v2_000984,IBIRAL3,2026-05-21 08:00:00+00:00,2026-05-21 08:00:00+00:00,1,0,benign,,,,april_may
v2_000985,IBIRAL3,2026-05-21 09:00:00+00:00,2026-05-21 12:00:00+00:00,4,0,benign,,,,april_may
v2_000986,IBIRAL3,2026-05-21 14:00:00+00:00,2026-05-21 14:00:00+00:00,1,0,benign,,,,april_may
v2_000987,IBIRAL3,2026-05-22 10:00:00+00:00,2026-05-22 12:00:00+00:00,3,0,benign,,,,april_may
v2_000988,IBIRAL3,2026-05-22 18:00:00+00:00,2026-05-22 18:00:00+00:00,1,0,benign,,,,april_may
v2_000989,IBIRAL3,2026-05-23 00:00:00+00:00,2026-05-23 00:00:00+00:00,1,0,benign,,,,april_may
v2_000990,IBIRAL3,2026-05-23 10:00:00+00:00,2026-05-23 12:00:00+00:00,3,0,benign,,,,april_may
v2_000991,IBIRAL3,2026-05-23 13:00:00+00:00,2026-05-23 15:00:00+00:00,3,0,benign,,,,april_may
v2_000992,IBIRAL3,2026-05-24 04:00:00+00:00,2026-05-24 05:00:00+00:00,2,0,benign,,,,april_may
v2_000993,IBIRAL3,2026-05-24 10:00:00+00:00,2026-05-24 12:00:00+00:00,3,0,benign,,,,april_may
v2_000994,IBIRAL3,2026-05-24 14:00:00+00:00,2026-05-24 14:00:00+00:00,1,0,benign,,,,april_may
v2_000995,IBIRAL3,2026-05-25 11:00:00+00:00,2026-05-25 11:00:00+00:00,1,0,benign,,,,april_may
v2_000996,IBIRAL3,2026-05-26 10:00:00+00:00,2026-05-26 11:00:00+00:00,2,0,benign,,,,april_may
v2_000997,IBIRAL3,2026-05-27 04:00:00+00:00,2026-05-27 04:00:00+00:00,1,0,benign,,,,april_may
v2_000998,IBIRAL3,2026-05-27 10:00:00+00:00,2026-05-27 12:00:00+00:00,3,0,benign,,,,april_may
v2_000999,IBIRAL3,2026-05-28 05:00:00+00:00,2026-05-28 05:00:00+00:00,1,0,benign,,,,april_may
v2_001000,IBIRAL3,2026-05-28 10:00:00+00:00,2026-05-28 11:00:00+00:00,2,0,benign,,,,april_may
v2_001001,IBIRAL3,2026-05-29 11:00:00+00:00,2026-05-29 11:00:00+00:00,1,0,benign,,,,april_may
v2_001002,IBIRAL3,2026-05-30 05:00:00+00:00,2026-05-30 05:00:00+00:00,1,0,benign,,,,april_may
v2_001003,IBIRAL3,2026-05-30 22:00:00+00:00,2026-05-30 22:00:00+00:00,1,0,benign,,,,april_may
v2_001004,IBIRAL3,2026-05-31 11:00:00+00:00,2026-05-31 11:00:00+00:00,1,0,benign,,,,april_may
v2_001005,IBIRAL3,2026-05-31 14:00:00+00:00,2026-05-31 16:00:00+00:00,3,0,benign,,,,april_may
v2_001006,IBIRAL3,2026-06-02 09:00:00+00:00,2026-06-02 09:00:00+00:00,1,0,benign,,,,june
v2_001007,IBIRAL3,2026-06-03 10:00:00+00:00,2026-06-03 11:00:00+00:00,2,0,benign,,,,june
v2_001008,IBIRAL3,2026-06-03 16:00:00+00:00,2026-06-03 16:00:00+00:00,1,0,benign,,,,june
v2_001009,IBIRAL3,2026-06-04 07:00:00+00:00,2026-06-04 08:00:00+00:00,2,0,benign,,,,june
v2_001010,IBIRAL3,2026-06-04 11:00:00+00:00,2026-06-04 11:00:00+00:00,1,0,benign,,,,june
v2_001011,IBIRAL3,2026-06-05 11:00:00+00:00,2026-06-05 11:00:00+00:00,1,0,benign,,,,june
v2_001012,IBIRAL3,2026-06-06 00:00:00+00:00,2026-06-06 00:00:00+00:00,1,0,benign,,,,june
v2_001013,IBIRAL3,2026-06-06 03:00:00+00:00,2026-06-06 07:00:00+00:00,5,1,fault,statistical_anomaly,thermo_hygrometer,statistical_anomaly=humidity_low_pct,june
v2_001014,IBIRAL3,2026-06-06 10:00:00+00:00,2026-06-06 10:00:00+00:00,1,0,benign,,,,june
v2_001015,IBIRAL3,2026-06-06 11:00:00+00:00,2026-06-06 11:00:00+00:00,1,0,benign,,,,june
v2_001016,IBIRAL3,2026-06-07 06:00:00+00:00,2026-06-07 06:00:00+00:00,1,0,benign,,,,june
v2_001017,IBIRAL3,2026-06-07 14:00:00+00:00,2026-06-07 15:00:00+00:00,2,0,benign,,,,june
v2_001018,IBIRAL3,2026-06-07 17:00:00+00:00,2026-06-07 17:00:00+00:00,1,0,benign,,,,june
v2_001019,IBIRAL3,2026-06-08 12:00:00+00:00,2026-06-08 12:00:00+00:00,1,0,benign,,,,june
v2_001020,IBIRAL3,2026-06-08 14:00:00+00:00,2026-06-08 15:00:00+00:00,2,0,benign,,,,june
v2_001021,IBIRAL3,2026-06-08 22:00:00+00:00,2026-06-08 22:00:00+00:00,1,0,benign,,,,june
v2_001022,IBIRAL3,2026-06-09 08:00:00+00:00,2026-06-09 09:00:00+00:00,2,0,benign,,,,june
v2_001023,IBIRAL3,2026-06-10 03:00:00+00:00,2026-06-10 03:00:00+00:00,1,0,benign,,,,june
v2_001024,IBIRAL3,2026-06-10 12:00:00+00:00,2026-06-10 12:00:00+00:00,1,0,benign,,,,june
v2_001025,IBIRAL3,2026-06-10 22:00:00+00:00,2026-06-10 22:00:00+00:00,1,0,benign,,,,june
v2_001026,IBIRAL3,2026-06-11 05:00:00+00:00,2026-06-11 05:00:00+00:00,1,0,benign,,,,june
v2_001027,IBIRAL3,2026-06-11 12:00:00+00:00,2026-06-11 12:00:00+00:00,1,0,benign,,,,june
v2_001028,IBIRAL3,2026-06-12 12:00:00+00:00,2026-06-12 12:00:00+00:00,1,0,benign,,,,june
v2_001029,IBIRAL3,2026-06-13 11:00:00+00:00,2026-06-13 11:00:00+00:00,1,0,benign,,,,june
v2_001030,IBIRAL3,2026-06-13 12:00:00+00:00,2026-06-13 12:00:00+00:00,1,0,benign,,,,june
v2_001031,IBIRAL3,2026-06-14 11:00:00+00:00,2026-06-14 11:00:00+00:00,1,0,benign,,,,june
v2_001032,IBIRAL3,2026-06-14 12:00:00+00:00,2026-06-14 13:00:00+00:00,2,0,benign,,,,june
v2_001033,IBIRAL3,2026-06-15 11:00:00+00:00,2026-06-15 11:00:00+00:00,1,0,benign,,,,june
v2_001034,IBIRAL3,2026-06-15 13:00:00+00:00,2026-06-15 13:00:00+00:00,1,0,benign,,,,june
v2_001035,IBIRAL3,2026-06-16 08:00:00+00:00,2026-06-16 09:00:00+00:00,2,0,benign,,,,june
v2_001036,IBIRAL3,2026-06-16 10:00:00+00:00,2026-06-16 10:00:00+00:00,1,0,benign,,,,june
v2_001037,IBIRAL3,2026-06-16 12:00:00+00:00,2026-06-16 12:00:00+00:00,1,0,borderline_review,,,,june
v2_001038,IBIRAL3,2026-06-16 13:00:00+00:00,2026-06-16 14:00:00+00:00,2,0,benign,,,,june
v2_001039,IBIRAL3,2026-06-17 12:00:00+00:00,2026-06-17 12:00:00+00:00,1,0,borderline_review,,,,june
v2_001040,IBIRAL3,2026-06-18 05:00:00+00:00,2026-06-18 05:00:00+00:00,1,0,benign,,,,june
v2_001041,IBIRAL3,2026-06-18 13:00:00+00:00,2026-06-18 13:00:00+00:00,1,0,benign,,,,june
v2_001042,IBIRAL3,2026-06-20 03:00:00+00:00,2026-06-20 03:00:00+00:00,1,0,benign,,,,june
v2_001043,IBIRAL3,2026-06-23 09:00:00+00:00,2026-06-23 09:00:00+00:00,1,0,benign,,,,june
v2_001044,IBIRAL3,2026-06-24 12:00:00+00:00,2026-06-24 12:00:00+00:00,1,0,benign,,,,june
v2_001045,IBIRAL3,2026-06-25 13:00:00+00:00,2026-06-25 13:00:00+00:00,1,0,benign,,,,june
v2_001046,IBIRAL3,2026-06-25 14:00:00+00:00,2026-06-25 14:00:00+00:00,1,0,benign,,,,june
v2_001047,IBIRAL3,2026-06-26 11:00:00+00:00,2026-06-26 11:00:00+00:00,1,0,benign,,,,june
v2_001048,IBIRAL3,2026-06-27 11:00:00+00:00,2026-06-27 11:00:00+00:00,1,0,benign,,,,june
v2_001049,IBIRAL3,2026-06-29 03:00:00+00:00,2026-06-29 06:00:00+00:00,4,1,fault,statistical_anomaly,thermo_hygrometer,statistical_anomaly=humidity_low_pct,june
v2_001050,IBIRAL3,2026-06-29 22:00:00+00:00,2026-06-29 23:00:00+00:00,2,0,benign,,,,june
v2_001051,IDERNA7,2025-06-15 17:00:00+00:00,2025-06-15 17:00:00+00:00,1,0,benign,,,,pre_april
v2_001052,IDERNA7,2025-06-16 02:00:00+00:00,2025-06-16 02:00:00+00:00,1,0,benign,,,,pre_april
v2_001053,IDERNA7,2025-06-16 08:00:00+00:00,2025-06-16 08:00:00+00:00,1,0,benign,,,,pre_april
v2_001054,IDERNA7,2025-06-16 10:00:00+00:00,2025-06-16 12:00:00+00:00,3,0,benign,,,,pre_april
v2_001055,IDERNA7,2025-06-16 21:00:00+00:00,2025-06-16 21:00:00+00:00,1,0,benign,,,,pre_april
v2_001056,IDERNA7,2025-06-17 03:00:00+00:00,2025-06-17 03:00:00+00:00,1,0,benign,,,,pre_april
v2_001057,IDERNA7,2025-06-18 00:00:00+00:00,2025-06-18 00:00:00+00:00,1,1,fault,statistical_anomaly,barometer,statistical_anomaly=pressure_trend_hpa,pre_april
v2_001058,IDERNA7,2025-06-18 04:00:00+00:00,2025-06-18 04:00:00+00:00,1,0,benign,,,,pre_april
v2_001059,IDERNA7,2025-06-18 09:00:00+00:00,2025-06-18 09:00:00+00:00,1,0,benign,,,,pre_april
v2_001060,IDERNA7,2025-06-18 19:00:00+00:00,2025-06-18 19:00:00+00:00,1,0,benign,,,,pre_april
v2_001061,IDERNA7,2025-06-19 08:00:00+00:00,2025-06-19 08:00:00+00:00,1,0,benign,,,,pre_april
v2_001062,IDERNA7,2025-06-19 10:00:00+00:00,2025-06-19 12:00:00+00:00,3,0,benign,,,,pre_april
v2_001063,IDERNA7,2025-06-19 14:00:00+00:00,2025-06-19 14:00:00+00:00,1,0,benign,,,,pre_april
v2_001064,IDERNA7,2025-06-20 10:00:00+00:00,2025-06-20 12:00:00+00:00,3,0,benign,,,,pre_april
v2_001065,IDERNA7,2025-06-21 10:00:00+00:00,2025-06-21 11:00:00+00:00,2,0,benign,,,,pre_april
v2_001066,IDERNA7,2025-06-22 15:00:00+00:00,2025-06-22 17:00:00+00:00,3,0,benign,,,,pre_april
v2_001067,IDERNA7,2025-06-23 10:00:00+00:00,2025-06-23 10:00:00+00:00,1,0,benign,,,,pre_april
v2_001068,IDERNA7,2025-06-24 09:00:00+00:00,2025-06-24 09:00:00+00:00,1,0,benign,,,,pre_april
v2_001069,IDERNA7,2025-06-24 21:00:00+00:00,2025-06-24 21:00:00+00:00,1,0,benign,,,,pre_april
v2_001070,IDERNA7,2025-06-26 10:00:00+00:00,2025-06-26 12:00:00+00:00,3,0,benign,,,,pre_april
v2_001071,IDERNA7,2025-06-26 16:00:00+00:00,2025-06-26 16:00:00+00:00,1,0,benign,,,,pre_april
v2_001072,IDERNA7,2025-06-27 23:00:00+00:00,2025-06-27 23:00:00+00:00,1,0,benign,,,,pre_april
v2_001073,IDERNA7,2025-06-28 03:00:00+00:00,2025-06-28 03:00:00+00:00,1,0,benign,,,,pre_april
v2_001074,IDERNA7,2025-06-29 10:00:00+00:00,2025-06-29 11:00:00+00:00,2,0,benign,,,,pre_april
v2_001075,IDERNA7,2025-06-29 13:00:00+00:00,2025-06-29 13:00:00+00:00,1,0,benign,,,,pre_april
v2_001076,IDERNA7,2025-06-30 12:00:00+00:00,2025-06-30 12:00:00+00:00,1,0,benign,,,,pre_april
v2_001077,IDERNA7,2025-06-30 23:00:00+00:00,2025-06-30 23:00:00+00:00,1,0,benign,,,,pre_april
v2_001078,IDERNA7,2025-07-01 07:00:00+00:00,2025-07-01 07:00:00+00:00,1,0,benign,,,,pre_april
v2_001079,IDERNA7,2025-07-01 10:00:00+00:00,2025-07-01 11:00:00+00:00,2,0,benign,,,,pre_april
v2_001080,IDERNA7,2025-07-03 09:00:00+00:00,2025-07-03 09:00:00+00:00,1,0,benign,,,,pre_april
v2_001081,IDERNA7,2025-07-03 10:00:00+00:00,2025-07-03 12:00:00+00:00,3,0,benign,,,,pre_april
v2_001082,IDERNA7,2025-07-04 11:00:00+00:00,2025-07-04 12:00:00+00:00,2,0,benign,,,,pre_april
v2_001083,IDERNA7,2025-07-04 14:00:00+00:00,2025-07-04 14:00:00+00:00,1,0,benign,,,,pre_april
v2_001084,IDERNA7,2025-07-05 10:00:00+00:00,2025-07-05 12:00:00+00:00,3,0,benign,,,,pre_april
v2_001085,IDERNA7,2025-07-05 16:00:00+00:00,2025-07-05 16:00:00+00:00,1,0,benign,,,,pre_april
v2_001086,IDERNA7,2025-07-06 00:00:00+00:00,2025-07-06 00:00:00+00:00,1,0,benign,,,,pre_april
v2_001087,IDERNA7,2025-07-06 10:00:00+00:00,2025-07-06 12:00:00+00:00,3,0,benign,,,,pre_april
v2_001088,IDERNA7,2025-07-06 15:00:00+00:00,2025-07-06 15:00:00+00:00,1,0,benign,,,,pre_april
v2_001089,IDERNA7,2025-07-07 10:00:00+00:00,2025-07-07 11:00:00+00:00,2,0,benign,,,,pre_april
v2_001090,IDERNA7,2025-07-07 21:00:00+00:00,2025-07-07 21:00:00+00:00,1,0,benign,,,,pre_april
v2_001091,IDERNA7,2025-07-08 02:00:00+00:00,2025-07-08 02:00:00+00:00,1,0,benign,,,,pre_april
v2_001092,IDERNA7,2025-07-08 10:00:00+00:00,2025-07-08 12:00:00+00:00,3,0,benign,,,,pre_april
v2_001093,IDERNA7,2025-08-11 12:00:00+00:00,2025-08-11 12:00:00+00:00,1,0,benign,,,,pre_april
v2_001094,IDERNA7,2025-08-17 06:00:00+00:00,2025-08-17 06:00:00+00:00,1,0,benign,,,,pre_april
v2_001095,IDERNA7,2025-08-17 17:00:00+00:00,2025-08-17 18:00:00+00:00,2,0,benign,,,,pre_april
v2_001096,IDERNA7,2025-08-18 03:00:00+00:00,2025-08-18 04:00:00+00:00,2,0,benign,,,,pre_april
v2_001097,IDERNA7,2025-08-18 06:00:00+00:00,2025-08-18 06:00:00+00:00,1,0,benign,,,,pre_april
v2_001098,IDERNA7,2025-08-18 13:00:00+00:00,2025-08-18 13:00:00+00:00,1,0,benign,,,,pre_april
v2_001099,IDERNA7,2025-08-18 21:00:00+00:00,2025-08-18 21:00:00+00:00,1,1,fault,spike_impossible,barometer,spike_impossible=pressure_trend_hpa,pre_april
v2_001100,IDERNA7,2025-08-19 00:00:00+00:00,2025-08-19 00:00:00+00:00,1,0,benign,,,,pre_april
v2_001101,IDERNA7,2025-08-19 09:00:00+00:00,2025-08-19 09:00:00+00:00,1,0,benign,,,,pre_april
v2_001102,IDERNA7,2025-08-19 10:00:00+00:00,2025-08-19 10:00:00+00:00,1,0,benign,,,,pre_april
v2_001103,IDERNA7,2025-08-19 21:00:00+00:00,2025-08-19 21:00:00+00:00,1,0,benign,,,,pre_april
v2_001104,IDERNA7,2025-08-20 06:00:00+00:00,2025-08-20 06:00:00+00:00,1,0,benign,,,,pre_april
v2_001105,IDERNA7,2025-08-20 13:00:00+00:00,2025-08-20 13:00:00+00:00,1,0,benign,,,,pre_april
v2_001106,IDERNA7,2025-08-20 22:00:00+00:00,2025-08-20 22:00:00+00:00,1,0,benign,,,,pre_april
v2_001107,IDERNA7,2025-08-21 12:00:00+00:00,2025-08-21 12:00:00+00:00,1,0,benign,,,,pre_april
v2_001108,IDERNA7,2025-08-21 13:00:00+00:00,2025-08-21 13:00:00+00:00,1,0,benign,,,,pre_april
v2_001109,IDERNA7,2025-08-22 11:00:00+00:00,2025-08-22 11:00:00+00:00,1,0,benign,,,,pre_april
v2_001110,IDERNA7,2025-08-23 05:00:00+00:00,2025-08-23 05:00:00+00:00,1,0,benign,,,,pre_april
v2_001111,IDERNA7,2025-08-23 16:00:00+00:00,2025-08-23 16:00:00+00:00,1,0,benign,,,,pre_april
v2_001112,IDERNA7,2025-08-24 09:00:00+00:00,2025-08-24 09:00:00+00:00,1,0,benign,,,,pre_april
v2_001113,IDERNA7,2025-09-05 23:00:00+00:00,2025-09-05 23:00:00+00:00,1,0,benign,,,,pre_april
v2_001114,IDERNA7,2025-09-06 09:00:00+00:00,2025-09-06 09:00:00+00:00,1,0,benign,,,,pre_april
v2_001115,IDERNA7,2025-09-06 12:00:00+00:00,2025-09-06 12:00:00+00:00,1,0,benign,,,,pre_april
v2_001116,IDERNA7,2025-09-06 20:00:00+00:00,2025-09-06 20:00:00+00:00,1,0,benign,,,,pre_april
v2_001117,IDERNA7,2025-09-06 22:00:00+00:00,2025-09-06 22:00:00+00:00,1,0,benign,,,,pre_april
v2_001118,IDERNA7,2025-09-07 01:00:00+00:00,2025-09-07 01:00:00+00:00,1,0,benign,,,,pre_april
v2_001119,IDERNA7,2025-09-07 09:00:00+00:00,2025-09-07 09:00:00+00:00,1,0,benign,,,,pre_april
v2_001120,IDERNA7,2025-09-07 15:00:00+00:00,2025-09-07 15:00:00+00:00,1,0,benign,,,,pre_april
v2_001121,IDERNA7,2025-09-08 00:00:00+00:00,2025-09-08 00:00:00+00:00,1,0,benign,,,,pre_april
v2_001122,IDERNA7,2025-09-08 04:00:00+00:00,2025-09-08 04:00:00+00:00,1,0,benign,,,,pre_april
v2_001123,IDERNA7,2025-09-08 16:00:00+00:00,2025-09-08 16:00:00+00:00,1,0,benign,,,,pre_april
v2_001124,IDERNA7,2025-09-10 06:00:00+00:00,2025-09-10 06:00:00+00:00,1,0,benign,,,,pre_april
v2_001125,IDERNA7,2025-09-11 07:00:00+00:00,2025-09-11 07:00:00+00:00,1,0,benign,,,,pre_april
v2_001126,IDERNA7,2025-09-17 14:00:00+00:00,2025-09-17 14:00:00+00:00,1,0,benign,,,,pre_april
v2_001127,IDERNA7,2025-09-17 21:00:00+00:00,2025-09-17 21:00:00+00:00,1,0,benign,,,,pre_april
v2_001128,IDERNA7,2025-09-18 00:00:00+00:00,2025-09-18 00:00:00+00:00,1,0,benign,,,,pre_april
v2_001129,IDERNA7,2025-09-19 00:00:00+00:00,2025-09-19 00:00:00+00:00,1,0,benign,,,,pre_april
v2_001130,IDERNA7,2025-09-19 17:00:00+00:00,2025-09-19 17:00:00+00:00,1,0,benign,,,,pre_april
v2_001131,IDERNA7,2025-09-20 00:00:00+00:00,2025-09-20 00:00:00+00:00,1,0,benign,,,,pre_april
v2_001132,IDERNA7,2025-09-20 02:00:00+00:00,2025-09-20 02:00:00+00:00,1,0,benign,,,,pre_april
v2_001133,IDERNA7,2025-09-20 10:00:00+00:00,2025-09-20 10:00:00+00:00,1,0,benign,,,,pre_april
v2_001134,IDERNA7,2025-09-20 12:00:00+00:00,2025-09-20 12:00:00+00:00,1,0,benign,,,,pre_april
v2_001135,IDERNA7,2025-09-20 19:00:00+00:00,2025-09-20 20:00:00+00:00,2,0,benign,,,,pre_april
v2_001136,IDERNA7,2025-09-21 10:00:00+00:00,2025-09-21 10:00:00+00:00,1,0,benign,,,,pre_april
v2_001137,IDERNA7,2025-09-21 20:00:00+00:00,2025-09-21 20:00:00+00:00,1,0,benign,,,,pre_april
v2_001138,IDERNA7,2025-09-21 21:00:00+00:00,2025-09-21 21:00:00+00:00,1,0,benign,,,,pre_april
v2_001139,IDERNA7,2025-09-21 23:00:00+00:00,2025-09-21 23:00:00+00:00,1,0,benign,,,,pre_april
v2_001140,IDERNA7,2025-09-22 09:00:00+00:00,2025-09-22 09:00:00+00:00,1,0,benign,,,,pre_april
v2_001141,IDERNA7,2025-09-22 12:00:00+00:00,2025-09-22 12:00:00+00:00,1,0,benign,,,,pre_april
v2_001142,IDERNA7,2025-09-22 13:00:00+00:00,2025-09-22 14:00:00+00:00,2,0,benign,,,,pre_april
v2_001143,IDERNA7,2025-09-22 16:00:00+00:00,2025-09-22 16:00:00+00:00,1,0,benign,,,,pre_april
v2_001144,IDERNA7,2025-09-22 18:00:00+00:00,2025-09-22 18:00:00+00:00,1,0,benign,,,,pre_april
v2_001145,IDERNA7,2025-09-22 19:00:00+00:00,2025-09-22 19:00:00+00:00,1,0,benign,,,,pre_april
v2_001146,IDERNA7,2025-09-22 21:00:00+00:00,2025-09-22 21:00:00+00:00,1,0,benign,,,,pre_april
v2_001147,IDERNA7,2025-09-23 01:00:00+00:00,2025-09-23 01:00:00+00:00,1,0,benign,,,,pre_april
v2_001148,IDERNA7,2025-09-23 17:00:00+00:00,2025-09-23 17:00:00+00:00,1,0,benign,,,,pre_april
v2_001149,IDERNA7,2025-09-23 21:00:00+00:00,2025-09-23 21:00:00+00:00,1,0,benign,,,,pre_april
v2_001150,IDERNA7,2025-09-24 18:00:00+00:00,2025-09-24 18:00:00+00:00,1,0,benign,,,,pre_april
v2_001151,IDERNA7,2025-09-24 21:00:00+00:00,2025-09-24 21:00:00+00:00,1,0,benign,,,,pre_april
v2_001152,IDERNA7,2025-09-25 14:00:00+00:00,2025-09-25 14:00:00+00:00,1,0,benign,,,,pre_april
v2_001153,IDERNA7,2025-09-25 18:00:00+00:00,2025-09-25 18:00:00+00:00,1,0,benign,,,,pre_april
v2_001154,IDERNA7,2025-09-27 15:00:00+00:00,2025-09-27 15:00:00+00:00,1,0,benign,,,,pre_april
v2_001155,IDERNA7,2025-09-28 10:00:00+00:00,2025-09-28 13:00:00+00:00,4,0,benign,,,,pre_april
v2_001156,IDERNA7,2025-09-29 01:00:00+00:00,2025-09-29 01:00:00+00:00,1,0,benign,,,,pre_april
v2_001157,IDERNA7,2025-09-29 17:00:00+00:00,2025-09-29 17:00:00+00:00,1,0,benign,,,,pre_april
v2_001158,IDERNA7,2025-09-29 18:00:00+00:00,2025-09-29 18:00:00+00:00,1,0,benign,,,,pre_april
v2_001159,IDERNA7,2025-09-30 14:00:00+00:00,2025-09-30 14:00:00+00:00,1,0,benign,,,,pre_april
v2_001160,IDERNA7,2025-10-09 23:00:00+00:00,2025-10-09 23:00:00+00:00,1,0,benign,,,,pre_april
v2_001161,IDERNA7,2025-10-10 05:00:00+00:00,2025-10-10 05:00:00+00:00,1,0,benign,,,,pre_april
v2_001162,IDERNA7,2025-10-11 22:00:00+00:00,2025-10-11 22:00:00+00:00,1,0,benign,,,,pre_april
v2_001163,IDERNA7,2025-10-12 02:00:00+00:00,2025-10-12 02:00:00+00:00,1,0,benign,,,,pre_april
v2_001164,IDERNA7,2025-10-12 08:00:00+00:00,2025-10-12 08:00:00+00:00,1,0,benign,,,,pre_april
v2_001165,IDERNA7,2025-10-12 16:00:00+00:00,2025-10-12 16:00:00+00:00,1,0,benign,,,,pre_april
v2_001166,IDERNA7,2025-10-12 18:00:00+00:00,2025-10-12 18:00:00+00:00,1,0,benign,,,,pre_april
v2_001167,IDERNA7,2025-10-31 18:00:00+00:00,2025-10-31 18:00:00+00:00,1,0,benign,,,,pre_april
v2_001168,IDERNA7,2025-10-31 20:00:00+00:00,2025-10-31 21:00:00+00:00,2,0,benign,,,,pre_april
v2_001169,IDERNA7,2025-10-31 23:00:00+00:00,2025-10-31 23:00:00+00:00,1,0,benign,,,,pre_april
v2_001170,IDERNA7,2025-11-02 07:00:00+00:00,2025-11-02 07:00:00+00:00,1,0,benign,,,,pre_april
v2_001171,IDERNA7,2025-11-02 13:00:00+00:00,2025-11-02 13:00:00+00:00,1,0,benign,,,,pre_april
v2_001172,IDERNA7,2025-11-02 17:00:00+00:00,2025-11-02 17:00:00+00:00,1,0,benign,,,,pre_april
v2_001173,IDERNA7,2025-11-02 22:00:00+00:00,2025-11-02 22:00:00+00:00,1,0,benign,,,,pre_april
v2_001174,IDERNA7,2025-11-03 01:00:00+00:00,2025-11-03 01:00:00+00:00,1,0,benign,,,,pre_april
v2_001175,IDERNA7,2025-11-03 23:00:00+00:00,2025-11-03 23:00:00+00:00,1,0,benign,,,,pre_april
v2_001176,IDERNA7,2025-11-05 03:00:00+00:00,2025-11-05 03:00:00+00:00,1,0,benign,,,,pre_april
v2_001177,IDERNA7,2025-11-06 21:00:00+00:00,2025-11-06 21:00:00+00:00,1,0,benign,,,,pre_april
v2_001178,IDERNA7,2025-11-08 15:00:00+00:00,2025-11-08 15:00:00+00:00,1,0,benign,,,,pre_april
v2_001179,IDERNA7,2025-11-08 18:00:00+00:00,2025-11-08 18:00:00+00:00,1,0,benign,,,,pre_april
v2_001180,IDERNA7,2025-11-08 21:00:00+00:00,2025-11-08 21:00:00+00:00,1,0,benign,,,,pre_april
v2_001181,IDERNA7,2025-11-09 09:00:00+00:00,2025-11-09 09:00:00+00:00,1,0,benign,,,,pre_april
v2_001182,IDERNA7,2025-11-09 11:00:00+00:00,2025-11-09 16:00:00+00:00,6,0,benign,,,,pre_april
v2_001183,IDERNA7,2025-11-09 18:00:00+00:00,2025-11-09 18:00:00+00:00,1,0,benign,,,,pre_april
v2_001184,IDERNA7,2025-11-09 22:00:00+00:00,2025-11-09 22:00:00+00:00,1,0,benign,,,,pre_april
v2_001185,IDERNA7,2025-11-10 07:00:00+00:00,2025-11-10 14:00:00+00:00,8,0,benign,,,,pre_april
v2_001186,IDERNA7,2025-11-13 02:00:00+00:00,2025-11-13 02:00:00+00:00,1,0,benign,,,,pre_april
v2_001187,IDERNA7,2025-11-13 12:00:00+00:00,2025-11-13 12:00:00+00:00,1,0,benign,,,,pre_april
v2_001188,IDERNA7,2025-11-13 20:00:00+00:00,2025-11-13 20:00:00+00:00,1,0,benign,,,,pre_april
v2_001189,IDERNA7,2025-11-16 22:00:00+00:00,2025-11-16 22:00:00+00:00,1,0,benign,,,,pre_april
v2_001190,IDERNA7,2025-12-08 15:00:00+00:00,2025-12-08 15:00:00+00:00,1,1,fault,statistical_anomaly,anemometer,statistical_anomaly=windgust_high_kmh+windspeed_high_kmh,pre_april
v2_001191,IDERNA7,2025-12-11 05:00:00+00:00,2025-12-11 05:00:00+00:00,1,0,benign,,,,pre_april
v2_001192,IDERNA7,2025-12-12 01:00:00+00:00,2025-12-12 01:00:00+00:00,1,0,benign,,,,pre_april
v2_001193,IDERNA7,2025-12-12 03:00:00+00:00,2025-12-12 03:00:00+00:00,1,0,benign,,,,pre_april
v2_001194,IDERNA7,2025-12-12 15:00:00+00:00,2025-12-12 15:00:00+00:00,1,0,benign,,,,pre_april
v2_001195,IDERNA7,2025-12-12 20:00:00+00:00,2025-12-12 20:00:00+00:00,1,0,benign,,,,pre_april
v2_001196,IDERNA7,2025-12-13 09:00:00+00:00,2025-12-13 09:00:00+00:00,1,0,benign,,,,pre_april
v2_001197,IDERNA7,2025-12-13 12:00:00+00:00,2025-12-13 12:00:00+00:00,1,0,benign,,,,pre_april
v2_001198,IDERNA7,2025-12-13 21:00:00+00:00,2025-12-13 21:00:00+00:00,1,0,benign,,,,pre_april
v2_001199,IDERNA7,2025-12-14 22:00:00+00:00,2025-12-14 22:00:00+00:00,1,0,benign,,,,pre_april
v2_001200,IDERNA7,2025-12-16 12:00:00+00:00,2025-12-16 12:00:00+00:00,1,0,benign,,,,pre_april
v2_001201,IDERNA7,2025-12-18 14:00:00+00:00,2025-12-18 14:00:00+00:00,1,0,benign,,,,pre_april
v2_001202,IDERNA7,2025-12-19 10:00:00+00:00,2025-12-19 13:00:00+00:00,4,0,benign,,,,pre_april
v2_001203,IDERNA7,2025-12-20 02:00:00+00:00,2025-12-20 02:00:00+00:00,1,0,benign,,,,pre_april
v2_001204,IDERNA7,2025-12-20 06:00:00+00:00,2025-12-20 06:00:00+00:00,1,0,benign,,,,pre_april
v2_001205,IDERNA7,2025-12-20 16:00:00+00:00,2025-12-21 04:00:00+00:00,13,0,benign,,,,pre_april
v2_001206,IDERNA7,2025-12-21 00:00:00+00:00,2025-12-21 00:00:00+00:00,1,0,benign,,,,pre_april
v2_001207,IDERNA7,2025-12-21 01:00:00+00:00,2025-12-21 01:00:00+00:00,1,0,benign,,,,pre_april
v2_001208,IDERNA7,2025-12-21 02:00:00+00:00,2025-12-21 04:00:00+00:00,3,0,benign,,,,pre_april
v2_001209,IDERNA7,2025-12-22 16:00:00+00:00,2025-12-22 16:00:00+00:00,1,0,benign,,,,pre_april
v2_001210,IDERNA7,2025-12-22 23:00:00+00:00,2025-12-22 23:00:00+00:00,1,0,benign,,,,pre_april
v2_001211,IDERNA7,2025-12-23 22:00:00+00:00,2025-12-23 22:00:00+00:00,1,0,benign,,,,pre_april
v2_001212,IDERNA7,2025-12-24 00:00:00+00:00,2025-12-24 01:00:00+00:00,2,0,benign,,,,pre_april
v2_001213,IDERNA7,2025-12-24 10:00:00+00:00,2025-12-24 19:00:00+00:00,10,0,benign,,,,pre_april
v2_001214,IDERNA7,2025-12-25 09:00:00+00:00,2025-12-25 12:00:00+00:00,4,0,benign,,,,pre_april
v2_001215,IDERNA7,2025-12-25 18:00:00+00:00,2025-12-25 18:00:00+00:00,1,0,benign,,,,pre_april
v2_001216,IDERNA7,2025-12-26 04:00:00+00:00,2025-12-26 07:00:00+00:00,4,0,borderline_review,,,,pre_april
v2_001217,IDERNA7,2025-12-27 04:00:00+00:00,2025-12-27 06:00:00+00:00,3,0,benign,,,,pre_april
v2_001218,IDERNA7,2025-12-27 18:00:00+00:00,2025-12-27 18:00:00+00:00,1,0,benign,,,,pre_april
v2_001219,IDERNA7,2025-12-28 06:00:00+00:00,2025-12-28 06:00:00+00:00,1,0,benign,,,,pre_april
v2_001220,IDERNA7,2025-12-28 11:00:00+00:00,2025-12-28 11:00:00+00:00,1,0,benign,,,,pre_april
v2_001221,IDERNA7,2025-12-29 12:00:00+00:00,2025-12-29 12:00:00+00:00,1,0,benign,,,,pre_april
v2_001222,IDERNA7,2026-01-02 00:00:00+00:00,2026-01-02 03:00:00+00:00,4,1,fault,statistical_anomaly,thermo_hygrometer,statistical_anomaly=temp_avg_c,pre_april
v2_001223,IDERNA7,2026-01-03 05:00:00+00:00,2026-01-03 06:00:00+00:00,2,0,benign,,,,pre_april
v2_001224,IDERNA7,2026-01-04 00:00:00+00:00,2026-01-04 01:00:00+00:00,2,0,benign,,,,pre_april
v2_001225,IDERNA7,2026-01-04 12:00:00+00:00,2026-01-04 14:00:00+00:00,3,0,benign,,,,pre_april
v2_001226,IDERNA7,2026-01-04 18:00:00+00:00,2026-01-04 18:00:00+00:00,1,0,benign,,,,pre_april
v2_001227,IDERNA7,2026-01-04 21:00:00+00:00,2026-01-04 21:00:00+00:00,1,0,benign,,,,pre_april
v2_001228,IDERNA7,2026-01-05 00:00:00+00:00,2026-01-05 00:00:00+00:00,1,0,benign,,,,pre_april
v2_001229,IDERNA7,2026-01-05 02:00:00+00:00,2026-01-05 07:00:00+00:00,6,1,fault,statistical_anomaly,thermo_hygrometer,statistical_anomaly=temp_avg_c,pre_april
v2_001230,IDERNA7,2026-01-05 08:00:00+00:00,2026-01-05 08:00:00+00:00,1,0,benign,,,,pre_april
v2_001231,IDERNA7,2026-01-05 13:00:00+00:00,2026-01-05 15:00:00+00:00,3,0,benign,,,,pre_april
v2_001232,IDERNA7,2026-01-05 19:00:00+00:00,2026-01-05 21:00:00+00:00,3,0,benign,,,,pre_april
v2_001233,IDERNA7,2026-01-06 05:00:00+00:00,2026-01-06 06:00:00+00:00,2,0,benign,,,,pre_april
v2_001234,IDERNA7,2026-01-06 08:00:00+00:00,2026-01-06 19:00:00+00:00,12,1,fault,statistical_anomaly,thermo_hygrometer,statistical_anomaly=humidity_high_pct,pre_april
v2_001235,IDERNA7,2026-01-06 22:00:00+00:00,2026-01-08 02:00:00+00:00,29,1,fault,statistical_anomaly,thermo_hygrometer,statistical_anomaly=humidity_avg_pct+humidity_high_pct+humidity_low_pct,pre_april
v2_001236,IDERNA7,2026-01-09 15:00:00+00:00,2026-01-09 15:00:00+00:00,1,0,benign,,,,pre_april
v2_001237,IDERNA7,2026-01-10 11:00:00+00:00,2026-01-10 19:00:00+00:00,9,0,benign,,,,pre_april
v2_001238,IDERNA7,2026-01-11 14:00:00+00:00,2026-01-11 14:00:00+00:00,1,0,benign,,,,pre_april
v2_001239,IDERNA7,2026-01-12 10:00:00+00:00,2026-01-12 10:00:00+00:00,1,0,benign,,,,pre_april
v2_001240,IDERNA7,2026-01-12 14:00:00+00:00,2026-01-12 16:00:00+00:00,3,0,benign,,,,pre_april
v2_001241,IDERNA7,2026-01-12 21:00:00+00:00,2026-01-12 21:00:00+00:00,1,0,benign,,,,pre_april
v2_001242,IDERNA7,2026-01-13 04:00:00+00:00,2026-01-13 04:00:00+00:00,1,0,benign,,,,pre_april
v2_001243,IDERNA7,2026-01-14 11:00:00+00:00,2026-01-14 11:00:00+00:00,1,0,benign,,,,pre_april
v2_001244,IDERNA7,2026-01-19 20:00:00+00:00,2026-01-20 07:00:00+00:00,12,1,fault,statistical_anomaly,anemometer,statistical_anomaly=windgust_avg_kmh+windgust_high_kmh+windspeed_high_kmh,pre_april
v2_001245,IDERNA7,2026-01-20 03:00:00+00:00,2026-01-20 03:00:00+00:00,1,1,fault,statistical_anomaly,anemometer,statistical_anomaly=windgust_high_kmh+windspeed_high_kmh,pre_april
v2_001246,IDERNA7,2026-01-20 05:00:00+00:00,2026-01-20 07:00:00+00:00,3,1,fault,statistical_anomaly,anemometer,statistical_anomaly=windgust_avg_kmh+windgust_high_kmh+windspeed_high_kmh,pre_april
v2_001247,IDERNA7,2026-01-20 20:00:00+00:00,2026-01-20 20:00:00+00:00,1,1,fault,statistical_anomaly,anemometer,statistical_anomaly=windgust_avg_kmh+windgust_high_kmh+windgust_low_kmh+windspeed_high_kmh+windspeed_low_kmh,pre_april
v2_001248,IDERNA7,2026-01-20 22:00:00+00:00,2026-01-20 22:00:00+00:00,1,1,fault,statistical_anomaly,anemometer,statistical_anomaly=windgust_avg_kmh+windgust_high_kmh+windspeed_high_kmh,pre_april
v2_001249,IDERNA7,2026-01-21 00:00:00+00:00,2026-01-21 02:00:00+00:00,3,1,fault,statistical_anomaly,anemometer,statistical_anomaly=windgust_avg_kmh+windgust_high_kmh+windgust_low_kmh+windspeed_avg_kmh+windspeed_high_kmh+windspeed_low_kmh,pre_april
v2_001250,IDERNA7,2026-01-21 09:00:00+00:00,2026-01-21 09:00:00+00:00,1,0,benign,,,,pre_april
v2_001251,IDERNA7,2026-01-21 15:00:00+00:00,2026-01-21 15:00:00+00:00,1,0,benign,,,,pre_april
v2_001252,IDERNA7,2026-01-22 04:00:00+00:00,2026-01-22 05:00:00+00:00,2,0,benign,,,,pre_april
v2_001253,IDERNA7,2026-01-22 06:00:00+00:00,2026-01-22 06:00:00+00:00,1,1,fault,statistical_anomaly,thermo_hygrometer,statistical_anomaly=temp_avg_c,pre_april
v2_001254,IDERNA7,2026-01-22 14:00:00+00:00,2026-01-22 15:00:00+00:00,2,0,benign,,,,pre_april
v2_001255,IDERNA7,2026-01-23 13:00:00+00:00,2026-01-23 13:00:00+00:00,1,0,benign,,,,pre_april
v2_001256,IDERNA7,2026-01-23 15:00:00+00:00,2026-01-23 16:00:00+00:00,2,0,benign,,,,pre_april
v2_001257,IDERNA7,2026-01-24 17:00:00+00:00,2026-01-24 17:00:00+00:00,1,0,benign,,,,pre_april
v2_001258,IDERNA7,2026-01-24 18:00:00+00:00,2026-01-25 01:00:00+00:00,8,0,benign,,,,pre_april
v2_001259,IDERNA7,2026-01-25 09:00:00+00:00,2026-01-25 09:00:00+00:00,1,0,benign,,,,pre_april
v2_001260,IDERNA7,2026-01-25 12:00:00+00:00,2026-01-25 18:00:00+00:00,7,0,benign,,,,pre_april
v2_001261,IDERNA7,2026-01-25 22:00:00+00:00,2026-01-26 01:00:00+00:00,4,0,benign,,,,pre_april
v2_001262,IDERNA7,2026-01-26 13:00:00+00:00,2026-01-26 13:00:00+00:00,1,0,benign,,,,pre_april
v2_001263,IDERNA7,2026-02-01 02:00:00+00:00,2026-02-01 03:00:00+00:00,2,0,benign,,,,pre_april
v2_001264,IDERNA7,2026-02-01 10:00:00+00:00,2026-02-01 15:00:00+00:00,6,0,benign,,,,pre_april
v2_001265,IDERNA7,2026-02-04 06:00:00+00:00,2026-02-04 06:00:00+00:00,1,0,benign,,,,pre_april
v2_001266,IDERNA7,2026-02-04 08:00:00+00:00,2026-02-04 08:00:00+00:00,1,0,benign,,,,pre_april
v2_001267,IDERNA7,2026-02-04 10:00:00+00:00,2026-02-04 15:00:00+00:00,6,0,benign,,,,pre_april
v2_001268,IDERNA7,2026-02-04 17:00:00+00:00,2026-02-05 04:00:00+00:00,12,0,benign,,,,pre_april
v2_001269,IDERNA7,2026-02-05 00:00:00+00:00,2026-02-05 00:00:00+00:00,1,0,benign,,,,pre_april
v2_001270,IDERNA7,2026-02-05 10:00:00+00:00,2026-02-05 10:00:00+00:00,1,0,benign,,,,pre_april
v2_001271,IDERNA7,2026-02-05 12:00:00+00:00,2026-02-05 21:00:00+00:00,10,0,benign,,,,pre_april
v2_001272,IDERNA7,2026-02-06 01:00:00+00:00,2026-02-06 01:00:00+00:00,1,0,benign,,,,pre_april
v2_001273,IDERNA7,2026-02-06 22:00:00+00:00,2026-02-07 01:00:00+00:00,4,0,benign,,,,pre_april
v2_001274,IDERNA7,2026-02-07 08:00:00+00:00,2026-02-07 11:00:00+00:00,4,0,benign,,,,pre_april
v2_001275,IDERNA7,2026-02-07 23:00:00+00:00,2026-02-07 23:00:00+00:00,1,0,benign,,,,pre_april
v2_001276,IDERNA7,2026-02-09 08:00:00+00:00,2026-02-09 08:00:00+00:00,1,0,benign,,,,pre_april
v2_001277,IDERNA7,2026-02-09 12:00:00+00:00,2026-02-09 12:00:00+00:00,1,0,benign,,,,pre_april
v2_001278,IDERNA7,2026-02-14 08:00:00+00:00,2026-02-14 09:00:00+00:00,2,0,benign,,,,pre_april
v2_001279,IDERNA7,2026-02-14 10:00:00+00:00,2026-02-14 12:00:00+00:00,3,0,benign,,,,pre_april
v2_001280,IDERNA7,2026-02-14 14:00:00+00:00,2026-02-14 17:00:00+00:00,4,0,benign,,,,pre_april
v2_001281,IDERNA7,2026-02-14 23:00:00+00:00,2026-02-14 23:00:00+00:00,1,0,benign,,,,pre_april
v2_001282,IDERNA7,2026-02-17 14:00:00+00:00,2026-02-17 14:00:00+00:00,1,0,benign,,,,pre_april
v2_001283,IDERNA7,2026-02-17 15:00:00+00:00,2026-02-17 15:00:00+00:00,1,0,benign,,,,pre_april
v2_001284,IDERNA7,2026-02-17 17:00:00+00:00,2026-02-17 17:00:00+00:00,1,0,benign,,,,pre_april
v2_001285,IDERNA7,2026-03-14 07:00:00+00:00,2026-03-14 08:00:00+00:00,2,0,benign,,,,pre_april
v2_001286,IDERNA7,2026-03-17 08:00:00+00:00,2026-03-17 08:00:00+00:00,1,0,benign,,,,pre_april
v2_001287,IDERNA7,2026-03-24 06:00:00+00:00,2026-03-24 06:00:00+00:00,1,0,benign,,,,pre_april
v2_001288,IDERNA7,2026-03-31 20:00:00+00:00,2026-03-31 20:00:00+00:00,1,0,benign,,,,pre_april
v2_001289,IDERNA7,2026-04-01 20:00:00+00:00,2026-04-01 20:00:00+00:00,1,1,fault,statistical_anomaly,barometer,statistical_anomaly=pressure_trend_hpa,april_may
v2_001290,IDERNA7,2026-04-02 09:00:00+00:00,2026-04-02 16:00:00+00:00,8,0,benign,,,,april_may
v2_001291,IDERNA7,2026-04-03 11:00:00+00:00,2026-04-03 11:00:00+00:00,1,0,benign,,,,april_may
v2_001292,IDERNA7,2026-04-03 17:00:00+00:00,2026-04-03 17:00:00+00:00,1,0,benign,,,,april_may
v2_001293,IDERNA7,2026-04-08 07:00:00+00:00,2026-04-08 07:00:00+00:00,1,0,benign,,,,april_may
v2_001294,IDERNA7,2026-04-09 12:00:00+00:00,2026-04-09 12:00:00+00:00,1,1,fault,spike_impossible,barometer,spike_impossible=pressure_trend_hpa,april_may
v2_001295,IDERNA7,2026-04-11 06:00:00+00:00,2026-04-11 07:00:00+00:00,2,0,benign,,,,april_may
v2_001296,IDERNA7,2026-04-11 08:00:00+00:00,2026-04-11 08:00:00+00:00,1,0,benign,,,,april_may
v2_001297,IDERNA7,2026-04-12 06:00:00+00:00,2026-04-12 06:00:00+00:00,1,0,benign,,,,april_may
v2_001298,IDERNA7,2026-04-13 10:00:00+00:00,2026-04-13 13:00:00+00:00,4,1,fault,statistical_anomaly,anemometer,statistical_anomaly=windspeed_high_kmh,april_may
v2_001299,IDERNA7,2026-04-13 16:00:00+00:00,2026-04-13 16:00:00+00:00,1,0,benign,,,,april_may
v2_001300,IDERNA7,2026-04-13 17:00:00+00:00,2026-04-13 17:00:00+00:00,1,0,benign,,,,april_may
v2_001301,IDERNA7,2026-04-13 19:00:00+00:00,2026-04-13 19:00:00+00:00,1,0,benign,,,,april_may
v2_001302,IDERNA7,2026-04-13 23:00:00+00:00,2026-04-14 00:00:00+00:00,2,0,benign,,,,april_may
v2_001303,IDERNA7,2026-04-14 02:00:00+00:00,2026-04-14 03:00:00+00:00,2,0,benign,,,,april_may
v2_001304,IDERNA7,2026-04-14 07:00:00+00:00,2026-04-14 12:00:00+00:00,6,0,benign,,,,april_may
v2_001305,IDERNA7,2026-04-15 22:00:00+00:00,2026-04-15 22:00:00+00:00,1,0,benign,,,,april_may
v2_001306,IDERNA7,2026-04-16 01:00:00+00:00,2026-04-16 02:00:00+00:00,2,0,benign,,,,april_may
v2_001307,IDERNA7,2026-04-16 09:00:00+00:00,2026-04-16 09:00:00+00:00,1,1,fault,statistical_anomaly,barometer,statistical_anomaly=pressure_trend_hpa,april_may
v2_001308,IDERNA7,2026-04-16 18:00:00+00:00,2026-04-16 20:00:00+00:00,3,1,fault,statistical_anomaly,barometer,statistical_anomaly=pressure_trend_hpa,april_may
v2_001309,IDERNA7,2026-04-23 18:00:00+00:00,2026-04-23 18:00:00+00:00,1,0,benign,,,,april_may
v2_001310,IDERNA7,2026-04-24 04:00:00+00:00,2026-04-24 04:00:00+00:00,1,0,benign,,,,april_may
v2_001311,IDERNA7,2026-04-24 06:00:00+00:00,2026-04-24 06:00:00+00:00,1,0,benign,,,,april_may
v2_001312,IDERNA7,2026-04-24 10:00:00+00:00,2026-04-24 10:00:00+00:00,1,0,benign,,,,april_may
v2_001313,IDERNA7,2026-04-24 11:00:00+00:00,2026-04-24 11:00:00+00:00,1,0,benign,,,,april_may
v2_001314,IDERNA7,2026-04-25 06:00:00+00:00,2026-04-25 06:00:00+00:00,1,0,benign,,,,april_may
v2_001315,IDERNA7,2026-04-25 08:00:00+00:00,2026-04-25 08:00:00+00:00,1,1,fault,spike_impossible,barometer,spike_impossible=pressure_trend_hpa,april_may
v2_001316,IDERNA7,2026-04-25 09:00:00+00:00,2026-04-25 11:00:00+00:00,3,0,benign,,,,april_may
v2_001317,IDERNA7,2026-04-30 19:00:00+00:00,2026-04-30 19:00:00+00:00,1,0,benign,,,,april_may
v2_001318,IDERNA7,2026-05-01 00:00:00+00:00,2026-05-01 01:00:00+00:00,2,0,benign,,,,april_may
v2_001319,IDERNA7,2026-05-01 03:00:00+00:00,2026-05-01 03:00:00+00:00,1,0,benign,,,,april_may
v2_001320,IDERNA7,2026-05-01 04:00:00+00:00,2026-05-01 04:00:00+00:00,1,0,benign,,,,april_may
v2_001321,IDERNA7,2026-05-01 10:00:00+00:00,2026-05-01 11:00:00+00:00,2,0,benign,,,,april_may
v2_001322,IDERNA7,2026-05-01 21:00:00+00:00,2026-05-01 21:00:00+00:00,1,0,benign,,,,april_may
v2_001323,IDERNA7,2026-05-02 03:00:00+00:00,2026-05-02 03:00:00+00:00,1,0,benign,,,,april_may
v2_001324,IDERNA7,2026-05-02 06:00:00+00:00,2026-05-02 06:00:00+00:00,1,0,benign,,,,april_may
v2_001325,IDERNA7,2026-05-02 13:00:00+00:00,2026-05-02 13:00:00+00:00,1,0,benign,,,,april_may
v2_001326,IDERNA7,2026-05-03 08:00:00+00:00,2026-05-03 08:00:00+00:00,1,1,fault,statistical_anomaly,barometer,statistical_anomaly=pressure_trend_hpa,april_may
v2_001327,IDERNA7,2026-05-03 09:00:00+00:00,2026-05-03 11:00:00+00:00,3,0,benign,,,,april_may
v2_001328,IDERNA7,2026-05-03 19:00:00+00:00,2026-05-03 19:00:00+00:00,1,0,benign,,,,april_may
v2_001329,IDERNA7,2026-05-06 09:00:00+00:00,2026-05-06 11:00:00+00:00,3,0,benign,,,,april_may
v2_001330,IDERNA7,2026-05-06 16:00:00+00:00,2026-05-06 16:00:00+00:00,1,0,benign,,,,april_may
v2_001331,IDERNA7,2026-05-06 21:00:00+00:00,2026-05-06 21:00:00+00:00,1,0,benign,,,,april_may
v2_001332,IDERNA7,2026-05-07 03:00:00+00:00,2026-05-07 10:00:00+00:00,8,1,fault,statistical_anomaly,thermo_hygrometer,statistical_anomaly=humidity_avg_pct+humidity_high_pct+humidity_low_pct,april_may
v2_001333,IDERNA7,2026-05-07 12:00:00+00:00,2026-05-07 12:00:00+00:00,1,0,benign,,,,april_may
v2_001334,IDERNA7,2026-05-07 13:00:00+00:00,2026-05-07 13:00:00+00:00,1,0,benign,,,,april_may
v2_001335,IDERNA7,2026-05-07 17:00:00+00:00,2026-05-07 17:00:00+00:00,1,0,benign,,,,april_may
v2_001336,IDERNA7,2026-05-07 21:00:00+00:00,2026-05-07 21:00:00+00:00,1,0,benign,,,,april_may
v2_001337,IDERNA7,2026-05-07 23:00:00+00:00,2026-05-07 23:00:00+00:00,1,0,benign,,,,april_may
v2_001338,IDERNA7,2026-05-08 00:00:00+00:00,2026-05-08 01:00:00+00:00,2,0,benign,,,,april_may
v2_001339,IDERNA7,2026-05-08 19:00:00+00:00,2026-05-08 21:00:00+00:00,3,0,benign,,,,april_may
v2_001340,IDERNA7,2026-05-08 23:00:00+00:00,2026-05-09 00:00:00+00:00,2,0,benign,,,,april_may
v2_001341,IDERNA7,2026-05-09 07:00:00+00:00,2026-05-09 14:00:00+00:00,8,1,fault,statistical_anomaly,thermo_hygrometer,statistical_anomaly=humidity_avg_pct+humidity_high_pct+humidity_low_pct,april_may
v2_001342,IDERNA7,2026-05-09 21:00:00+00:00,2026-05-09 21:00:00+00:00,1,0,benign,,,,april_may
v2_001343,IDERNA7,2026-05-10 20:00:00+00:00,2026-05-10 20:00:00+00:00,1,0,benign,,,,april_may
v2_001344,IDERNA7,2026-05-10 22:00:00+00:00,2026-05-10 23:00:00+00:00,2,0,benign,,,,april_may
v2_001345,IDERNA7,2026-05-11 10:00:00+00:00,2026-05-11 11:00:00+00:00,2,0,benign,,,,april_may
v2_001346,IDERNA7,2026-05-12 09:00:00+00:00,2026-05-12 11:00:00+00:00,3,0,benign,,,,april_may
v2_001347,IDERNA7,2026-05-13 08:00:00+00:00,2026-05-13 12:00:00+00:00,5,1,fault,statistical_anomaly,thermo_hygrometer,statistical_anomaly=humidity_avg_pct+humidity_high_pct+humidity_low_pct,april_may
v2_001348,IDERNA7,2026-05-13 20:00:00+00:00,2026-05-13 20:00:00+00:00,1,0,benign,,,,april_may
v2_001349,IDERNA7,2026-05-14 12:00:00+00:00,2026-05-14 12:00:00+00:00,1,0,benign,,,,april_may
v2_001350,IDERNA7,2026-05-15 10:00:00+00:00,2026-05-15 10:00:00+00:00,1,1,fault,statistical_anomaly,barometer,statistical_anomaly=pressure_trend_hpa,april_may
v2_001351,IDERNA7,2026-05-15 19:00:00+00:00,2026-05-15 19:00:00+00:00,1,0,benign,,,,april_may
v2_001352,IDERNA7,2026-05-15 21:00:00+00:00,2026-05-15 21:00:00+00:00,1,0,benign,,,,april_may
v2_001353,IDERNA7,2026-05-15 22:00:00+00:00,2026-05-15 22:00:00+00:00,1,1,fault,statistical_anomaly,barometer,statistical_anomaly=pressure_trend_hpa,april_may
v2_001354,IDERNA7,2026-05-15 23:00:00+00:00,2026-05-16 00:00:00+00:00,2,0,benign,,,,april_may
v2_001355,IDERNA7,2026-05-16 05:00:00+00:00,2026-05-16 05:00:00+00:00,1,0,benign,,,,april_may
v2_001356,IDERNA7,2026-05-16 06:00:00+00:00,2026-05-16 12:00:00+00:00,7,1,fault,statistical_anomaly,thermo_hygrometer,statistical_anomaly=humidity_avg_pct+humidity_high_pct+humidity_low_pct,april_may
v2_001357,IDERNA7,2026-05-16 19:00:00+00:00,2026-05-16 22:00:00+00:00,4,0,benign,,,,april_may
v2_001358,IDERNA7,2026-05-17 15:00:00+00:00,2026-05-17 15:00:00+00:00,1,1,fault,statistical_anomaly,barometer,statistical_anomaly=pressure_trend_hpa,april_may
v2_001359,IDERNA7,2026-05-17 17:00:00+00:00,2026-05-17 17:00:00+00:00,1,1,fault,statistical_anomaly,barometer,statistical_anomaly=pressure_trend_hpa,april_may
v2_001360,IDERNA7,2026-05-17 21:00:00+00:00,2026-05-17 21:00:00+00:00,1,1,fault,spike_impossible,barometer,spike_impossible=pressure_trend_hpa,april_may
v2_001361,IDERNA7,2026-05-18 03:00:00+00:00,2026-05-18 03:00:00+00:00,1,1,fault,statistical_anomaly,barometer,statistical_anomaly=pressure_trend_hpa,april_may
v2_001362,IDERNA7,2026-05-18 07:00:00+00:00,2026-05-18 07:00:00+00:00,1,0,benign,,,,april_may
v2_001363,IDERNA7,2026-05-18 09:00:00+00:00,2026-05-18 09:00:00+00:00,1,1,fault,statistical_anomaly,barometer,statistical_anomaly=pressure_trend_hpa,april_may
v2_001364,IDERNA7,2026-05-18 11:00:00+00:00,2026-05-18 11:00:00+00:00,1,1,fault,statistical_anomaly,barometer,statistical_anomaly=pressure_trend_hpa,april_may
v2_001365,IDERNA7,2026-05-18 15:00:00+00:00,2026-05-18 15:00:00+00:00,1,1,fault,spike_impossible,barometer,spike_impossible=pressure_trend_hpa,april_may
v2_001366,IDERNA7,2026-05-18 17:00:00+00:00,2026-05-18 17:00:00+00:00,1,1,fault,statistical_anomaly,barometer,statistical_anomaly=pressure_trend_hpa,april_may
v2_001367,IDERNA7,2026-05-19 00:00:00+00:00,2026-05-19 00:00:00+00:00,1,1,fault,statistical_anomaly,barometer,statistical_anomaly=pressure_trend_hpa,april_may
v2_001368,IDERNA7,2026-05-19 07:00:00+00:00,2026-05-19 07:00:00+00:00,1,1,fault,statistical_anomaly,barometer,statistical_anomaly=pressure_trend_hpa,april_may
v2_001369,IDERNA7,2026-05-19 10:00:00+00:00,2026-05-19 10:00:00+00:00,1,0,benign,,,,april_may
v2_001370,IDERNA7,2026-05-19 11:00:00+00:00,2026-05-19 11:00:00+00:00,1,1,fault,spike_impossible,barometer,spike_impossible=pressure_trend_hpa,april_may
v2_001371,IDERNA7,2026-05-20 09:00:00+00:00,2026-05-20 11:00:00+00:00,3,0,benign,,,,april_may
v2_001372,IDERNA7,2026-05-21 11:00:00+00:00,2026-05-21 11:00:00+00:00,1,0,benign,,,,april_may
v2_001373,IDERNA7,2026-05-22 09:00:00+00:00,2026-05-22 11:00:00+00:00,3,0,benign,,,,april_may
v2_001374,IDERNA7,2026-05-23 09:00:00+00:00,2026-05-23 11:00:00+00:00,3,0,benign,,,,april_may
v2_001375,IDERNA7,2026-05-24 09:00:00+00:00,2026-05-24 11:00:00+00:00,3,0,benign,,,,april_may
v2_001376,IDERNA7,2026-05-25 00:00:00+00:00,2026-05-25 00:00:00+00:00,1,1,fault,statistical_anomaly,barometer,statistical_anomaly=pressure_trend_hpa,april_may
v2_001377,IDERNA7,2026-05-25 09:00:00+00:00,2026-05-25 10:00:00+00:00,2,0,benign,,,,april_may
v2_001378,IDERNA7,2026-05-25 15:00:00+00:00,2026-05-25 15:00:00+00:00,1,1,fault,statistical_anomaly,barometer,statistical_anomaly=pressure_trend_hpa,april_may
v2_001379,IDERNA7,2026-05-28 10:00:00+00:00,2026-05-28 11:00:00+00:00,2,0,benign,,,,april_may
v2_001380,IDERNA7,2026-05-29 09:00:00+00:00,2026-05-29 11:00:00+00:00,3,0,benign,,,,april_may
v2_001381,IDERNA7,2026-05-30 10:00:00+00:00,2026-05-30 10:00:00+00:00,1,0,benign,,,,april_may
v2_001382,IDERNA7,2026-05-31 12:00:00+00:00,2026-05-31 12:00:00+00:00,1,0,benign,,,,april_may
v2_001383,IDERNA7,2026-05-31 16:00:00+00:00,2026-05-31 17:00:00+00:00,2,0,benign,,,,april_may
v2_001384,IDERNA7,2026-06-01 10:00:00+00:00,2026-06-01 11:00:00+00:00,2,0,benign,,,,june
v2_001385,IDERNA7,2026-06-01 20:00:00+00:00,2026-06-01 20:00:00+00:00,1,0,benign,,,,june
v2_001386,IDERNA7,2026-06-03 06:00:00+00:00,2026-06-03 07:00:00+00:00,2,0,benign,,,,june
v2_001387,IDERNA7,2026-06-03 09:00:00+00:00,2026-06-03 11:00:00+00:00,3,0,benign,,,,june
v2_001388,IDERNA7,2026-06-03 18:00:00+00:00,2026-06-03 18:00:00+00:00,1,0,benign,,,,june
v2_001389,IDERNA7,2026-06-04 05:00:00+00:00,2026-06-04 10:00:00+00:00,6,1,fault,statistical_anomaly,thermo_hygrometer,statistical_anomaly=humidity_high_pct,june
v2_001390,IDERNA7,2026-06-04 11:00:00+00:00,2026-06-04 11:00:00+00:00,1,0,benign,,,,june
v2_001391,IDERNA7,2026-06-04 13:00:00+00:00,2026-06-04 13:00:00+00:00,1,0,benign,,,,june
v2_001392,IDERNA7,2026-06-04 15:00:00+00:00,2026-06-04 15:00:00+00:00,1,0,benign,,,,june
v2_001393,IDERNA7,2026-06-04 17:00:00+00:00,2026-06-04 17:00:00+00:00,1,0,benign,,,,june
v2_001394,IDERNA7,2026-06-04 20:00:00+00:00,2026-06-04 21:00:00+00:00,2,0,benign,,,,june
v2_001395,IDERNA7,2026-06-05 22:00:00+00:00,2026-06-05 22:00:00+00:00,1,0,benign,,,,june
v2_001396,IDERNA7,2026-06-06 02:00:00+00:00,2026-06-06 02:00:00+00:00,1,0,benign,,,,june
v2_001397,IDERNA7,2026-06-06 05:00:00+00:00,2026-06-06 05:00:00+00:00,1,0,benign,,,,june
v2_001398,IDERNA7,2026-06-06 09:00:00+00:00,2026-06-06 11:00:00+00:00,3,0,benign,,,,june
v2_001399,IDERNA7,2026-06-06 12:00:00+00:00,2026-06-06 12:00:00+00:00,1,0,benign,,,,june
v2_001400,IDERNA7,2026-06-07 02:00:00+00:00,2026-06-07 02:00:00+00:00,1,0,benign,,,,june
v2_001401,IDERNA7,2026-06-07 05:00:00+00:00,2026-06-07 05:00:00+00:00,1,0,benign,,,,june
v2_001402,IDERNA7,2026-06-07 10:00:00+00:00,2026-06-07 11:00:00+00:00,2,0,benign,,,,june
v2_001403,IDERNA7,2026-06-08 00:00:00+00:00,2026-06-08 00:00:00+00:00,1,1,fault,statistical_anomaly,barometer,statistical_anomaly=pressure_trend_hpa,june
v2_001404,IDERNA7,2026-06-08 09:00:00+00:00,2026-06-08 11:00:00+00:00,3,0,benign,,,,june
v2_001405,IDERNA7,2026-06-09 02:00:00+00:00,2026-06-09 02:00:00+00:00,1,1,fault,statistical_anomaly,barometer,statistical_anomaly=pressure_trend_hpa,june
v2_001406,IDERNA7,2026-06-09 11:00:00+00:00,2026-06-09 11:00:00+00:00,1,0,benign,,,,june
v2_001407,IDERNA7,2026-06-10 10:00:00+00:00,2026-06-10 10:00:00+00:00,1,0,benign,,,,june
v2_001408,IDERNA7,2026-06-12 09:00:00+00:00,2026-06-12 10:00:00+00:00,2,0,benign,,,,june
v2_001409,IDERNA7,2026-06-12 23:00:00+00:00,2026-06-12 23:00:00+00:00,1,0,benign,,,,june
v2_001410,IDERNA7,2026-06-13 10:00:00+00:00,2026-06-13 11:00:00+00:00,2,0,benign,,,,june
v2_001411,IDERNA7,2026-06-14 09:00:00+00:00,2026-06-14 11:00:00+00:00,3,0,benign,,,,june
v2_001412,IDERNA7,2026-06-14 14:00:00+00:00,2026-06-14 14:00:00+00:00,1,0,benign,,,,june
v2_001413,IDERNA7,2026-06-15 04:00:00+00:00,2026-06-15 04:00:00+00:00,1,0,benign,,,,june
v2_001414,IDERNA7,2026-06-15 09:00:00+00:00,2026-06-15 11:00:00+00:00,3,0,benign,,,,june
v2_001415,IDERNA7,2026-06-15 15:00:00+00:00,2026-06-15 15:00:00+00:00,1,1,fault,statistical_anomaly,barometer,statistical_anomaly=pressure_trend_hpa,june
v2_001416,IDERNA7,2026-06-16 00:00:00+00:00,2026-06-16 00:00:00+00:00,1,0,benign,,,,june
v2_001417,IDERNA7,2026-06-16 10:00:00+00:00,2026-06-16 11:00:00+00:00,2,0,benign,,,,june
v2_001418,IDERNA7,2026-06-16 16:00:00+00:00,2026-06-16 16:00:00+00:00,1,0,benign,,,,june
v2_001419,IDERNA7,2026-06-17 00:00:00+00:00,2026-06-17 00:00:00+00:00,1,0,benign,,,,june
v2_001420,IDERNA7,2026-06-17 02:00:00+00:00,2026-06-17 03:00:00+00:00,2,0,benign,,,,june
v2_001421,IDERNA7,2026-06-17 09:00:00+00:00,2026-06-17 11:00:00+00:00,3,0,benign,,,,june
v2_001422,IDERNA7,2026-06-18 06:00:00+00:00,2026-06-18 06:00:00+00:00,1,0,benign,,,,june
v2_001423,IDERNA7,2026-06-18 10:00:00+00:00,2026-06-18 10:00:00+00:00,1,0,benign,,,,june
v2_001424,IDERNA7,2026-06-18 13:00:00+00:00,2026-06-18 13:00:00+00:00,1,1,fault,statistical_anomaly,anemometer|thermo_hygrometer,statistical_anomaly=humidity_high_pct+windgust_high_kmh,june
v2_001425,IDERNA7,2026-06-18 15:00:00+00:00,2026-06-18 15:00:00+00:00,1,0,benign,,,,june
v2_001426,IDERNA7,2026-06-19 01:00:00+00:00,2026-06-19 01:00:00+00:00,1,1,fault,statistical_anomaly,anemometer,statistical_anomaly=windgust_high_kmh+windspeed_high_kmh,june
v2_001427,IDERNA7,2026-06-19 15:00:00+00:00,2026-06-19 15:00:00+00:00,1,0,benign,,,,june
v2_001428,IDERNA7,2026-06-20 10:00:00+00:00,2026-06-20 11:00:00+00:00,2,0,benign,,,,june
v2_001429,IDERNA7,2026-06-21 00:00:00+00:00,2026-06-21 00:00:00+00:00,1,0,benign,,,,june
v2_001430,IDERNA7,2026-06-21 10:00:00+00:00,2026-06-21 11:00:00+00:00,2,0,benign,,,,june
v2_001431,IDERNA7,2026-06-22 10:00:00+00:00,2026-06-22 10:00:00+00:00,1,0,benign,,,,june
v2_001432,IDERNA7,2026-06-23 10:00:00+00:00,2026-06-23 11:00:00+00:00,2,0,benign,,,,june
v2_001433,IDERNA7,2026-06-24 12:00:00+00:00,2026-06-24 12:00:00+00:00,1,0,benign,,,,june
v2_001434,IDERNA7,2026-06-24 17:00:00+00:00,2026-06-24 17:00:00+00:00,1,0,benign,,,,june
v2_001435,IDERNA7,2026-06-25 18:00:00+00:00,2026-06-25 18:00:00+00:00,1,0,benign,,,,june
v2_001436,IDERNA7,2026-06-27 04:00:00+00:00,2026-06-27 04:00:00+00:00,1,0,benign,,,,june
v2_001437,IDERNA7,2026-06-27 15:00:00+00:00,2026-06-27 15:00:00+00:00,1,1,fault,spike_impossible,barometer,spike_impossible=pressure_trend_hpa,june
v2_001438,IDERNA7,2026-06-28 21:00:00+00:00,2026-06-28 21:00:00+00:00,1,0,benign,,,,june
v2_001439,IDERNA7,2026-06-29 09:00:00+00:00,2026-06-29 09:00:00+00:00,1,0,benign,,,,june
v2_001440,IDERNA7,2026-06-29 20:00:00+00:00,2026-06-29 20:00:00+00:00,1,0,benign,,,,june
v2_001441,IJABAL13,2025-10-04 23:00:00+00:00,2025-10-04 23:00:00+00:00,1,0,benign,,,,pre_april
v2_001442,IJABAL13,2025-10-05 03:00:00+00:00,2025-10-05 03:00:00+00:00,1,0,benign,,,,pre_april
v2_001443,IJABAL13,2025-10-05 06:00:00+00:00,2025-10-05 06:00:00+00:00,1,0,benign,,,,pre_april
v2_001444,IJABAL13,2025-10-05 09:00:00+00:00,2025-10-05 09:00:00+00:00,1,0,benign,,,,pre_april
v2_001445,IJABAL13,2025-10-05 13:00:00+00:00,2025-10-05 13:00:00+00:00,1,0,benign,,,,pre_april
v2_001446,IJABAL13,2025-10-05 17:00:00+00:00,2025-10-05 17:00:00+00:00,1,0,benign,,,,pre_april
v2_001447,IJABAL13,2025-10-06 02:00:00+00:00,2025-10-06 02:00:00+00:00,1,0,benign,,,,pre_april
v2_001448,IJABAL13,2025-10-06 05:00:00+00:00,2025-10-06 05:00:00+00:00,1,0,benign,,,,pre_april
v2_001449,IJABAL13,2025-10-06 07:00:00+00:00,2025-10-06 07:00:00+00:00,1,0,benign,,,,pre_april
v2_001450,IJABAL13,2025-10-06 10:00:00+00:00,2025-10-06 10:00:00+00:00,1,0,benign,,,,pre_april
v2_001451,IJABAL13,2025-10-06 15:00:00+00:00,2025-10-06 15:00:00+00:00,1,0,benign,,,,pre_april
v2_001452,IJABAL13,2025-10-06 20:00:00+00:00,2025-10-06 20:00:00+00:00,1,0,benign,,,,pre_april
v2_001453,IJABAL13,2025-10-07 04:00:00+00:00,2025-10-07 05:00:00+00:00,2,0,benign,,,,pre_april
v2_001454,IJABAL13,2025-10-07 08:00:00+00:00,2025-10-07 08:00:00+00:00,1,0,benign,,,,pre_april
v2_001455,IJABAL13,2025-10-07 10:00:00+00:00,2025-10-07 10:00:00+00:00,1,0,benign,,,,pre_april
v2_001456,IJABAL13,2025-10-07 13:00:00+00:00,2025-10-07 18:00:00+00:00,6,0,benign,,,,pre_april
v2_001457,IJABAL13,2025-10-07 22:00:00+00:00,2025-10-07 22:00:00+00:00,1,0,benign,,,,pre_april
v2_001458,IJABAL13,2025-10-10 13:00:00+00:00,2025-10-10 13:00:00+00:00,1,0,benign,,,,pre_april
v2_001459,IJABAL13,2025-10-15 17:00:00+00:00,2025-10-15 18:00:00+00:00,2,0,benign,,,,pre_april
v2_001460,IJABAL13,2025-10-16 01:00:00+00:00,2025-10-16 18:00:00+00:00,18,0,benign,,,,pre_april
v2_001461,IJABAL13,2025-10-16 16:00:00+00:00,2025-10-16 18:00:00+00:00,3,0,benign,,,,pre_april
v2_001462,IJABAL13,2025-10-20 00:00:00+00:00,2025-10-20 00:00:00+00:00,1,0,benign,,,,pre_april
v2_001463,IJABAL13,2025-10-20 07:00:00+00:00,2025-10-20 08:00:00+00:00,2,0,benign,,,,pre_april
v2_001464,IJABAL13,2025-10-20 11:00:00+00:00,2025-10-20 11:00:00+00:00,1,0,benign,,,,pre_april
v2_001465,IJABAL13,2025-10-20 13:00:00+00:00,2025-10-20 18:00:00+00:00,6,0,benign,,,,pre_april
v2_001466,IJABAL13,2025-10-21 15:00:00+00:00,2025-10-21 16:00:00+00:00,2,0,benign,,,,pre_april
v2_001467,IJABAL13,2025-10-21 18:00:00+00:00,2025-10-21 18:00:00+00:00,1,0,benign,,,,pre_april
v2_001468,IJABAL13,2025-10-22 03:00:00+00:00,2025-10-22 06:00:00+00:00,4,0,benign,,,,pre_april
v2_001469,IJABAL13,2025-10-22 13:00:00+00:00,2025-10-22 13:00:00+00:00,1,0,benign,,,,pre_april
v2_001470,IJABAL13,2025-10-22 18:00:00+00:00,2025-10-22 18:00:00+00:00,1,0,benign,,,,pre_april
v2_001471,IJABAL13,2025-10-23 09:00:00+00:00,2025-10-23 09:00:00+00:00,1,0,benign,,,,pre_april
v2_001472,IJABAL13,2025-10-23 12:00:00+00:00,2025-10-23 13:00:00+00:00,2,0,benign,,,,pre_april
v2_001473,IJABAL13,2025-10-23 17:00:00+00:00,2025-10-23 18:00:00+00:00,2,0,benign,,,,pre_april
v2_001474,IJABAL13,2025-10-24 17:00:00+00:00,2025-10-24 18:00:00+00:00,2,0,benign,,,,pre_april
v2_001475,IJABAL13,2025-10-24 20:00:00+00:00,2025-10-24 22:00:00+00:00,3,0,benign,,,,pre_april
v2_001476,IJABAL13,2025-10-27 11:00:00+00:00,2025-10-27 12:00:00+00:00,2,0,benign,,,,pre_april
v2_001477,IJABAL13,2025-10-28 13:00:00+00:00,2025-10-28 13:00:00+00:00,1,0,benign,,,,pre_april
v2_001478,IJABAL13,2025-10-30 03:00:00+00:00,2025-10-30 04:00:00+00:00,2,0,benign,,,,pre_april
v2_001479,IJABAL13,2025-10-30 18:00:00+00:00,2025-10-30 18:00:00+00:00,1,0,benign,,,,pre_april
v2_001480,IJABAL13,2025-10-30 20:00:00+00:00,2025-10-30 20:00:00+00:00,1,0,benign,,,,pre_april
v2_001481,IJABAL13,2025-10-31 16:00:00+00:00,2025-10-31 16:00:00+00:00,1,0,benign,,,,pre_april
v2_001482,IJABAL13,2025-11-01 04:00:00+00:00,2025-11-01 06:00:00+00:00,3,0,benign,,,,pre_april
v2_001483,IJABAL13,2025-11-01 12:00:00+00:00,2025-11-01 17:00:00+00:00,6,0,benign,,,,pre_april
v2_001484,IJABAL13,2025-11-02 01:00:00+00:00,2025-11-02 01:00:00+00:00,1,0,benign,,,,pre_april
v2_001485,IJABAL13,2025-11-02 04:00:00+00:00,2025-11-02 06:00:00+00:00,3,0,benign,,,,pre_april
v2_001486,IJABAL13,2025-11-02 09:00:00+00:00,2025-11-02 09:00:00+00:00,1,0,benign,,,,pre_april
v2_001487,IJABAL13,2025-11-02 11:00:00+00:00,2025-11-02 17:00:00+00:00,7,0,benign,,,,pre_april
v2_001488,IJABAL13,2025-11-02 23:00:00+00:00,2025-11-03 03:00:00+00:00,5,0,benign,,,,pre_april
v2_001489,IJABAL13,2025-11-03 05:00:00+00:00,2025-11-03 05:00:00+00:00,1,0,benign,,,,pre_april
v2_001490,IJABAL13,2025-11-03 09:00:00+00:00,2025-11-03 15:00:00+00:00,7,0,benign,,,,pre_april
v2_001491,IJABAL13,2025-11-04 13:00:00+00:00,2025-11-04 16:00:00+00:00,4,0,benign,,,,pre_april
v2_001492,IJABAL13,2025-11-05 10:00:00+00:00,2025-11-05 11:00:00+00:00,2,0,benign,,,,pre_april
v2_001493,IJABAL13,2025-11-05 13:00:00+00:00,2025-11-05 15:00:00+00:00,3,0,benign,,,,pre_april
v2_001494,IJABAL13,2025-11-06 17:00:00+00:00,2025-11-06 17:00:00+00:00,1,0,benign,,,,pre_april
v2_001495,IJABAL13,2025-11-07 02:00:00+00:00,2025-11-07 05:00:00+00:00,4,0,benign,,,,pre_april
v2_001496,IJABAL13,2025-11-07 12:00:00+00:00,2025-11-07 19:00:00+00:00,8,0,benign,,,,pre_april
v2_001497,IJABAL13,2025-11-08 02:00:00+00:00,2025-11-08 06:00:00+00:00,5,0,benign,,,,pre_april
v2_001498,IJABAL13,2025-11-08 14:00:00+00:00,2025-11-08 15:00:00+00:00,2,0,benign,,,,pre_april
v2_001499,IJABAL13,2025-11-09 03:00:00+00:00,2025-11-09 06:00:00+00:00,4,0,benign,,,,pre_april
v2_001500,IJABAL13,2025-11-09 13:00:00+00:00,2025-11-09 15:00:00+00:00,3,0,benign,,,,pre_april
v2_001501,IJABAL13,2025-11-09 16:00:00+00:00,2025-11-09 18:00:00+00:00,3,0,benign,,,,pre_april
v2_001502,IJABAL13,2025-11-10 13:00:00+00:00,2025-11-10 18:00:00+00:00,6,0,benign,,,,pre_april
v2_001503,IJABAL13,2025-11-13 13:00:00+00:00,2025-11-13 15:00:00+00:00,3,0,benign,,,,pre_april
v2_001504,IJABAL13,2025-11-17 15:00:00+00:00,2025-11-17 15:00:00+00:00,1,0,benign,,,,pre_april
v2_001505,IJABAL13,2025-11-18 01:00:00+00:00,2025-11-18 09:00:00+00:00,9,0,benign,,,,pre_april
v2_001506,IJABAL13,2025-11-18 11:00:00+00:00,2025-11-19 22:00:00+00:00,36,0,benign,,,,pre_april
v2_001507,IJABAL13,2025-11-19 10:00:00+00:00,2025-11-19 11:00:00+00:00,2,0,benign,,,,pre_april
v2_001508,IJABAL13,2025-11-20 23:00:00+00:00,2025-11-21 07:00:00+00:00,9,0,benign,,,,pre_april
v2_001509,IJABAL13,2025-11-21 06:00:00+00:00,2025-11-21 09:00:00+00:00,4,0,benign,,,,pre_april
v2_001510,IJABAL13,2025-11-22 17:00:00+00:00,2025-11-22 22:00:00+00:00,6,0,benign,,,,pre_april
v2_001511,IJABAL13,2025-11-23 23:00:00+00:00,2025-11-23 23:00:00+00:00,1,0,benign,,,,pre_april
v2_001512,IJABAL13,2025-11-25 23:00:00+00:00,2025-11-26 13:00:00+00:00,15,0,benign,,,,pre_april
v2_001513,IJABAL13,2025-11-26 15:00:00+00:00,2025-11-27 21:00:00+00:00,31,1,fault,calibration_offset,barometer,calibration_offset=pressure_max_hpa,pre_april
v2_001514,IJABAL13,2025-11-27 23:00:00+00:00,2025-11-28 08:00:00+00:00,10,1,fault,calibration_offset,barometer,calibration_offset=pressure_max_hpa,pre_april
v2_001515,IJABAL13,2025-11-28 11:00:00+00:00,2025-11-28 16:00:00+00:00,6,1,fault,calibration_offset,barometer,calibration_offset=pressure_max_hpa,pre_april
v2_001516,IJABAL13,2025-12-01 15:00:00+00:00,2025-12-01 15:00:00+00:00,1,0,benign,,,,pre_april
v2_001517,IJABAL13,2025-12-01 17:00:00+00:00,2025-12-01 19:00:00+00:00,3,0,benign,,,,pre_april
v2_001518,IJABAL13,2025-12-01 20:00:00+00:00,2025-12-02 09:00:00+00:00,14,0,benign,,,,pre_april
v2_001519,IJABAL13,2025-12-02 11:00:00+00:00,2025-12-03 22:00:00+00:00,36,0,benign,,,,pre_april
v2_001520,IJABAL13,2025-12-02 21:00:00+00:00,2025-12-02 21:00:00+00:00,1,0,benign,,,,pre_april
v2_001521,IJABAL13,2025-12-03 02:00:00+00:00,2025-12-03 05:00:00+00:00,4,0,benign,,,,pre_april
v2_001522,IJABAL13,2025-12-03 09:00:00+00:00,2025-12-03 22:00:00+00:00,14,0,benign,,,,pre_april
v2_001523,IJABAL13,2025-12-04 23:00:00+00:00,2025-12-06 06:00:00+00:00,32,1,fault,calibration_offset,barometer,calibration_offset=pressure_max_hpa,pre_april
v2_001524,IJABAL13,2025-12-06 13:00:00+00:00,2025-12-06 19:00:00+00:00,7,0,benign,,,,pre_april
v2_001525,IJABAL13,2025-12-06 21:00:00+00:00,2025-12-06 21:00:00+00:00,1,0,benign,,,,pre_april
v2_001526,IJABAL13,2025-12-06 23:00:00+00:00,2025-12-06 23:00:00+00:00,1,0,benign,,,,pre_april
v2_001527,IJABAL13,2025-12-08 15:00:00+00:00,2025-12-09 09:00:00+00:00,19,0,benign,,,,pre_april
v2_001528,IJABAL13,2025-12-09 02:00:00+00:00,2025-12-09 13:00:00+00:00,12,0,benign,,,,pre_april
v2_001529,IJABAL13,2025-12-09 10:00:00+00:00,2025-12-09 13:00:00+00:00,4,0,benign,,,,pre_april
v2_001530,IJABAL13,2025-12-09 14:00:00+00:00,2025-12-09 15:00:00+00:00,2,0,benign,,,,pre_april
v2_001531,IJABAL13,2025-12-11 14:00:00+00:00,2025-12-11 14:00:00+00:00,1,0,benign,,,,pre_april
v2_001532,IJABAL13,2025-12-19 12:00:00+00:00,2025-12-19 12:00:00+00:00,1,0,benign,,,,pre_april
v2_001533,IJABAL13,2025-12-19 13:00:00+00:00,2025-12-19 19:00:00+00:00,7,0,benign,,,,pre_april
v2_001534,IJABAL13,2025-12-20 00:00:00+00:00,2025-12-25 00:00:00+00:00,121,0,benign,,,,pre_april
v2_001535,IJABAL13,2025-12-21 05:00:00+00:00,2025-12-21 05:00:00+00:00,1,0,benign,,,,pre_april
v2_001536,IJABAL13,2025-12-23 17:00:00+00:00,2025-12-23 17:00:00+00:00,1,0,benign,,,,pre_april
v2_001537,IJABAL13,2025-12-25 14:00:00+00:00,2025-12-25 17:00:00+00:00,4,0,benign,,,,pre_april
v2_001538,IJABAL13,2025-12-26 01:00:00+00:00,2025-12-27 08:00:00+00:00,32,0,benign,,,,pre_april
v2_001539,IJABAL13,2025-12-27 13:00:00+00:00,2025-12-27 13:00:00+00:00,1,0,benign,,,,pre_april
v2_001540,IJABAL13,2025-12-28 18:00:00+00:00,2025-12-28 18:00:00+00:00,1,0,benign,,,,pre_april
v2_001541,IJABAL13,2026-01-01 17:00:00+00:00,2026-01-01 19:00:00+00:00,3,0,benign,,,,pre_april
v2_001542,IJABAL13,2026-01-07 17:00:00+00:00,2026-01-07 20:00:00+00:00,4,0,benign,,,,pre_april
v2_001543,IJABAL13,2026-01-07 23:00:00+00:00,2026-01-07 23:00:00+00:00,1,0,benign,,,,pre_april
v2_001544,IJABAL13,2026-01-08 08:00:00+00:00,2026-01-08 08:00:00+00:00,1,0,benign,,,,pre_april
v2_001545,IJABAL13,2026-01-21 21:00:00+00:00,2026-01-21 21:00:00+00:00,1,1,fault,statistical_anomaly,anemometer,statistical_anomaly=windgust_avg_kmh+windgust_low_kmh+windspeed_avg_kmh,pre_april
v2_001546,IJABAL13,2026-01-21 23:00:00+00:00,2026-01-21 23:00:00+00:00,1,1,fault,statistical_anomaly,anemometer,statistical_anomaly=windgust_high_kmh,pre_april
v2_001547,IJABAL13,2026-01-22 03:00:00+00:00,2026-01-22 04:00:00+00:00,2,0,benign,,,,pre_april
v2_001548,IJABAL13,2026-01-23 03:00:00+00:00,2026-01-23 03:00:00+00:00,1,1,fault,statistical_anomaly,anemometer,statistical_anomaly=windspeed_avg_kmh,pre_april
v2_001549,IJABAL13,2026-01-23 05:00:00+00:00,2026-01-23 05:00:00+00:00,1,1,fault,statistical_anomaly,anemometer,statistical_anomaly=windspeed_avg_kmh,pre_april
v2_001550,IJABAL13,2026-01-26 00:00:00+00:00,2026-01-26 02:00:00+00:00,3,1,fault,statistical_anomaly,anemometer,statistical_anomaly=windgust_avg_kmh+windspeed_avg_kmh,pre_april
v2_001551,IJABAL13,2026-01-26 11:00:00+00:00,2026-01-26 13:00:00+00:00,3,1,fault,statistical_anomaly,anemometer,statistical_anomaly=windgust_avg_kmh,pre_april
v2_001552,IJABAL13,2026-01-26 20:00:00+00:00,2026-01-26 22:00:00+00:00,3,0,benign,,,,pre_april
v2_001553,IJABAL13,2026-01-26 23:00:00+00:00,2026-01-27 04:00:00+00:00,6,0,benign,,,,pre_april
v2_001554,IJABAL13,2026-01-28 22:00:00+00:00,2026-01-28 23:00:00+00:00,2,1,fault,statistical_anomaly,anemometer,statistical_anomaly=windgust_avg_kmh+windspeed_avg_kmh+windspeed_high_kmh,pre_april
v2_001555,IJABAL13,2026-01-31 11:00:00+00:00,2026-01-31 15:00:00+00:00,5,1,fault,statistical_anomaly,anemometer,statistical_anomaly=windgust_avg_kmh+windgust_high_kmh+windspeed_avg_kmh+windspeed_high_kmh,pre_april
v2_001556,IJABAL13,2026-01-31 20:00:00+00:00,2026-01-31 21:00:00+00:00,2,0,benign,,,,pre_april
v2_001557,IJABAL13,2026-01-31 23:00:00+00:00,2026-01-31 23:00:00+00:00,1,0,benign,,,,pre_april
v2_001558,IJABAL13,2026-02-01 02:00:00+00:00,2026-02-01 03:00:00+00:00,2,0,borderline_review,,,,pre_april
v2_001559,IJABAL13,2026-02-04 04:00:00+00:00,2026-02-04 04:00:00+00:00,1,0,benign,,,,pre_april
v2_001560,IJABAL13,2026-02-04 12:00:00+00:00,2026-02-04 13:00:00+00:00,2,1,fault,statistical_anomaly,anemometer,statistical_anomaly=windgust_avg_kmh+windspeed_avg_kmh,pre_april
v2_001561,IJABAL13,2026-02-08 00:00:00+00:00,2026-02-08 06:00:00+00:00,7,0,benign,,,,pre_april
v2_001562,IJABAL13,2026-02-08 08:00:00+00:00,2026-02-08 08:00:00+00:00,1,0,benign,,,,pre_april
v2_001563,IJABAL13,2026-02-12 06:00:00+00:00,2026-02-12 07:00:00+00:00,2,0,borderline_review,,,,pre_april
v2_001564,IJABAL13,2026-02-12 09:00:00+00:00,2026-02-12 09:00:00+00:00,1,0,benign,,,,pre_april
v2_001565,IJABAL13,2026-02-12 11:00:00+00:00,2026-02-12 12:00:00+00:00,2,1,fault,statistical_anomaly,anemometer,statistical_anomaly=windgust_avg_kmh+windgust_high_kmh,pre_april
v2_001566,IJABAL13,2026-02-12 14:00:00+00:00,2026-02-12 14:00:00+00:00,1,0,benign,,,,pre_april
v2_001567,IJABAL13,2026-03-09 14:00:00+00:00,2026-03-09 14:00:00+00:00,1,0,benign,,,,pre_april
v2_001568,IJABAL13,2026-03-16 09:00:00+00:00,2026-03-16 10:00:00+00:00,2,0,benign,,,,pre_april
v2_001569,IJABAL13,2026-03-17 13:00:00+00:00,2026-03-17 14:00:00+00:00,2,0,benign,,,,pre_april
v2_001570,IJABAL13,2026-03-18 10:00:00+00:00,2026-03-18 13:00:00+00:00,4,0,benign,,,,pre_april
v2_001571,IJABAL13,2026-03-23 12:00:00+00:00,2026-03-23 12:00:00+00:00,1,0,benign,,,,pre_april
v2_001572,IJABAL13,2026-03-25 10:00:00+00:00,2026-03-25 11:00:00+00:00,2,0,benign,,,,pre_april
v2_001573,IJABAL13,2026-03-25 12:00:00+00:00,2026-03-25 12:00:00+00:00,1,0,benign,,,,pre_april
v2_001574,IJABAL13,2026-03-26 11:00:00+00:00,2026-03-26 11:00:00+00:00,1,0,benign,,,,pre_april
v2_001575,IJABAL13,2026-03-29 15:00:00+00:00,2026-03-29 16:00:00+00:00,2,0,benign,,,,pre_april
v2_001576,IJABAL13,2026-04-02 07:00:00+00:00,2026-04-02 08:00:00+00:00,2,1,fault,statistical_anomaly,anemometer,statistical_anomaly=windgust_avg_kmh+windgust_high_kmh+windgust_low_kmh,april_may
v2_001577,IJABAL13,2026-04-02 11:00:00+00:00,2026-04-02 11:00:00+00:00,1,1,fault,statistical_anomaly,anemometer,statistical_anomaly=windgust_high_kmh,april_may
v2_001578,IJABAL13,2026-04-02 13:00:00+00:00,2026-04-02 13:00:00+00:00,1,1,fault,statistical_anomaly,anemometer,statistical_anomaly=windgust_high_kmh,april_may
v2_001579,IJABAL13,2026-04-05 08:00:00+00:00,2026-04-05 12:00:00+00:00,5,0,benign,,,,april_may
v2_001580,IJABAL13,2026-04-11 14:00:00+00:00,2026-04-11 16:00:00+00:00,3,0,benign,,,,april_may
v2_001581,IJABAL13,2026-04-12 03:00:00+00:00,2026-04-12 03:00:00+00:00,1,0,benign,,,,april_may
v2_001582,IJABAL13,2026-04-12 09:00:00+00:00,2026-04-12 11:00:00+00:00,3,0,benign,,,,april_may
v2_001583,IJABAL13,2026-04-15 07:00:00+00:00,2026-04-15 07:00:00+00:00,1,0,benign,,,,april_may
v2_001584,IJABAL13,2026-04-15 11:00:00+00:00,2026-04-15 11:00:00+00:00,1,0,benign,,,,april_may
v2_001585,IJABAL13,2026-04-15 13:00:00+00:00,2026-04-15 13:00:00+00:00,1,0,benign,,,,april_may
v2_001586,IJABAL13,2026-04-18 00:00:00+00:00,2026-04-18 00:00:00+00:00,1,1,fault,statistical_anomaly,barometer,statistical_anomaly=pressure_trend_hpa,april_may
v2_001587,IJABAL13,2026-04-18 03:00:00+00:00,2026-04-18 03:00:00+00:00,1,1,fault,statistical_anomaly,barometer,statistical_anomaly=pressure_trend_hpa,april_may
v2_001588,IJABAL13,2026-04-18 08:00:00+00:00,2026-04-18 08:00:00+00:00,1,1,fault,statistical_anomaly,barometer,statistical_anomaly=pressure_trend_hpa,april_may
v2_001589,IJABAL13,2026-04-18 11:00:00+00:00,2026-04-18 11:00:00+00:00,1,0,benign,,,,april_may
v2_001590,IJABAL13,2026-04-18 13:00:00+00:00,2026-04-18 13:00:00+00:00,1,0,benign,,,,april_may
v2_001591,IJABAL13,2026-04-18 16:00:00+00:00,2026-04-18 20:00:00+00:00,5,0,benign,,,,april_may
v2_001592,IJABAL13,2026-04-19 03:00:00+00:00,2026-04-19 03:00:00+00:00,1,0,benign,,,,april_may
v2_001593,IJABAL13,2026-04-19 06:00:00+00:00,2026-04-19 06:00:00+00:00,1,0,benign,,,,april_may
v2_001594,IJABAL13,2026-04-21 18:00:00+00:00,2026-04-21 18:00:00+00:00,1,0,benign,,,,april_may
v2_001595,IJABAL13,2026-04-22 09:00:00+00:00,2026-04-22 09:00:00+00:00,1,0,benign,,,,april_may
v2_001596,IJABAL13,2026-04-22 16:00:00+00:00,2026-04-22 16:00:00+00:00,1,0,benign,,,,april_may
v2_001597,IJABAL13,2026-04-23 14:00:00+00:00,2026-04-23 15:00:00+00:00,2,0,benign,,,,april_may
v2_001598,IJABAL13,2026-04-24 09:00:00+00:00,2026-04-24 09:00:00+00:00,1,0,benign,,,,april_may
v2_001599,IJABAL13,2026-04-24 10:00:00+00:00,2026-04-24 10:00:00+00:00,1,0,benign,,,,april_may
v2_001600,IJABAL13,2026-04-24 11:00:00+00:00,2026-04-24 11:00:00+00:00,1,0,borderline_review,,,,april_may
v2_001601,IJABAL13,2026-04-24 15:00:00+00:00,2026-04-24 15:00:00+00:00,1,0,benign,,,,april_may
v2_001602,IJABAL13,2026-04-28 09:00:00+00:00,2026-04-28 09:00:00+00:00,1,1,fault,spike_impossible,barometer,spike_impossible=pressure_trend_hpa,april_may
v2_001603,IJABAL13,2026-04-28 18:00:00+00:00,2026-04-28 18:00:00+00:00,1,0,benign,,,,april_may
v2_001604,IJABAL13,2026-04-29 12:00:00+00:00,2026-04-29 12:00:00+00:00,1,0,benign,,,,april_may
v2_001605,IJABAL13,2026-04-30 19:00:00+00:00,2026-04-30 19:00:00+00:00,1,0,benign,,,,april_may
v2_001606,IJABAL13,2026-05-01 12:00:00+00:00,2026-05-01 12:00:00+00:00,1,0,benign,,,,april_may
v2_001607,IJABAL13,2026-05-01 16:00:00+00:00,2026-05-01 17:00:00+00:00,2,0,benign,,,,april_may
v2_001608,IJABAL13,2026-05-01 18:00:00+00:00,2026-05-02 09:00:00+00:00,16,0,benign,,,,april_may
v2_001609,IJABAL13,2026-05-02 02:00:00+00:00,2026-05-02 04:00:00+00:00,3,0,benign,,,,april_may
v2_001610,IJABAL13,2026-05-02 10:00:00+00:00,2026-05-02 10:00:00+00:00,1,0,benign,,,,april_may
v2_001611,IJABAL13,2026-05-02 11:00:00+00:00,2026-05-02 11:00:00+00:00,1,0,borderline_review,,,,april_may
v2_001612,IJABAL13,2026-05-04 10:00:00+00:00,2026-05-04 11:00:00+00:00,2,1,fault,statistical_anomaly,light_uv,statistical_anomaly=uv_high,april_may
v2_001613,IJABAL13,2026-05-05 10:00:00+00:00,2026-05-05 11:00:00+00:00,2,1,fault,statistical_anomaly,light_uv,statistical_anomaly=uv_high,april_may
v2_001614,IJABAL13,2026-05-06 06:00:00+00:00,2026-05-06 06:00:00+00:00,1,1,fault,statistical_anomaly,barometer,statistical_anomaly=pressure_trend_hpa,april_may
v2_001615,IJABAL13,2026-05-06 10:00:00+00:00,2026-05-06 11:00:00+00:00,2,1,fault,statistical_anomaly,light_uv,statistical_anomaly=uv_high,april_may
v2_001616,IJABAL13,2026-05-07 10:00:00+00:00,2026-05-07 11:00:00+00:00,2,0,borderline_review,,,,april_may
v2_001617,IJABAL13,2026-05-07 19:00:00+00:00,2026-05-07 20:00:00+00:00,2,1,fault,statistical_anomaly,barometer,statistical_anomaly=pressure_trend_hpa,april_may
v2_001618,IJABAL13,2026-05-08 11:00:00+00:00,2026-05-08 12:00:00+00:00,2,1,fault,statistical_anomaly,light_uv,statistical_anomaly=uv_high,april_may
v2_001619,IJABAL13,2026-05-09 09:00:00+00:00,2026-05-09 11:00:00+00:00,3,0,borderline_review,,,,april_may
v2_001620,IJABAL13,2026-05-09 13:00:00+00:00,2026-05-09 15:00:00+00:00,3,0,benign,,,,april_may
v2_001621,IJABAL13,2026-05-11 09:00:00+00:00,2026-05-11 11:00:00+00:00,3,1,fault,statistical_anomaly,light_uv,statistical_anomaly=uv_high,april_may
v2_001622,IJABAL13,2026-05-11 16:00:00+00:00,2026-05-11 17:00:00+00:00,2,0,benign,,,,april_may
v2_001623,IJABAL13,2026-05-11 18:00:00+00:00,2026-05-11 18:00:00+00:00,1,0,benign,,,,april_may
v2_001624,IJABAL13,2026-05-12 09:00:00+00:00,2026-05-12 09:00:00+00:00,1,0,benign,,,,april_may
v2_001625,IJABAL13,2026-05-12 11:00:00+00:00,2026-05-12 12:00:00+00:00,2,0,benign,,,,april_may
v2_001626,IJABAL13,2026-05-13 09:00:00+00:00,2026-05-13 09:00:00+00:00,1,0,benign,,,,april_may
v2_001627,IJABAL13,2026-05-13 10:00:00+00:00,2026-05-13 11:00:00+00:00,2,0,benign,,,,april_may
v2_001628,IJABAL13,2026-05-13 16:00:00+00:00,2026-05-13 16:00:00+00:00,1,0,benign,,,,april_may
v2_001629,IJABAL13,2026-05-14 10:00:00+00:00,2026-05-14 12:00:00+00:00,3,1,fault,statistical_anomaly,light_uv,statistical_anomaly=uv_high,april_may
v2_001630,IJABAL13,2026-05-14 19:00:00+00:00,2026-05-14 19:00:00+00:00,1,1,fault,statistical_anomaly,barometer,statistical_anomaly=pressure_trend_hpa,april_may
v2_001631,IJABAL13,2026-05-14 23:00:00+00:00,2026-05-14 23:00:00+00:00,1,1,fault,statistical_anomaly,barometer,statistical_anomaly=pressure_trend_hpa,april_may
v2_001632,IJABAL13,2026-05-15 02:00:00+00:00,2026-05-15 02:00:00+00:00,1,1,fault,spike_impossible,barometer,spike_impossible=pressure_trend_hpa,april_may
v2_001633,IJABAL13,2026-05-15 07:00:00+00:00,2026-05-15 07:00:00+00:00,1,0,benign,,,,april_may
v2_001634,IJABAL13,2026-05-15 09:00:00+00:00,2026-05-15 12:00:00+00:00,4,0,benign,,,,april_may
v2_001635,IJABAL13,2026-05-16 09:00:00+00:00,2026-05-16 09:00:00+00:00,1,0,benign,,,,april_may
v2_001636,IJABAL13,2026-05-16 12:00:00+00:00,2026-05-16 12:00:00+00:00,1,0,benign,,,,april_may
v2_001637,IJABAL13,2026-05-16 22:00:00+00:00,2026-05-16 22:00:00+00:00,1,0,benign,,,,april_may
v2_001638,IJABAL13,2026-05-17 01:00:00+00:00,2026-05-17 02:00:00+00:00,2,1,fault,spike_impossible|statistical_anomaly,barometer,spike_impossible=pressure_trend_hpa|statistical_anomaly=pressure_trend_hpa,april_may
v2_001639,IJABAL13,2026-05-17 05:00:00+00:00,2026-05-17 07:00:00+00:00,3,1,fault,spike_impossible|statistical_anomaly,barometer,spike_impossible=pressure_trend_hpa|statistical_anomaly=pressure_trend_hpa,april_may
v2_001640,IJABAL13,2026-05-17 09:00:00+00:00,2026-05-17 09:00:00+00:00,1,0,benign,,,,april_may
v2_001641,IJABAL13,2026-05-17 10:00:00+00:00,2026-05-17 12:00:00+00:00,3,1,fault,statistical_anomaly,barometer,statistical_anomaly=pressure_trend_hpa,april_may
v2_001642,IJABAL13,2026-05-18 03:00:00+00:00,2026-05-18 07:00:00+00:00,5,0,benign,,,,april_may
v2_001643,IJABAL13,2026-05-18 10:00:00+00:00,2026-05-18 10:00:00+00:00,1,0,benign,,,,april_may
v2_001644,IJABAL13,2026-05-18 12:00:00+00:00,2026-05-18 12:00:00+00:00,1,0,benign,,,,april_may
v2_001645,IJABAL13,2026-05-19 12:00:00+00:00,2026-05-19 12:00:00+00:00,1,0,benign,,,,april_may
v2_001646,IJABAL13,2026-05-20 10:00:00+00:00,2026-05-20 10:00:00+00:00,1,0,borderline_review,,,,april_may
v2_001647,IJABAL13,2026-05-21 10:00:00+00:00,2026-05-21 12:00:00+00:00,3,0,benign,,,,april_may
v2_001648,IJABAL13,2026-05-21 15:00:00+00:00,2026-05-21 17:00:00+00:00,3,0,benign,,,,april_may
v2_001649,IJABAL13,2026-05-21 19:00:00+00:00,2026-05-21 19:00:00+00:00,1,1,fault,statistical_anomaly,barometer,statistical_anomaly=pressure_trend_hpa,april_may
v2_001650,IJABAL13,2026-05-21 22:00:00+00:00,2026-05-21 22:00:00+00:00,1,0,benign,,,,april_may
v2_001651,IJABAL13,2026-05-22 09:00:00+00:00,2026-05-22 09:00:00+00:00,1,0,benign,,,,april_may
v2_001652,IJABAL13,2026-05-22 11:00:00+00:00,2026-05-22 11:00:00+00:00,1,0,benign,,,,april_may
v2_001653,IJABAL13,2026-05-22 14:00:00+00:00,2026-05-22 14:00:00+00:00,1,0,benign,,,,april_may
v2_001654,IJABAL13,2026-05-23 09:00:00+00:00,2026-05-23 09:00:00+00:00,1,0,benign,,,,april_may
v2_001655,IJABAL13,2026-05-24 09:00:00+00:00,2026-05-24 09:00:00+00:00,1,0,benign,,,,april_may
v2_001656,IJABAL13,2026-05-25 09:00:00+00:00,2026-05-25 09:00:00+00:00,1,0,benign,,,,april_may
v2_001657,IJABAL13,2026-05-26 09:00:00+00:00,2026-05-26 09:00:00+00:00,1,0,benign,,,,april_may
v2_001658,IJABAL13,2026-05-27 01:00:00+00:00,2026-05-27 01:00:00+00:00,1,1,fault,spike_impossible,barometer,spike_impossible=pressure_trend_hpa,april_may
v2_001659,IJABAL13,2026-05-27 04:00:00+00:00,2026-05-27 04:00:00+00:00,1,0,benign,,,,april_may
v2_001660,IJABAL13,2026-05-27 06:00:00+00:00,2026-05-27 06:00:00+00:00,1,1,fault,statistical_anomaly,barometer,statistical_anomaly=pressure_trend_hpa,april_may
v2_001661,IJABAL13,2026-05-27 09:00:00+00:00,2026-05-27 09:00:00+00:00,1,0,benign,,,,april_may
v2_001662,IJABAL13,2026-05-27 12:00:00+00:00,2026-05-27 12:00:00+00:00,1,0,benign,,,,april_may
v2_001663,IJABAL13,2026-05-27 20:00:00+00:00,2026-05-27 20:00:00+00:00,1,1,fault,statistical_anomaly,barometer,statistical_anomaly=pressure_trend_hpa,april_may
v2_001664,IJABAL13,2026-05-28 09:00:00+00:00,2026-05-28 10:00:00+00:00,2,1,fault,spike_impossible,barometer,spike_impossible=pressure_trend_hpa,april_may
v2_001665,IJABAL13,2026-05-28 13:00:00+00:00,2026-05-28 13:00:00+00:00,1,0,benign,,,,april_may
v2_001666,IJABAL13,2026-05-29 09:00:00+00:00,2026-05-29 10:00:00+00:00,2,0,borderline_review,,,,april_may
v2_001667,IJABAL13,2026-05-31 10:00:00+00:00,2026-05-31 10:00:00+00:00,1,0,benign,,,,april_may
v2_001668,IJABAL13,2026-05-31 12:00:00+00:00,2026-05-31 12:00:00+00:00,1,0,benign,,,,april_may
v2_001669,IJABAL13,2026-06-02 09:00:00+00:00,2026-06-02 09:00:00+00:00,1,0,benign,,,,june
v2_001670,IJABAL13,2026-06-03 11:00:00+00:00,2026-06-03 11:00:00+00:00,1,1,fault,statistical_anomaly,light_uv,statistical_anomaly=uv_high,june
v2_001671,IJABAL13,2026-06-03 18:00:00+00:00,2026-06-03 18:00:00+00:00,1,0,benign,,,,june
v2_001672,IJABAL13,2026-06-04 11:00:00+00:00,2026-06-04 11:00:00+00:00,1,1,fault,statistical_anomaly,light_uv,statistical_anomaly=uv_high,june
v2_001673,IJABAL13,2026-06-04 12:00:00+00:00,2026-06-04 13:00:00+00:00,2,0,benign,,,,june
v2_001674,IJABAL13,2026-06-05 10:00:00+00:00,2026-06-05 11:00:00+00:00,2,1,fault,statistical_anomaly,light_uv,statistical_anomaly=uv_high,june
v2_001675,IJABAL13,2026-06-06 08:00:00+00:00,2026-06-06 08:00:00+00:00,1,0,benign,,,,june
v2_001676,IJABAL13,2026-06-06 11:00:00+00:00,2026-06-06 11:00:00+00:00,1,1,fault,statistical_anomaly,light_uv,statistical_anomaly=uv_high,june
v2_001677,IJABAL13,2026-06-06 22:00:00+00:00,2026-06-06 22:00:00+00:00,1,0,benign,,,,june
v2_001678,IJABAL13,2026-06-07 09:00:00+00:00,2026-06-07 09:00:00+00:00,1,0,benign,,,,june
v2_001679,IJABAL13,2026-06-07 12:00:00+00:00,2026-06-07 12:00:00+00:00,1,0,benign,,,,june
v2_001680,IJABAL13,2026-06-07 13:00:00+00:00,2026-06-07 15:00:00+00:00,3,0,benign,,,,june
v2_001681,IJABAL13,2026-06-08 04:00:00+00:00,2026-06-08 04:00:00+00:00,1,1,fault,statistical_anomaly,barometer,statistical_anomaly=pressure_trend_hpa,june
v2_001682,IJABAL13,2026-06-08 09:00:00+00:00,2026-06-08 09:00:00+00:00,1,0,benign,,,,june
v2_001683,IJABAL13,2026-06-08 12:00:00+00:00,2026-06-08 12:00:00+00:00,1,0,benign,,,,june
v2_001684,IJABAL13,2026-06-09 10:00:00+00:00,2026-06-09 12:00:00+00:00,3,0,benign,,,,june
v2_001685,IJABAL13,2026-06-11 11:00:00+00:00,2026-06-11 11:00:00+00:00,1,0,benign,,,,june
v2_001686,IJABAL13,2026-06-12 12:00:00+00:00,2026-06-12 12:00:00+00:00,1,0,benign,,,,june
v2_001687,IJABAL13,2026-06-15 10:00:00+00:00,2026-06-15 12:00:00+00:00,3,0,benign,,,,june
v2_001688,IJABAL13,2026-06-16 11:00:00+00:00,2026-06-16 11:00:00+00:00,1,0,benign,,,,june
v2_001689,IJABAL13,2026-06-16 13:00:00+00:00,2026-06-16 15:00:00+00:00,3,0,benign,,,,june
v2_001690,IJABAL13,2026-06-17 10:00:00+00:00,2026-06-17 10:00:00+00:00,1,0,benign,,,,june
v2_001691,IJABAL13,2026-06-18 11:00:00+00:00,2026-06-18 12:00:00+00:00,2,0,benign,,,,june
v2_001692,IJABAL13,2026-06-19 02:00:00+00:00,2026-06-19 02:00:00+00:00,1,0,benign,,,,june
v2_001693,IJABAL13,2026-06-19 10:00:00+00:00,2026-06-19 12:00:00+00:00,3,0,benign,,,,june
v2_001694,IJABAL13,2026-06-20 11:00:00+00:00,2026-06-20 11:00:00+00:00,1,0,benign,,,,june
v2_001695,IJABAL13,2026-06-20 15:00:00+00:00,2026-06-20 15:00:00+00:00,1,0,benign,,,,june
v2_001696,IJABAL13,2026-06-20 20:00:00+00:00,2026-06-20 20:00:00+00:00,1,0,benign,,,,june
v2_001697,IJABAL13,2026-06-21 11:00:00+00:00,2026-06-21 11:00:00+00:00,1,0,benign,,,,june
v2_001698,IJABAL13,2026-06-22 11:00:00+00:00,2026-06-22 11:00:00+00:00,1,0,benign,,,,june
v2_001699,IJABAL13,2026-06-23 20:00:00+00:00,2026-06-23 20:00:00+00:00,1,0,benign,,,,june
v2_001700,IJABAL13,2026-06-26 11:00:00+00:00,2026-06-26 11:00:00+00:00,1,0,benign,,,,june
v2_001701,IJABAL13,2026-06-26 15:00:00+00:00,2026-06-26 15:00:00+00:00,1,0,benign,,,,june
v2_001702,IJABAL13,2026-06-27 12:00:00+00:00,2026-06-27 12:00:00+00:00,1,0,benign,,,,june
v2_001703,IJABAL13,2026-06-28 12:00:00+00:00,2026-06-28 12:00:00+00:00,1,0,benign,,,,june
v2_001704,IJABAL13,2026-06-28 15:00:00+00:00,2026-06-28 15:00:00+00:00,1,0,benign,,,,june
v2_001705,IJABAL13,2026-06-28 18:00:00+00:00,2026-06-28 18:00:00+00:00,1,0,benign,,,,june
v2_001706,IJABAL13,2026-06-29 09:00:00+00:00,2026-06-29 12:00:00+00:00,4,0,borderline_review,,,,june
v2_001707,IJABAL13,2026-06-30 10:00:00+00:00,2026-06-30 10:00:00+00:00,1,0,benign,,,,june
v2_001708,IJABAL13,2026-06-30 12:00:00+00:00,2026-06-30 12:00:00+00:00,1,0,benign,,,,june
v2_001709,IJABAL14,2025-10-11 18:00:00+00:00,2025-10-11 18:00:00+00:00,1,0,benign,,,,pre_april
v2_001710,IJABAL14,2025-10-14 19:00:00+00:00,2025-10-14 19:00:00+00:00,1,0,benign,,,,pre_april
v2_001711,IJABAL14,2025-10-24 20:00:00+00:00,2025-10-24 20:00:00+00:00,1,0,benign,,,,pre_april
v2_001712,IJABAL14,2025-11-04 07:00:00+00:00,2025-11-04 07:00:00+00:00,1,0,benign,,,,pre_april
v2_001713,IJABAL14,2025-11-05 01:00:00+00:00,2025-11-05 01:00:00+00:00,1,0,benign,,,,pre_april
v2_001714,IJABAL14,2025-11-10 20:00:00+00:00,2025-11-10 20:00:00+00:00,1,0,benign,,,,pre_april
v2_001715,IJABAL14,2025-11-17 14:00:00+00:00,2025-11-17 14:00:00+00:00,1,0,benign,,,,pre_april
v2_001716,IJABAL14,2025-11-28 04:00:00+00:00,2025-11-28 04:00:00+00:00,1,0,benign,,,,pre_april
v2_001717,IJABAL14,2025-12-03 03:00:00+00:00,2025-12-03 04:00:00+00:00,2,0,benign,,,,pre_april
v2_001718,IJABAL14,2025-12-03 10:00:00+00:00,2025-12-03 22:00:00+00:00,13,0,benign,,,,pre_april
v2_001719,IJABAL14,2025-12-06 12:00:00+00:00,2025-12-06 15:00:00+00:00,4,1,fault,statistical_anomaly,anemometer,statistical_anomaly=windspeed_avg_kmh,pre_april
v2_001720,IJABAL14,2025-12-10 19:00:00+00:00,2025-12-10 19:00:00+00:00,1,0,benign,,,,pre_april
v2_001721,IJABAL14,2025-12-11 17:00:00+00:00,2025-12-11 17:00:00+00:00,1,0,benign,,,,pre_april
v2_001722,IJABAL14,2025-12-16 04:00:00+00:00,2025-12-16 04:00:00+00:00,1,0,benign,,,,pre_april
v2_001723,IJABAL14,2025-12-19 11:00:00+00:00,2025-12-19 12:00:00+00:00,2,0,benign,,,,pre_april
v2_001724,IJABAL14,2026-01-02 01:00:00+00:00,2026-01-02 01:00:00+00:00,1,1,fault,statistical_anomaly,light_uv,statistical_anomaly=uv_high,pre_april
v2_001725,IJABAL14,2026-01-09 02:00:00+00:00,2026-01-09 07:00:00+00:00,6,0,benign,,,,pre_april
v2_001726,IJABAL14,2026-01-19 23:00:00+00:00,2026-01-19 23:00:00+00:00,1,0,benign,,,,pre_april
v2_001727,IJABAL14,2026-01-20 00:00:00+00:00,2026-01-20 06:00:00+00:00,7,0,benign,,,,pre_april
v2_001728,IJABAL14,2026-01-20 14:00:00+00:00,2026-01-20 14:00:00+00:00,1,0,benign,,,,pre_april
v2_001729,IJABAL14,2026-01-26 12:00:00+00:00,2026-01-26 13:00:00+00:00,2,0,benign,,,,pre_april
v2_001730,IJABAL14,2026-01-26 16:00:00+00:00,2026-01-26 16:00:00+00:00,1,0,benign,,,,pre_april
v2_001731,IJABAL14,2026-01-26 22:00:00+00:00,2026-01-26 22:00:00+00:00,1,0,benign,,,,pre_april
v2_001732,IJABAL14,2026-01-27 01:00:00+00:00,2026-01-27 01:00:00+00:00,1,0,benign,,,,pre_april
v2_001733,IJABAL14,2026-01-31 17:00:00+00:00,2026-01-31 17:00:00+00:00,1,0,benign,,,,pre_april
v2_001734,IJABAL14,2026-01-31 19:00:00+00:00,2026-01-31 19:00:00+00:00,1,1,fault,statistical_anomaly,anemometer,statistical_anomaly=windspeed_high_kmh,pre_april
v2_001735,IJABAL14,2026-01-31 21:00:00+00:00,2026-02-01 01:00:00+00:00,5,1,fault,statistical_anomaly,anemometer,statistical_anomaly=windgust_high_kmh+windspeed_high_kmh,pre_april
v2_001736,IJABAL14,2026-02-01 03:00:00+00:00,2026-02-01 03:00:00+00:00,1,0,benign,,,,pre_april
v2_001737,IJABAL14,2026-02-01 08:00:00+00:00,2026-02-01 08:00:00+00:00,1,0,benign,,,,pre_april
v2_001738,IJABAL14,2026-02-12 13:00:00+00:00,2026-02-12 16:00:00+00:00,4,0,benign,,,,pre_april
v2_001739,IJABAL14,2026-02-12 19:00:00+00:00,2026-02-12 23:00:00+00:00,5,1,fault,statistical_anomaly,anemometer,statistical_anomaly=windgust_high_kmh+windspeed_avg_kmh+windspeed_high_kmh,pre_april
v2_001740,IJABAL14,2026-02-14 11:00:00+00:00,2026-02-14 14:00:00+00:00,4,0,benign,,,,pre_april
v2_001741,IJABAL14,2026-02-25 21:00:00+00:00,2026-02-25 21:00:00+00:00,1,0,benign,,,,pre_april
v2_001742,IJABAL14,2026-02-28 20:00:00+00:00,2026-02-28 20:00:00+00:00,1,0,benign,,,,pre_april
v2_001743,IJABAL14,2026-03-13 12:00:00+00:00,2026-03-13 12:00:00+00:00,1,0,borderline_review,,,,pre_april
v2_001744,IJABAL14,2026-03-13 21:00:00+00:00,2026-03-13 21:00:00+00:00,1,0,benign,,,,pre_april
v2_001745,IJABAL14,2026-03-16 02:00:00+00:00,2026-03-16 03:00:00+00:00,2,0,benign,,,,pre_april
v2_001746,IJABAL14,2026-03-16 12:00:00+00:00,2026-03-16 12:00:00+00:00,1,0,borderline_review,,,,pre_april
v2_001747,IJABAL14,2026-03-16 21:00:00+00:00,2026-03-17 05:00:00+00:00,9,1,fault,statistical_anomaly,anemometer,statistical_anomaly=windgust_avg_kmh+windgust_high_kmh+windspeed_avg_kmh+windspeed_high_kmh,pre_april
v2_001748,IJABAL14,2026-03-17 06:00:00+00:00,2026-03-17 06:00:00+00:00,1,0,benign,,,,pre_april
v2_001749,IJABAL14,2026-03-17 11:00:00+00:00,2026-03-17 11:00:00+00:00,1,0,borderline_review,,,,pre_april
v2_001750,IJABAL14,2026-03-17 13:00:00+00:00,2026-03-17 13:00:00+00:00,1,0,benign,,,,pre_april
v2_001751,IJABAL14,2026-03-17 16:00:00+00:00,2026-03-17 17:00:00+00:00,2,1,fault,statistical_anomaly,anemometer|barometer,statistical_anomaly=pressure_trend_hpa+windgust_avg_kmh+windspeed_avg_kmh,pre_april
v2_001752,IJABAL14,2026-03-17 19:00:00+00:00,2026-03-17 19:00:00+00:00,1,1,fault,statistical_anomaly,anemometer,statistical_anomaly=windspeed_avg_kmh,pre_april
v2_001753,IJABAL14,2026-03-17 21:00:00+00:00,2026-03-17 22:00:00+00:00,2,1,fault,statistical_anomaly,anemometer,statistical_anomaly=windspeed_avg_kmh,pre_april
v2_001754,IJABAL14,2026-03-17 23:00:00+00:00,2026-03-18 03:00:00+00:00,5,1,fault,statistical_anomaly,anemometer,statistical_anomaly=windgust_high_kmh+windspeed_avg_kmh+windspeed_high_kmh,pre_april
v2_001755,IJABAL14,2026-03-18 12:00:00+00:00,2026-03-18 12:00:00+00:00,1,0,borderline_review,,,,pre_april
v2_001756,IJABAL14,2026-03-20 13:00:00+00:00,2026-03-20 13:00:00+00:00,1,0,benign,,,,pre_april
v2_001757,IJABAL14,2026-03-21 06:00:00+00:00,2026-03-21 06:00:00+00:00,1,0,benign,,,,pre_april
v2_001758,IJABAL14,2026-03-21 11:00:00+00:00,2026-03-21 11:00:00+00:00,1,0,benign,,,,pre_april
v2_001759,IJABAL14,2026-03-23 11:00:00+00:00,2026-03-23 12:00:00+00:00,2,0,benign,,,,pre_april
v2_001760,IJABAL14,2026-03-24 13:00:00+00:00,2026-03-24 13:00:00+00:00,1,0,benign,,,,pre_april
v2_001761,IJABAL14,2026-03-27 21:00:00+00:00,2026-03-27 21:00:00+00:00,1,0,benign,,,,pre_april
v2_001762,IJABAL14,2026-03-28 01:00:00+00:00,2026-03-28 01:00:00+00:00,1,0,benign,,,,pre_april
v2_001763,IJABAL14,2026-03-30 12:00:00+00:00,2026-03-30 12:00:00+00:00,1,0,benign,,,,pre_april
v2_001764,IJABAL14,2026-03-30 17:00:00+00:00,2026-03-30 17:00:00+00:00,1,0,benign,,,,pre_april
v2_001765,IJABAL14,2026-03-30 21:00:00+00:00,2026-03-30 21:00:00+00:00,1,0,benign,,,,pre_april
v2_001766,IJABAL14,2026-04-01 10:00:00+00:00,2026-04-01 11:00:00+00:00,2,0,benign,,,,april_may
v2_001767,IJABAL14,2026-04-01 13:00:00+00:00,2026-04-01 14:00:00+00:00,2,1,fault,statistical_anomaly,anemometer,statistical_anomaly=windgust_high_kmh,april_may
v2_001768,IJABAL14,2026-04-02 10:00:00+00:00,2026-04-02 11:00:00+00:00,2,0,benign,,,,april_may
v2_001769,IJABAL14,2026-04-04 10:00:00+00:00,2026-04-04 10:00:00+00:00,1,0,benign,,,,april_may
v2_001770,IJABAL14,2026-04-05 10:00:00+00:00,2026-04-05 10:00:00+00:00,1,0,benign,,,,april_may
v2_001771,IJABAL14,2026-04-05 12:00:00+00:00,2026-04-05 12:00:00+00:00,1,0,benign,,,,april_may
v2_001772,IJABAL14,2026-04-05 14:00:00+00:00,2026-04-05 14:00:00+00:00,1,0,benign,,,,april_may
v2_001773,IJABAL14,2026-04-05 16:00:00+00:00,2026-04-05 16:00:00+00:00,1,0,benign,,,,april_may
v2_001774,IJABAL14,2026-04-05 17:00:00+00:00,2026-04-05 17:00:00+00:00,1,0,benign,,,,april_may
v2_001775,IJABAL14,2026-04-06 08:00:00+00:00,2026-04-06 08:00:00+00:00,1,0,benign,,,,april_may
v2_001776,IJABAL14,2026-04-06 10:00:00+00:00,2026-04-06 11:00:00+00:00,2,0,benign,,,,april_may
v2_001777,IJABAL14,2026-04-07 11:00:00+00:00,2026-04-07 11:00:00+00:00,1,0,benign,,,,april_may
v2_001778,IJABAL14,2026-04-07 17:00:00+00:00,2026-04-07 17:00:00+00:00,1,0,benign,,,,april_may
v2_001779,IJABAL14,2026-04-08 10:00:00+00:00,2026-04-08 11:00:00+00:00,2,0,benign,,,,april_may
v2_001780,IJABAL14,2026-04-08 12:00:00+00:00,2026-04-08 12:00:00+00:00,1,0,borderline_review,,,,april_may
v2_001781,IJABAL14,2026-04-09 10:00:00+00:00,2026-04-09 11:00:00+00:00,2,0,benign,,,,april_may
v2_001782,IJABAL14,2026-04-10 10:00:00+00:00,2026-04-10 11:00:00+00:00,2,0,benign,,,,april_may
v2_001783,IJABAL14,2026-04-11 10:00:00+00:00,2026-04-11 11:00:00+00:00,2,0,benign,,,,april_may
v2_001784,IJABAL14,2026-04-11 12:00:00+00:00,2026-04-11 16:00:00+00:00,5,0,benign,,,,april_may
v2_001785,IJABAL14,2026-04-12 09:00:00+00:00,2026-04-12 12:00:00+00:00,4,0,benign,,,,april_may
v2_001786,IJABAL14,2026-04-13 10:00:00+00:00,2026-04-13 11:00:00+00:00,2,0,borderline_review,,,,april_may
v2_001787,IJABAL14,2026-04-14 10:00:00+00:00,2026-04-14 10:00:00+00:00,1,0,benign,,,,april_may
v2_001788,IJABAL14,2026-04-15 09:00:00+00:00,2026-04-15 12:00:00+00:00,4,0,benign,,,,april_may
v2_001789,IJABAL14,2026-04-16 11:00:00+00:00,2026-04-16 12:00:00+00:00,2,0,benign,,,,april_may
v2_001790,IJABAL14,2026-04-17 03:00:00+00:00,2026-04-17 04:00:00+00:00,2,0,benign,,,,april_may
v2_001791,IJABAL14,2026-04-17 10:00:00+00:00,2026-04-17 11:00:00+00:00,2,0,benign,,,,april_may
v2_001792,IJABAL14,2026-04-17 14:00:00+00:00,2026-04-17 14:00:00+00:00,1,0,benign,,,,april_may
v2_001793,IJABAL14,2026-04-18 02:00:00+00:00,2026-04-18 03:00:00+00:00,2,0,benign,,,,april_may
v2_001794,IJABAL14,2026-04-18 10:00:00+00:00,2026-04-18 12:00:00+00:00,3,1,fault,statistical_anomaly,barometer,statistical_anomaly=pressure_trend_hpa,april_may
v2_001795,IJABAL14,2026-04-19 10:00:00+00:00,2026-04-19 12:00:00+00:00,3,0,benign,,,,april_may
v2_001796,IJABAL14,2026-04-19 22:00:00+00:00,2026-04-19 22:00:00+00:00,1,0,benign,,,,april_may
v2_001797,IJABAL14,2026-04-20 08:00:00+00:00,2026-04-20 08:00:00+00:00,1,0,benign,,,,april_may
v2_001798,IJABAL14,2026-04-20 10:00:00+00:00,2026-04-20 11:00:00+00:00,2,0,benign,,,,april_may
v2_001799,IJABAL14,2026-04-20 13:00:00+00:00,2026-04-20 13:00:00+00:00,1,0,benign,,,,april_may
v2_001800,IJABAL14,2026-04-21 10:00:00+00:00,2026-04-21 12:00:00+00:00,3,0,benign,,,,april_may
v2_001801,IJABAL14,2026-04-22 08:00:00+00:00,2026-04-22 08:00:00+00:00,1,0,benign,,,,april_may
v2_001802,IJABAL14,2026-04-22 11:00:00+00:00,2026-04-22 11:00:00+00:00,1,0,benign,,,,april_may
v2_001803,IJABAL14,2026-04-23 08:00:00+00:00,2026-04-23 08:00:00+00:00,1,0,benign,,,,april_may
v2_001804,IJABAL14,2026-04-23 10:00:00+00:00,2026-04-23 11:00:00+00:00,2,0,benign,,,,april_may
v2_001805,IJABAL14,2026-04-23 14:00:00+00:00,2026-04-23 14:00:00+00:00,1,0,benign,,,,april_may
v2_001806,IJABAL14,2026-04-24 08:00:00+00:00,2026-04-24 08:00:00+00:00,1,0,benign,,,,april_may
v2_001807,IJABAL14,2026-04-24 09:00:00+00:00,2026-04-24 12:00:00+00:00,4,0,benign,,,,april_may
v2_001808,IJABAL14,2026-04-25 08:00:00+00:00,2026-04-25 08:00:00+00:00,1,0,benign,,,,april_may
v2_001809,IJABAL14,2026-04-25 09:00:00+00:00,2026-04-25 12:00:00+00:00,4,0,benign,,,,april_may
v2_001810,IJABAL14,2026-04-26 08:00:00+00:00,2026-04-26 08:00:00+00:00,1,0,benign,,,,april_may
v2_001811,IJABAL14,2026-04-26 09:00:00+00:00,2026-04-26 12:00:00+00:00,4,0,benign,,,,april_may
v2_001812,IJABAL14,2026-04-26 13:00:00+00:00,2026-04-26 13:00:00+00:00,1,0,benign,,,,april_may
v2_001813,IJABAL14,2026-04-27 09:00:00+00:00,2026-04-27 12:00:00+00:00,4,0,benign,,,,april_may
v2_001814,IJABAL14,2026-04-27 13:00:00+00:00,2026-04-27 13:00:00+00:00,1,0,benign,,,,april_may
v2_001815,IJABAL14,2026-04-28 09:00:00+00:00,2026-04-28 11:00:00+00:00,3,0,benign,,,,april_may
v2_001816,IJABAL14,2026-04-28 12:00:00+00:00,2026-04-28 13:00:00+00:00,2,0,benign,,,,april_may
v2_001817,IJABAL14,2026-04-29 10:00:00+00:00,2026-04-29 11:00:00+00:00,2,0,benign,,,,april_may
v2_001818,IJABAL14,2026-04-30 10:00:00+00:00,2026-04-30 12:00:00+00:00,3,0,benign,,,,april_may
v2_001819,IJABAL14,2026-04-30 13:00:00+00:00,2026-04-30 13:00:00+00:00,1,0,benign,,,,april_may
v2_001820,IJABAL14,2026-05-01 08:00:00+00:00,2026-05-01 08:00:00+00:00,1,0,benign,,,,april_may
v2_001821,IJABAL14,2026-05-01 10:00:00+00:00,2026-05-01 11:00:00+00:00,2,0,benign,,,,april_may
v2_001822,IJABAL14,2026-05-01 13:00:00+00:00,2026-05-01 13:00:00+00:00,1,0,benign,,,,april_may
v2_001823,IJABAL14,2026-05-01 18:00:00+00:00,2026-05-01 18:00:00+00:00,1,1,fault,statistical_anomaly,anemometer,statistical_anomaly=windspeed_avg_kmh,april_may
v2_001824,IJABAL14,2026-05-02 04:00:00+00:00,2026-05-02 04:00:00+00:00,1,0,benign,,,,april_may
v2_001825,IJABAL14,2026-05-02 09:00:00+00:00,2026-05-02 12:00:00+00:00,4,0,benign,,,,april_may
v2_001826,IJABAL14,2026-05-02 13:00:00+00:00,2026-05-02 13:00:00+00:00,1,0,borderline_review,,,,april_may
v2_001827,IJABAL14,2026-05-02 18:00:00+00:00,2026-05-02 18:00:00+00:00,1,0,benign,,,,april_may
v2_001828,IJABAL14,2026-05-03 10:00:00+00:00,2026-05-03 12:00:00+00:00,3,0,benign,,,,april_may
v2_001829,IJABAL14,2026-05-04 09:00:00+00:00,2026-05-04 12:00:00+00:00,4,0,benign,,,,april_may
v2_001830,IJABAL14,2026-05-05 09:00:00+00:00,2026-05-05 12:00:00+00:00,4,0,benign,,,,april_may
v2_001831,IJABAL14,2026-05-06 10:00:00+00:00,2026-05-06 12:00:00+00:00,3,0,benign,,,,april_may
v2_001832,IJABAL14,2026-05-07 10:00:00+00:00,2026-05-07 12:00:00+00:00,3,0,benign,,,,april_may
v2_001833,IJABAL14,2026-05-07 20:00:00+00:00,2026-05-07 20:00:00+00:00,1,0,benign,,,,april_may
v2_001834,IJABAL14,2026-05-08 10:00:00+00:00,2026-05-08 12:00:00+00:00,3,0,benign,,,,april_may
v2_001835,IJABAL14,2026-05-08 18:00:00+00:00,2026-05-08 18:00:00+00:00,1,0,benign,,,,april_may
v2_001836,IJABAL14,2026-05-09 09:00:00+00:00,2026-05-09 15:00:00+00:00,7,0,borderline_review,,,,april_may
v2_001837,IJABAL14,2026-05-10 08:00:00+00:00,2026-05-10 08:00:00+00:00,1,0,benign,,,,april_may
v2_001838,IJABAL14,2026-05-10 10:00:00+00:00,2026-05-10 11:00:00+00:00,2,0,benign,,,,april_may
v2_001839,IJABAL14,2026-05-10 18:00:00+00:00,2026-05-10 18:00:00+00:00,1,0,benign,,,,april_may
v2_001840,IJABAL14,2026-05-11 08:00:00+00:00,2026-05-11 08:00:00+00:00,1,0,benign,,,,april_may
v2_001841,IJABAL14,2026-05-11 09:00:00+00:00,2026-05-11 17:00:00+00:00,9,0,benign,,,,april_may
v2_001842,IJABAL14,2026-05-12 10:00:00+00:00,2026-05-12 12:00:00+00:00,3,0,benign,,,,april_may
v2_001843,IJABAL14,2026-05-12 19:00:00+00:00,2026-05-12 19:00:00+00:00,1,0,benign,,,,april_may
v2_001844,IJABAL14,2026-05-13 08:00:00+00:00,2026-05-13 08:00:00+00:00,1,0,borderline_review,,,,april_may
v2_001845,IJABAL14,2026-05-13 20:00:00+00:00,2026-05-13 20:00:00+00:00,1,0,benign,,,,april_may
v2_001846,IJABAL14,2026-05-14 10:00:00+00:00,2026-05-14 12:00:00+00:00,3,0,benign,,,,april_may
v2_001847,IJABAL14,2026-05-15 01:00:00+00:00,2026-05-15 01:00:00+00:00,1,0,benign,,,,april_may
v2_001848,IJABAL14,2026-05-15 13:00:00+00:00,2026-05-15 13:00:00+00:00,1,0,benign,,,,april_may
v2_001849,IJABAL14,2026-05-15 19:00:00+00:00,2026-05-15 19:00:00+00:00,1,0,benign,,,,april_may
v2_001850,IJABAL14,2026-05-16 08:00:00+00:00,2026-05-16 08:00:00+00:00,1,0,benign,,,,april_may
v2_001851,IJABAL14,2026-05-16 11:00:00+00:00,2026-05-16 11:00:00+00:00,1,0,borderline_review,,,,april_may
v2_001852,IJABAL14,2026-05-16 13:00:00+00:00,2026-05-16 13:00:00+00:00,1,0,benign,,,,april_may
v2_001853,IJABAL14,2026-05-17 00:00:00+00:00,2026-05-17 01:00:00+00:00,2,0,benign,,,,april_may
v2_001854,IJABAL14,2026-05-17 05:00:00+00:00,2026-05-17 05:00:00+00:00,1,0,benign,,,,april_may
v2_001855,IJABAL14,2026-05-17 09:00:00+00:00,2026-05-17 09:00:00+00:00,1,1,fault,statistical_anomaly,barometer,statistical_anomaly=pressure_trend_hpa,april_may
v2_001856,IJABAL14,2026-05-17 11:00:00+00:00,2026-05-17 11:00:00+00:00,1,0,benign,,,,april_may
v2_001857,IJABAL14,2026-05-17 12:00:00+00:00,2026-05-17 13:00:00+00:00,2,1,fault,statistical_anomaly,barometer,statistical_anomaly=pressure_trend_hpa,april_may
v2_001858,IJABAL14,2026-05-17 15:00:00+00:00,2026-05-17 15:00:00+00:00,1,0,benign,,,,april_may
v2_001859,IJABAL14,2026-05-18 10:00:00+00:00,2026-05-18 12:00:00+00:00,3,0,benign,,,,april_may
v2_001860,IJABAL14,2026-05-19 10:00:00+00:00,2026-05-19 12:00:00+00:00,3,0,benign,,,,april_may
v2_001861,IJABAL14,2026-05-20 09:00:00+00:00,2026-05-20 12:00:00+00:00,4,0,benign,,,,april_may
v2_001862,IJABAL14,2026-05-21 10:00:00+00:00,2026-05-21 12:00:00+00:00,3,0,benign,,,,april_may
v2_001863,IJABAL14,2026-05-22 10:00:00+00:00,2026-05-22 12:00:00+00:00,3,0,benign,,,,april_may
v2_001864,IJABAL14,2026-05-23 10:00:00+00:00,2026-05-23 12:00:00+00:00,3,0,benign,,,,april_may
v2_001865,IJABAL14,2026-05-23 15:00:00+00:00,2026-05-23 15:00:00+00:00,1,0,benign,,,,april_may
v2_001866,IJABAL14,2026-05-24 10:00:00+00:00,2026-05-24 12:00:00+00:00,3,0,benign,,,,april_may
v2_001867,IJABAL14,2026-05-25 10:00:00+00:00,2026-05-25 12:00:00+00:00,3,0,benign,,,,april_may
v2_001868,IJABAL14,2026-05-26 10:00:00+00:00,2026-05-26 12:00:00+00:00,3,0,benign,,,,april_may
v2_001869,IJABAL14,2026-05-26 17:00:00+00:00,2026-05-26 18:00:00+00:00,2,0,benign,,,,april_may
v2_001870,IJABAL14,2026-05-27 10:00:00+00:00,2026-05-27 12:00:00+00:00,3,0,benign,,,,april_may
v2_001871,IJABAL14,2026-05-27 15:00:00+00:00,2026-05-27 15:00:00+00:00,1,0,benign,,,,april_may
v2_001872,IJABAL14,2026-05-28 10:00:00+00:00,2026-05-28 12:00:00+00:00,3,0,benign,,,,april_may
v2_001873,IJABAL14,2026-05-28 22:00:00+00:00,2026-05-28 22:00:00+00:00,1,0,benign,,,,april_may
v2_001874,IJABAL14,2026-05-29 10:00:00+00:00,2026-05-29 11:00:00+00:00,2,0,benign,,,,april_may
v2_001875,IJABAL14,2026-05-29 15:00:00+00:00,2026-05-29 15:00:00+00:00,1,1,fault,statistical_anomaly,barometer,statistical_anomaly=pressure_trend_hpa,april_may
v2_001876,IJABAL14,2026-05-30 09:00:00+00:00,2026-05-30 12:00:00+00:00,4,0,benign,,,,april_may
v2_001877,IJABAL14,2026-05-31 10:00:00+00:00,2026-05-31 12:00:00+00:00,3,0,benign,,,,april_may
v2_001878,IJABAL14,2026-06-01 10:00:00+00:00,2026-06-01 12:00:00+00:00,3,0,benign,,,,june
v2_001879,IJABAL14,2026-06-02 10:00:00+00:00,2026-06-02 12:00:00+00:00,3,0,benign,,,,june
v2_001880,IJABAL14,2026-06-03 10:00:00+00:00,2026-06-03 12:00:00+00:00,3,0,benign,,,,june
v2_001881,IJABAL14,2026-06-03 16:00:00+00:00,2026-06-03 16:00:00+00:00,1,1,fault,spike_impossible,barometer,spike_impossible=pressure_trend_hpa,june
v2_001882,IJABAL14,2026-06-04 10:00:00+00:00,2026-06-04 14:00:00+00:00,5,0,benign,,,,june
v2_001883,IJABAL14,2026-06-04 18:00:00+00:00,2026-06-04 18:00:00+00:00,1,0,benign,,,,june
v2_001884,IJABAL14,2026-06-05 10:00:00+00:00,2026-06-05 12:00:00+00:00,3,0,benign,,,,june
v2_001885,IJABAL14,2026-06-06 10:00:00+00:00,2026-06-06 12:00:00+00:00,3,0,benign,,,,june
v2_001886,IJABAL14,2026-06-06 16:00:00+00:00,2026-06-06 16:00:00+00:00,1,0,benign,,,,june
v2_001887,IJABAL14,2026-06-07 10:00:00+00:00,2026-06-07 15:00:00+00:00,6,0,benign,,,,june
v2_001888,IJABAL14,2026-06-08 08:00:00+00:00,2026-06-08 08:00:00+00:00,1,0,benign,,,,june
v2_001889,IJABAL14,2026-06-08 11:00:00+00:00,2026-06-08 12:00:00+00:00,2,0,benign,,,,june
v2_001890,IJABAL14,2026-06-08 16:00:00+00:00,2026-06-08 16:00:00+00:00,1,0,benign,,,,june
v2_001891,IJABAL14,2026-06-08 20:00:00+00:00,2026-06-08 20:00:00+00:00,1,0,benign,,,,june
v2_001892,IJABAL14,2026-06-09 10:00:00+00:00,2026-06-09 11:00:00+00:00,2,0,benign,,,,june
v2_001893,IJABAL14,2026-06-10 10:00:00+00:00,2026-06-10 12:00:00+00:00,3,0,benign,,,,june
v2_001894,IJABAL14,2026-06-10 19:00:00+00:00,2026-06-10 19:00:00+00:00,1,0,benign,,,,june
v2_001895,IJABAL14,2026-06-11 08:00:00+00:00,2026-06-11 08:00:00+00:00,1,0,benign,,,,june
v2_001896,IJABAL14,2026-06-11 10:00:00+00:00,2026-06-11 12:00:00+00:00,3,0,benign,,,,june
v2_001897,IJABAL14,2026-06-11 20:00:00+00:00,2026-06-11 20:00:00+00:00,1,0,benign,,,,june
v2_001898,IJABAL14,2026-06-12 10:00:00+00:00,2026-06-12 12:00:00+00:00,3,0,benign,,,,june
v2_001899,IJABAL14,2026-06-13 10:00:00+00:00,2026-06-13 12:00:00+00:00,3,0,benign,,,,june
v2_001900,IJABAL14,2026-06-14 10:00:00+00:00,2026-06-14 12:00:00+00:00,3,0,benign,,,,june
v2_001901,IJABAL14,2026-06-15 09:00:00+00:00,2026-06-15 12:00:00+00:00,4,0,benign,,,,june
v2_001902,IJABAL14,2026-06-15 19:00:00+00:00,2026-06-15 19:00:00+00:00,1,0,benign,,,,june
v2_001903,IJABAL14,2026-06-16 10:00:00+00:00,2026-06-16 13:00:00+00:00,4,0,benign,,,,june
v2_001904,IJABAL14,2026-06-16 23:00:00+00:00,2026-06-16 23:00:00+00:00,1,0,benign,,,,june
v2_001905,IJABAL14,2026-06-17 10:00:00+00:00,2026-06-17 11:00:00+00:00,2,0,benign,,,,june
v2_001906,IJABAL14,2026-06-18 01:00:00+00:00,2026-06-18 01:00:00+00:00,1,0,benign,,,,june
v2_001907,IJABAL14,2026-06-18 10:00:00+00:00,2026-06-18 12:00:00+00:00,3,0,benign,,,,june
v2_001908,IJABAL14,2026-06-19 10:00:00+00:00,2026-06-19 12:00:00+00:00,3,0,benign,,,,june
v2_001909,IJABAL14,2026-06-19 19:00:00+00:00,2026-06-19 19:00:00+00:00,1,0,benign,,,,june
v2_001910,IJABAL14,2026-06-20 09:00:00+00:00,2026-06-20 09:00:00+00:00,1,0,benign,,,,june
v2_001911,IJABAL14,2026-06-20 10:00:00+00:00,2026-06-20 12:00:00+00:00,3,0,benign,,,,june
v2_001912,IJABAL14,2026-06-21 09:00:00+00:00,2026-06-21 09:00:00+00:00,1,0,benign,,,,june
v2_001913,IJABAL14,2026-06-21 10:00:00+00:00,2026-06-21 12:00:00+00:00,3,0,benign,,,,june
v2_001914,IJABAL14,2026-06-21 20:00:00+00:00,2026-06-21 20:00:00+00:00,1,0,benign,,,,june
v2_001915,IJABAL14,2026-06-22 10:00:00+00:00,2026-06-22 12:00:00+00:00,3,0,benign,,,,june
v2_001916,IJABAL14,2026-06-23 10:00:00+00:00,2026-06-23 12:00:00+00:00,3,0,benign,,,,june
v2_001917,IJABAL14,2026-06-23 18:00:00+00:00,2026-06-23 18:00:00+00:00,1,0,benign,,,,june
v2_001918,IJABAL14,2026-06-23 20:00:00+00:00,2026-06-23 20:00:00+00:00,1,0,benign,,,,june
v2_001919,IJABAL14,2026-06-24 10:00:00+00:00,2026-06-24 12:00:00+00:00,3,0,benign,,,,june
v2_001920,IJABAL14,2026-06-24 19:00:00+00:00,2026-06-24 19:00:00+00:00,1,0,benign,,,,june
v2_001921,IJABAL14,2026-06-24 21:00:00+00:00,2026-06-24 21:00:00+00:00,1,1,fault,statistical_anomaly,barometer,statistical_anomaly=pressure_trend_hpa,june
v2_001922,IJABAL14,2026-06-25 10:00:00+00:00,2026-06-25 12:00:00+00:00,3,0,benign,,,,june
v2_001923,IJABAL14,2026-06-26 08:00:00+00:00,2026-06-26 08:00:00+00:00,1,0,benign,,,,june
v2_001924,IJABAL14,2026-06-26 10:00:00+00:00,2026-06-26 12:00:00+00:00,3,0,benign,,,,june
v2_001925,IJABAL14,2026-06-27 00:00:00+00:00,2026-06-27 00:00:00+00:00,1,0,benign,,,,june
v2_001926,IJABAL14,2026-06-27 10:00:00+00:00,2026-06-27 12:00:00+00:00,3,0,benign,,,,june
v2_001927,IJABAL14,2026-06-27 22:00:00+00:00,2026-06-27 22:00:00+00:00,1,0,benign,,,,june
v2_001928,IJABAL14,2026-06-28 08:00:00+00:00,2026-06-28 08:00:00+00:00,1,0,benign,,,,june
v2_001929,IJABAL14,2026-06-28 10:00:00+00:00,2026-06-28 11:00:00+00:00,2,0,benign,,,,june
v2_001930,IJABAL14,2026-06-29 00:00:00+00:00,2026-06-29 00:00:00+00:00,1,0,benign,,,,june
v2_001931,IJABAL14,2026-06-29 08:00:00+00:00,2026-06-29 08:00:00+00:00,1,0,benign,,,,june
v2_001932,IJABAL14,2026-06-29 11:00:00+00:00,2026-06-29 11:00:00+00:00,1,0,benign,,,,june
v2_001933,IJABAL14,2026-06-29 18:00:00+00:00,2026-06-29 18:00:00+00:00,1,0,benign,,,,june
v2_001934,IJABAL14,2026-06-30 08:00:00+00:00,2026-06-30 08:00:00+00:00,1,0,benign,,,,june
v2_001935,IJABAL14,2026-06-30 10:00:00+00:00,2026-06-30 11:00:00+00:00,2,0,benign,,,,june
v2_001936,IJABAL15,2025-10-05 16:00:00+00:00,2025-10-07 22:00:00+00:00,55,1,fault,statistical_anomaly,barometer,statistical_anomaly=pressure_max_hpa+pressure_min_hpa,pre_april
v2_001937,IJABAL15,2025-10-07 10:00:00+00:00,2025-10-07 10:00:00+00:00,1,0,benign,,,,pre_april
v2_001938,IJABAL15,2025-10-07 13:00:00+00:00,2025-10-07 13:00:00+00:00,1,0,benign,,,,pre_april
v2_001939,IJABAL15,2025-10-08 23:00:00+00:00,2025-10-09 18:00:00+00:00,20,1,fault,spike_impossible,barometer,spike_impossible=pressure_trend_hpa,pre_april
v2_001940,IJABAL15,2025-10-09 18:00:00+00:00,2025-10-09 18:00:00+00:00,1,1,fault,spike_impossible,barometer,spike_impossible=pressure_trend_hpa,pre_april
v2_001941,IJABAL15,2025-10-10 13:00:00+00:00,2025-10-10 13:00:00+00:00,1,0,benign,,,,pre_april
v2_001942,IJABAL15,2025-10-19 11:00:00+00:00,2025-10-19 11:00:00+00:00,1,0,benign,,,,pre_april
v2_001943,IJABAL15,2025-11-21 03:00:00+00:00,2025-11-21 03:00:00+00:00,1,0,benign,,,,pre_april
v2_001944,IJABAL15,2025-11-28 12:00:00+00:00,2025-11-28 12:00:00+00:00,1,0,benign,,,,pre_april
v2_001945,IJABAL15,2025-11-30 05:00:00+00:00,2025-11-30 06:00:00+00:00,2,0,benign,,,,pre_april
v2_001946,IJABAL15,2025-12-02 18:00:00+00:00,2025-12-03 07:00:00+00:00,14,0,benign,,,,pre_april
v2_001947,IJABAL15,2025-12-03 05:00:00+00:00,2025-12-03 06:00:00+00:00,2,0,benign,,,,pre_april
v2_001948,IJABAL15,2025-12-06 11:00:00+00:00,2025-12-06 11:00:00+00:00,1,0,benign,,,,pre_april
v2_001949,IJABAL15,2025-12-14 02:00:00+00:00,2025-12-14 03:00:00+00:00,2,0,benign,,,,pre_april
v2_001950,IJABAL15,2025-12-14 06:00:00+00:00,2025-12-14 06:00:00+00:00,1,0,benign,,,,pre_april
v2_001951,IJABAL15,2025-12-16 06:00:00+00:00,2025-12-16 06:00:00+00:00,1,0,benign,,,,pre_april
v2_001952,IJABAL15,2025-12-19 13:00:00+00:00,2025-12-19 13:00:00+00:00,1,0,benign,,,,pre_april
v2_001953,IJABAL15,2025-12-19 19:00:00+00:00,2025-12-19 19:00:00+00:00,1,0,benign,,,,pre_april
v2_001954,IJABAL15,2025-12-26 06:00:00+00:00,2025-12-26 07:00:00+00:00,2,0,benign,,,,pre_april
v2_001955,IJABAL15,2026-01-05 02:00:00+00:00,2026-01-05 02:00:00+00:00,1,0,benign,,,,pre_april
v2_001956,IJABAL15,2026-01-13 22:00:00+00:00,2026-01-13 22:00:00+00:00,1,0,benign,,,,pre_april
v2_001957,IJABAL15,2026-01-21 13:00:00+00:00,2026-01-21 13:00:00+00:00,1,0,benign,,,,pre_april
v2_001958,IJABAL15,2026-01-21 15:00:00+00:00,2026-01-21 15:00:00+00:00,1,0,benign,,,,pre_april
v2_001959,IJABAL15,2026-01-22 01:00:00+00:00,2026-01-22 01:00:00+00:00,1,0,benign,,,,pre_april
v2_001960,IJABAL15,2026-01-22 07:00:00+00:00,2026-01-22 08:00:00+00:00,2,0,benign,,,,pre_april
v2_001961,IJABAL15,2026-01-24 23:00:00+00:00,2026-01-24 23:00:00+00:00,1,0,benign,,,,pre_april
v2_001962,IJABAL15,2026-01-25 12:00:00+00:00,2026-01-25 12:00:00+00:00,1,0,benign,,,,pre_april
v2_001963,IJABAL15,2026-01-25 14:00:00+00:00,2026-01-25 15:00:00+00:00,2,0,benign,,,,pre_april
v2_001964,IJABAL15,2026-01-25 17:00:00+00:00,2026-01-25 19:00:00+00:00,3,0,benign,,,,pre_april
v2_001965,IJABAL15,2026-01-25 23:00:00+00:00,2026-01-25 23:00:00+00:00,1,0,benign,,,,pre_april
v2_001966,IJABAL15,2026-01-26 04:00:00+00:00,2026-01-26 05:00:00+00:00,2,1,fault,statistical_anomaly,anemometer,statistical_anomaly=windgust_avg_kmh+windgust_low_kmh+windspeed_avg_kmh+windspeed_low_kmh,pre_april
v2_001967,IJABAL15,2026-01-26 07:00:00+00:00,2026-01-26 15:00:00+00:00,9,1,fault,statistical_anomaly,anemometer,statistical_anomaly=windgust_avg_kmh+windspeed_avg_kmh+windspeed_low_kmh,pre_april
v2_001968,IJABAL15,2026-01-26 14:00:00+00:00,2026-01-26 14:00:00+00:00,1,0,benign,,,,pre_april
v2_001969,IJABAL15,2026-01-28 13:00:00+00:00,2026-01-28 13:00:00+00:00,1,0,benign,,,,pre_april
v2_001970,IJABAL15,2026-01-29 00:00:00+00:00,2026-01-29 02:00:00+00:00,3,1,fault,statistical_anomaly,anemometer,statistical_anomaly=windgust_avg_kmh+windgust_low_kmh+windspeed_low_kmh,pre_april
v2_001971,IJABAL15,2026-01-29 08:00:00+00:00,2026-01-29 10:00:00+00:00,3,1,fault,statistical_anomaly,anemometer,statistical_anomaly=windspeed_avg_kmh+windspeed_low_kmh,pre_april
v2_001972,IJABAL15,2026-01-29 13:00:00+00:00,2026-01-29 13:00:00+00:00,1,0,benign,,,,pre_april
v2_001973,IJABAL15,2026-01-31 12:00:00+00:00,2026-01-31 17:00:00+00:00,6,0,benign,,,,pre_april
v2_001974,IJABAL15,2026-01-31 19:00:00+00:00,2026-01-31 21:00:00+00:00,3,0,benign,,,,pre_april
v2_001975,IJABAL15,2026-02-01 05:00:00+00:00,2026-02-01 05:00:00+00:00,1,1,fault,statistical_anomaly,anemometer,statistical_anomaly=windspeed_low_kmh,pre_april
v2_001976,IJABAL15,2026-02-01 10:00:00+00:00,2026-02-01 15:00:00+00:00,6,1,fault,statistical_anomaly,anemometer,statistical_anomaly=windgust_avg_kmh+windspeed_low_kmh,pre_april
v2_001977,IJABAL15,2026-02-04 03:00:00+00:00,2026-02-04 03:00:00+00:00,1,0,benign,,,,pre_april
v2_001978,IJABAL15,2026-02-04 21:00:00+00:00,2026-02-04 21:00:00+00:00,1,0,benign,,,,pre_april
v2_001979,IJABAL15,2026-02-05 10:00:00+00:00,2026-02-05 10:00:00+00:00,1,0,benign,,,,pre_april
v2_001980,IJABAL15,2026-02-05 12:00:00+00:00,2026-02-05 14:00:00+00:00,3,0,benign,,,,pre_april
v2_001981,IJABAL15,2026-02-12 12:00:00+00:00,2026-02-12 17:00:00+00:00,6,1,fault,statistical_anomaly,anemometer,statistical_anomaly=windgust_high_kmh+windspeed_high_kmh,pre_april
v2_001982,IJABAL15,2026-02-12 22:00:00+00:00,2026-02-12 22:00:00+00:00,1,0,benign,,,,pre_april
v2_001983,IJABAL15,2026-02-13 00:00:00+00:00,2026-02-13 01:00:00+00:00,2,0,benign,,,,pre_april
v2_001984,IJABAL15,2026-02-14 08:00:00+00:00,2026-02-14 10:00:00+00:00,3,1,fault,statistical_anomaly,anemometer,statistical_anomaly=windspeed_avg_kmh+windspeed_low_kmh,pre_april
v2_001985,IJABAL15,2026-02-14 14:00:00+00:00,2026-02-14 14:00:00+00:00,1,0,benign,,,,pre_april
v2_001986,IJABAL15,2026-02-15 03:00:00+00:00,2026-02-15 03:00:00+00:00,1,0,benign,,,,pre_april
v2_001987,IJABAL15,2026-02-15 12:00:00+00:00,2026-02-15 12:00:00+00:00,1,0,benign,,,,pre_april
v2_001988,IJABAL15,2026-02-15 15:00:00+00:00,2026-02-15 15:00:00+00:00,1,0,benign,,,,pre_april
v2_001989,IJABAL15,2026-02-15 18:00:00+00:00,2026-02-15 18:00:00+00:00,1,0,benign,,,,pre_april
v2_001990,IJABAL15,2026-02-15 19:00:00+00:00,2026-02-15 19:00:00+00:00,1,0,benign,,,,pre_april
v2_001991,IJABAL15,2026-02-17 14:00:00+00:00,2026-02-17 14:00:00+00:00,1,0,benign,,,,pre_april
v2_001992,IJABAL15,2026-02-17 16:00:00+00:00,2026-02-17 17:00:00+00:00,2,0,benign,,,,pre_april
v2_001993,IJABAL15,2026-02-21 12:00:00+00:00,2026-02-21 12:00:00+00:00,1,0,borderline_review,,,,pre_april
v2_001994,IJABAL15,2026-02-22 12:00:00+00:00,2026-02-22 12:00:00+00:00,1,0,borderline_review,,,,pre_april
v2_001995,IJABAL15,2026-02-23 12:00:00+00:00,2026-02-23 12:00:00+00:00,1,0,borderline_review,,,,pre_april
v2_001996,IJABAL15,2026-02-24 11:00:00+00:00,2026-02-24 12:00:00+00:00,2,0,borderline_review,,,,pre_april
v2_001997,IJABAL15,2026-02-25 11:00:00+00:00,2026-02-25 11:00:00+00:00,1,0,borderline_review,,,,pre_april
v2_001998,IJABAL15,2026-02-26 12:00:00+00:00,2026-02-26 12:00:00+00:00,1,0,borderline_review,,,,pre_april
v2_001999,IJABAL15,2026-03-01 11:00:00+00:00,2026-03-01 11:00:00+00:00,1,0,borderline_review,,,,pre_april
v2_002000,IJABAL15,2026-03-01 13:00:00+00:00,2026-03-01 13:00:00+00:00,1,0,benign,,,,pre_april
v2_002001,IJABAL15,2026-03-02 13:00:00+00:00,2026-03-02 13:00:00+00:00,1,0,benign,,,,pre_april
v2_002002,IJABAL15,2026-03-05 11:00:00+00:00,2026-03-05 11:00:00+00:00,1,0,benign,,,,pre_april
v2_002003,IJABAL15,2026-03-12 23:00:00+00:00,2026-03-12 23:00:00+00:00,1,0,benign,,,,pre_april
v2_002004,IJABAL15,2026-03-16 09:00:00+00:00,2026-03-16 09:00:00+00:00,1,0,benign,,,,pre_april
v2_002005,IJABAL15,2026-03-16 16:00:00+00:00,2026-03-16 17:00:00+00:00,2,1,fault,statistical_anomaly,anemometer,statistical_anomaly=windspeed_low_kmh,pre_april
v2_002006,IJABAL15,2026-03-16 20:00:00+00:00,2026-03-16 21:00:00+00:00,2,1,fault,statistical_anomaly,anemometer,statistical_anomaly=windspeed_low_kmh,pre_april
v2_002007,IJABAL15,2026-03-17 00:00:00+00:00,2026-03-17 00:00:00+00:00,1,1,fault,statistical_anomaly,anemometer,statistical_anomaly=windgust_avg_kmh,pre_april
v2_002008,IJABAL15,2026-03-17 04:00:00+00:00,2026-03-17 05:00:00+00:00,2,1,fault,statistical_anomaly,anemometer,statistical_anomaly=windspeed_low_kmh,pre_april
v2_002009,IJABAL15,2026-03-17 16:00:00+00:00,2026-03-17 17:00:00+00:00,2,1,fault,statistical_anomaly,anemometer,statistical_anomaly=windspeed_low_kmh,pre_april
v2_002010,IJABAL15,2026-03-18 10:00:00+00:00,2026-03-18 10:00:00+00:00,1,0,benign,,,,pre_april
v2_002011,IJABAL15,2026-03-27 11:00:00+00:00,2026-03-27 12:00:00+00:00,2,0,benign,,,,pre_april
v2_002012,IJABAL15,2026-03-28 02:00:00+00:00,2026-03-28 02:00:00+00:00,1,1,fault,spike_impossible,barometer,spike_impossible=pressure_trend_hpa,pre_april
v2_002013,IJABAL15,2026-03-28 11:00:00+00:00,2026-03-28 11:00:00+00:00,1,0,benign,,,,pre_april
v2_002014,IJABAL15,2026-03-28 12:00:00+00:00,2026-03-28 12:00:00+00:00,1,0,benign,,,,pre_april
v2_002015,IJABAL15,2026-03-30 16:00:00+00:00,2026-03-30 16:00:00+00:00,1,1,fault,statistical_anomaly,light_uv,statistical_anomaly=uv_high,pre_april
v2_002016,IJABAL15,2026-03-30 21:00:00+00:00,2026-03-30 21:00:00+00:00,1,0,benign,,,,pre_april
v2_002017,IJABAL15,2026-04-01 15:00:00+00:00,2026-04-01 15:00:00+00:00,1,0,benign,,,,april_may
v2_002018,IJABAL15,2026-04-01 16:00:00+00:00,2026-04-01 16:00:00+00:00,1,1,fault,statistical_anomaly,barometer,statistical_anomaly=pressure_trend_hpa,april_may
v2_002019,IJABAL15,2026-04-02 10:00:00+00:00,2026-04-02 11:00:00+00:00,2,0,benign,,,,april_may
v2_002020,IJABAL15,2026-04-04 11:00:00+00:00,2026-04-04 12:00:00+00:00,2,0,benign,,,,april_may
v2_002021,IJABAL15,2026-04-04 16:00:00+00:00,2026-04-04 16:00:00+00:00,1,0,benign,,,,april_may
v2_002022,IJABAL15,2026-04-05 09:00:00+00:00,2026-04-05 09:00:00+00:00,1,0,benign,,,,april_may
v2_002023,IJABAL15,2026-04-05 11:00:00+00:00,2026-04-05 11:00:00+00:00,1,0,borderline_review,,,,april_may
v2_002024,IJABAL15,2026-04-05 13:00:00+00:00,2026-04-05 13:00:00+00:00,1,0,benign,,,,april_may
v2_002025,IJABAL15,2026-04-05 14:00:00+00:00,2026-04-05 14:00:00+00:00,1,0,benign,,,,april_may
v2_002026,IJABAL15,2026-04-05 21:00:00+00:00,2026-04-05 21:00:00+00:00,1,1,fault,statistical_anomaly,barometer,statistical_anomaly=pressure_trend_hpa,april_may
v2_002027,IJABAL15,2026-04-06 10:00:00+00:00,2026-04-06 11:00:00+00:00,2,0,benign,,,,april_may
v2_002028,IJABAL15,2026-04-06 13:00:00+00:00,2026-04-06 13:00:00+00:00,1,0,benign,,,,april_may
v2_002029,IJABAL15,2026-04-07 10:00:00+00:00,2026-04-07 11:00:00+00:00,2,0,benign,,,,april_may
v2_002030,IJABAL15,2026-04-09 10:00:00+00:00,2026-04-09 11:00:00+00:00,2,0,benign,,,,april_may
v2_002031,IJABAL15,2026-04-10 08:00:00+00:00,2026-04-10 08:00:00+00:00,1,0,benign,,,,april_may
v2_002032,IJABAL15,2026-04-10 10:00:00+00:00,2026-04-10 11:00:00+00:00,2,0,benign,,,,april_may
v2_002033,IJABAL15,2026-04-11 08:00:00+00:00,2026-04-11 08:00:00+00:00,1,0,benign,,,,april_may
v2_002034,IJABAL15,2026-04-11 10:00:00+00:00,2026-04-11 11:00:00+00:00,2,0,benign,,,,april_may
v2_002035,IJABAL15,2026-04-11 13:00:00+00:00,2026-04-11 17:00:00+00:00,5,0,benign,,,,april_may
v2_002036,IJABAL15,2026-04-12 08:00:00+00:00,2026-04-12 08:00:00+00:00,1,0,benign,,,,april_may
v2_002037,IJABAL15,2026-04-12 10:00:00+00:00,2026-04-12 13:00:00+00:00,4,0,borderline_review,,,,april_may
v2_002038,IJABAL15,2026-04-14 22:00:00+00:00,2026-04-14 22:00:00+00:00,1,1,fault,statistical_anomaly,barometer,statistical_anomaly=pressure_trend_hpa,april_may
v2_002039,IJABAL15,2026-04-15 09:00:00+00:00,2026-04-15 12:00:00+00:00,4,0,benign,,,,april_may
v2_002040,IJABAL15,2026-04-16 09:00:00+00:00,2026-04-16 12:00:00+00:00,4,1,fault,statistical_anomaly,light_uv,statistical_anomaly=uv_high,april_may
v2_002041,IJABAL15,2026-04-17 10:00:00+00:00,2026-04-17 11:00:00+00:00,2,0,benign,,,,april_may
v2_002042,IJABAL15,2026-04-17 13:00:00+00:00,2026-04-17 13:00:00+00:00,1,0,benign,,,,april_may
v2_002043,IJABAL15,2026-04-18 10:00:00+00:00,2026-04-18 11:00:00+00:00,2,1,fault,statistical_anomaly,light_uv,statistical_anomaly=uv_high,april_may
v2_002044,IJABAL15,2026-04-18 16:00:00+00:00,2026-04-18 16:00:00+00:00,1,1,fault,statistical_anomaly,barometer,statistical_anomaly=pressure_trend_hpa,april_may
v2_002045,IJABAL15,2026-04-19 10:00:00+00:00,2026-04-19 12:00:00+00:00,3,0,benign,,,,april_may
v2_002046,IJABAL15,2026-04-20 10:00:00+00:00,2026-04-20 12:00:00+00:00,3,0,benign,,,,april_may
v2_002047,IJABAL15,2026-04-20 19:00:00+00:00,2026-04-20 19:00:00+00:00,1,0,benign,,,,april_may
v2_002048,IJABAL15,2026-04-21 10:00:00+00:00,2026-04-21 11:00:00+00:00,2,0,benign,,,,april_may
v2_002049,IJABAL15,2026-04-21 18:00:00+00:00,2026-04-21 18:00:00+00:00,1,1,fault,statistical_anomaly,barometer,statistical_anomaly=pressure_trend_hpa,april_may
v2_002050,IJABAL15,2026-04-23 09:00:00+00:00,2026-04-23 09:00:00+00:00,1,1,fault,statistical_anomaly,barometer,statistical_anomaly=pressure_trend_hpa,april_may
v2_002051,IJABAL15,2026-04-23 10:00:00+00:00,2026-04-23 11:00:00+00:00,2,0,benign,,,,april_may
v2_002052,IJABAL15,2026-04-24 10:00:00+00:00,2026-04-24 11:00:00+00:00,2,1,fault,statistical_anomaly,light_uv,statistical_anomaly=uv_high,april_may
v2_002053,IJABAL15,2026-04-25 10:00:00+00:00,2026-04-25 11:00:00+00:00,2,0,benign,,,,april_may
v2_002054,IJABAL15,2026-04-26 10:00:00+00:00,2026-04-26 11:00:00+00:00,2,0,benign,,,,april_may
v2_002055,IJABAL15,2026-04-27 08:00:00+00:00,2026-04-27 08:00:00+00:00,1,0,borderline_review,,,,april_may
v2_002056,IJABAL15,2026-04-27 10:00:00+00:00,2026-04-27 12:00:00+00:00,3,1,fault,statistical_anomaly,light_uv,statistical_anomaly=uv_high,april_may
v2_002057,IJABAL15,2026-04-28 10:00:00+00:00,2026-04-28 11:00:00+00:00,2,0,benign,,,,april_may
v2_002058,IJABAL15,2026-04-28 13:00:00+00:00,2026-04-28 13:00:00+00:00,1,0,benign,,,,april_may
v2_002059,IJABAL15,2026-04-28 19:00:00+00:00,2026-04-28 19:00:00+00:00,1,0,benign,,,,april_may
v2_002060,IJABAL15,2026-04-29 11:00:00+00:00,2026-04-29 11:00:00+00:00,1,0,benign,,,,april_may
v2_002061,IJABAL15,2026-04-30 10:00:00+00:00,2026-04-30 10:00:00+00:00,1,0,borderline_review,,,,april_may
v2_002062,IJABAL15,2026-04-30 11:00:00+00:00,2026-04-30 12:00:00+00:00,2,1,fault,statistical_anomaly,light_uv,statistical_anomaly=uv_high,april_may
v2_002063,IJABAL15,2026-04-30 19:00:00+00:00,2026-04-30 19:00:00+00:00,1,0,benign,,,,april_may
v2_002064,IJABAL15,2026-05-01 20:00:00+00:00,2026-05-01 20:00:00+00:00,1,0,benign,,,,april_may
v2_002065,IJABAL15,2026-05-02 06:00:00+00:00,2026-05-02 06:00:00+00:00,1,0,benign,,,,april_may
v2_002066,IJABAL15,2026-05-02 09:00:00+00:00,2026-05-02 09:00:00+00:00,1,0,benign,,,,april_may
v2_002067,IJABAL15,2026-05-03 09:00:00+00:00,2026-05-03 12:00:00+00:00,4,1,fault,statistical_anomaly,light_uv,statistical_anomaly=uv_high,april_may
v2_002068,IJABAL15,2026-05-06 10:00:00+00:00,2026-05-06 12:00:00+00:00,3,0,benign,,,,april_may
v2_002069,IJABAL15,2026-05-07 10:00:00+00:00,2026-05-07 11:00:00+00:00,2,0,benign,,,,april_may
v2_002070,IJABAL15,2026-05-07 18:00:00+00:00,2026-05-07 18:00:00+00:00,1,0,benign,,,,april_may
v2_002071,IJABAL15,2026-05-08 06:00:00+00:00,2026-05-08 06:00:00+00:00,1,1,fault,statistical_anomaly,barometer,statistical_anomaly=pressure_trend_hpa,april_may
v2_002072,IJABAL15,2026-05-08 09:00:00+00:00,2026-05-08 09:00:00+00:00,1,0,benign,,,,april_may
v2_002073,IJABAL15,2026-05-08 10:00:00+00:00,2026-05-08 12:00:00+00:00,3,0,benign,,,,april_may
v2_002074,IJABAL15,2026-05-09 10:00:00+00:00,2026-05-09 12:00:00+00:00,3,0,benign,,,,april_may
v2_002075,IJABAL15,2026-05-10 10:00:00+00:00,2026-05-10 12:00:00+00:00,3,1,fault,statistical_anomaly,thermo_hygrometer,statistical_anomaly=temp_high_c+temp_low_c,april_may
v2_002076,IJABAL15,2026-05-11 09:00:00+00:00,2026-05-11 12:00:00+00:00,4,1,fault,statistical_anomaly,light_uv,statistical_anomaly=uv_high,april_may
v2_002077,IJABAL15,2026-05-11 22:00:00+00:00,2026-05-11 22:00:00+00:00,1,1,fault,statistical_anomaly,barometer,statistical_anomaly=pressure_trend_hpa,april_may
v2_002078,IJABAL15,2026-05-12 10:00:00+00:00,2026-05-12 11:00:00+00:00,2,0,benign,,,,april_may
v2_002079,IJABAL15,2026-05-12 13:00:00+00:00,2026-05-12 15:00:00+00:00,3,1,fault,statistical_anomaly,thermo_hygrometer,statistical_anomaly=temp_low_c,april_may
v2_002080,IJABAL15,2026-05-13 10:00:00+00:00,2026-05-13 11:00:00+00:00,2,0,benign,,,,april_may
v2_002081,IJABAL15,2026-05-14 09:00:00+00:00,2026-05-14 11:00:00+00:00,3,0,benign,,,,april_may
v2_002082,IJABAL15,2026-05-15 13:00:00+00:00,2026-05-15 13:00:00+00:00,1,0,benign,,,,april_may
v2_002083,IJABAL15,2026-05-16 10:00:00+00:00,2026-05-16 10:00:00+00:00,1,0,benign,,,,april_may
v2_002084,IJABAL15,2026-05-17 05:00:00+00:00,2026-05-17 05:00:00+00:00,1,1,fault,spike_impossible,barometer,spike_impossible=pressure_trend_hpa,april_may
v2_002085,IJABAL15,2026-05-17 09:00:00+00:00,2026-05-17 09:00:00+00:00,1,1,fault,statistical_anomaly,barometer,statistical_anomaly=pressure_trend_hpa,april_may
v2_002086,IJABAL15,2026-05-17 12:00:00+00:00,2026-05-17 12:00:00+00:00,1,0,borderline_review,,,,april_may
v2_002087,IJABAL15,2026-05-17 20:00:00+00:00,2026-05-17 20:00:00+00:00,1,0,benign,,,,april_may
v2_002088,IJABAL15,2026-05-19 10:00:00+00:00,2026-05-19 12:00:00+00:00,3,0,benign,,,,april_may
v2_002089,IJABAL15,2026-05-20 10:00:00+00:00,2026-05-20 12:00:00+00:00,3,0,benign,,,,april_may
v2_002090,IJABAL15,2026-05-21 10:00:00+00:00,2026-05-21 12:00:00+00:00,3,0,benign,,,,april_may
v2_002091,IJABAL15,2026-05-22 10:00:00+00:00,2026-05-22 12:00:00+00:00,3,0,benign,,,,april_may
v2_002092,IJABAL15,2026-05-22 17:00:00+00:00,2026-05-22 17:00:00+00:00,1,0,benign,,,,april_may
v2_002093,IJABAL15,2026-05-23 10:00:00+00:00,2026-05-23 12:00:00+00:00,3,0,benign,,,,april_may
v2_002094,IJABAL15,2026-05-24 10:00:00+00:00,2026-05-24 12:00:00+00:00,3,0,benign,,,,april_may
v2_002095,IJABAL15,2026-05-25 10:00:00+00:00,2026-05-25 12:00:00+00:00,3,0,benign,,,,april_may
v2_002096,IJABAL15,2026-05-26 10:00:00+00:00,2026-05-26 12:00:00+00:00,3,0,benign,,,,april_may
v2_002097,IJABAL15,2026-05-26 18:00:00+00:00,2026-05-26 18:00:00+00:00,1,0,benign,,,,april_may
v2_002098,IJABAL15,2026-05-26 19:00:00+00:00,2026-05-26 20:00:00+00:00,2,0,benign,,,,april_may
v2_002099,IJABAL15,2026-05-27 09:00:00+00:00,2026-05-27 12:00:00+00:00,4,1,fault,statistical_anomaly,light_uv,statistical_anomaly=uv_high,april_may
v2_002100,IJABAL15,2026-05-28 09:00:00+00:00,2026-05-28 12:00:00+00:00,4,1,fault,statistical_anomaly,light_uv,statistical_anomaly=uv_high,april_may
v2_002101,IJABAL15,2026-05-29 09:00:00+00:00,2026-05-29 11:00:00+00:00,3,0,benign,,,,april_may
v2_002102,IJABAL15,2026-05-31 09:00:00+00:00,2026-05-31 12:00:00+00:00,4,1,fault,statistical_anomaly,light_uv,statistical_anomaly=uv_high,april_may
v2_002103,IJABAL15,2026-06-01 09:00:00+00:00,2026-06-01 12:00:00+00:00,4,0,benign,,,,june
v2_002104,IJABAL15,2026-06-02 09:00:00+00:00,2026-06-02 12:00:00+00:00,4,0,benign,,,,june
v2_002105,IJABAL15,2026-06-03 09:00:00+00:00,2026-06-03 12:00:00+00:00,4,0,benign,,,,june
v2_002106,IJABAL15,2026-06-04 09:00:00+00:00,2026-06-04 12:00:00+00:00,4,0,benign,,,,june
v2_002107,IJABAL15,2026-06-04 13:00:00+00:00,2026-06-04 16:00:00+00:00,4,0,benign,,,,june
v2_002108,IJABAL15,2026-06-05 09:00:00+00:00,2026-06-05 12:00:00+00:00,4,1,fault,statistical_anomaly,thermo_hygrometer,statistical_anomaly=temp_high_c,june
v2_002109,IJABAL15,2026-06-06 11:00:00+00:00,2026-06-06 16:00:00+00:00,6,1,fault,statistical_anomaly,thermo_hygrometer,statistical_anomaly=temp_avg_c+temp_high_c+temp_low_c,june
v2_002110,IJABAL15,2026-06-07 10:00:00+00:00,2026-06-07 11:00:00+00:00,2,0,benign,,,,june
v2_002111,IJABAL15,2026-06-07 14:00:00+00:00,2026-06-07 14:00:00+00:00,1,0,benign,,,,june
v2_002112,IJABAL15,2026-06-08 09:00:00+00:00,2026-06-08 12:00:00+00:00,4,0,benign,,,,june
v2_002113,IJABAL15,2026-06-08 15:00:00+00:00,2026-06-08 15:00:00+00:00,1,0,benign,,,,june
v2_002114,IJABAL15,2026-06-09 10:00:00+00:00,2026-06-09 10:00:00+00:00,1,0,benign,,,,june
v2_002115,IJABAL15,2026-06-09 16:00:00+00:00,2026-06-09 16:00:00+00:00,1,0,benign,,,,june
v2_002116,IJABAL15,2026-06-10 12:00:00+00:00,2026-06-10 12:00:00+00:00,1,0,benign,,,,june
v2_002117,IJABAL15,2026-06-11 06:00:00+00:00,2026-06-11 06:00:00+00:00,1,0,benign,,,,june
v2_002118,IJABAL15,2026-06-11 09:00:00+00:00,2026-06-11 14:00:00+00:00,6,0,benign,,,,june
v2_002119,IJABAL15,2026-06-12 09:00:00+00:00,2026-06-12 12:00:00+00:00,4,0,benign,,,,june
v2_002120,IJABAL15,2026-06-13 09:00:00+00:00,2026-06-13 12:00:00+00:00,4,0,benign,,,,june
v2_002121,IJABAL15,2026-06-13 16:00:00+00:00,2026-06-13 16:00:00+00:00,1,0,benign,,,,june
v2_002122,IJABAL15,2026-06-14 09:00:00+00:00,2026-06-14 12:00:00+00:00,4,0,benign,,,,june
v2_002123,IJABAL15,2026-06-15 09:00:00+00:00,2026-06-15 12:00:00+00:00,4,0,benign,,,,june
v2_002124,IJABAL15,2026-06-16 09:00:00+00:00,2026-06-16 12:00:00+00:00,4,0,benign,,,,june
v2_002125,IJABAL15,2026-06-16 16:00:00+00:00,2026-06-16 16:00:00+00:00,1,1,fault,statistical_anomaly,thermo_hygrometer,statistical_anomaly=temp_low_c,june
v2_002126,IJABAL15,2026-06-17 09:00:00+00:00,2026-06-17 12:00:00+00:00,4,0,benign,,,,june
v2_002127,IJABAL15,2026-06-17 14:00:00+00:00,2026-06-17 14:00:00+00:00,1,0,benign,,,,june
v2_002128,IJABAL15,2026-06-18 09:00:00+00:00,2026-06-18 12:00:00+00:00,4,0,benign,,,,june
v2_002129,IJABAL15,2026-06-19 09:00:00+00:00,2026-06-19 12:00:00+00:00,4,0,benign,,,,june
v2_002130,IJABAL15,2026-06-20 09:00:00+00:00,2026-06-20 12:00:00+00:00,4,0,benign,,,,june
v2_002131,IJABAL15,2026-06-21 09:00:00+00:00,2026-06-21 12:00:00+00:00,4,0,benign,,,,june
v2_002132,IJABAL15,2026-06-22 09:00:00+00:00,2026-06-22 10:00:00+00:00,2,0,benign,,,,june
v2_002133,IJABAL15,2026-06-22 12:00:00+00:00,2026-06-22 12:00:00+00:00,1,0,benign,,,,june
v2_002134,IJABAL15,2026-06-23 09:00:00+00:00,2026-06-23 12:00:00+00:00,4,0,benign,,,,june
v2_002135,IJABAL15,2026-06-24 07:00:00+00:00,2026-06-24 07:00:00+00:00,1,0,benign,,,,june
v2_002136,IJABAL15,2026-06-25 09:00:00+00:00,2026-06-25 11:00:00+00:00,3,0,benign,,,,june
v2_002137,IJABAL15,2026-06-26 09:00:00+00:00,2026-06-26 10:00:00+00:00,2,0,benign,,,,june
v2_002138,IJABAL15,2026-06-27 09:00:00+00:00,2026-06-27 12:00:00+00:00,4,1,fault,spike_impossible,barometer,spike_impossible=pressure_trend_hpa,june
v2_002139,IJABAL15,2026-06-28 09:00:00+00:00,2026-06-28 12:00:00+00:00,4,0,benign,,,,june
v2_002140,IJABAL15,2026-06-29 09:00:00+00:00,2026-06-29 12:00:00+00:00,4,0,benign,,,,june
v2_002141,IJABAL15,2026-06-30 09:00:00+00:00,2026-06-30 12:00:00+00:00,4,0,benign,,,,june
v2_002142,IJABAL15,2026-06-30 18:00:00+00:00,2026-06-30 18:00:00+00:00,1,1,fault,statistical_anomaly,barometer,statistical_anomaly=pressure_trend_hpa,june
v2_002143,IJABAL16,2025-10-08 10:00:00+00:00,2025-10-08 10:00:00+00:00,1,0,benign,,,,pre_april
v2_002144,IJABAL16,2025-11-27 04:00:00+00:00,2025-11-28 08:00:00+00:00,29,1,fault,stuck_flatline,anemometer,stuck_flatline=windspeed_avg_kmh,pre_april
v2_002145,IJABAL16,2025-12-02 21:00:00+00:00,2025-12-02 22:00:00+00:00,2,0,benign,,,,pre_april
v2_002146,IJABAL16,2025-12-08 19:00:00+00:00,2025-12-09 22:00:00+00:00,28,1,fault,stuck_flatline,thermo_hygrometer,stuck_flatline=temp_low_c,pre_april
v2_002147,IJABAL16,2025-12-11 00:00:00+00:00,2025-12-12 05:00:00+00:00,30,1,fault,stuck_flatline,anemometer,stuck_flatline=windspeed_avg_kmh,pre_april
v2_002148,IJABAL16,2025-12-19 13:00:00+00:00,2025-12-19 13:00:00+00:00,1,0,benign,,,,pre_april
v2_002149,IJABAL16,2026-01-04 02:00:00+00:00,2026-01-04 02:00:00+00:00,1,1,fault,statistical_anomaly,anemometer,statistical_anomaly=windgust_low_kmh,pre_april
v2_002150,IJABAL16,2026-01-04 23:00:00+00:00,2026-01-04 23:00:00+00:00,1,0,benign,,,,pre_april
v2_002151,IJABAL16,2026-01-08 10:00:00+00:00,2026-01-08 12:00:00+00:00,3,0,benign,,,,pre_april
v2_002152,IJABAL16,2026-01-08 17:00:00+00:00,2026-01-09 03:00:00+00:00,11,0,benign,,,,pre_april
v2_002153,IJABAL16,2026-01-11 19:00:00+00:00,2026-01-11 19:00:00+00:00,1,0,benign,,,,pre_april
v2_002154,IJABAL16,2026-01-14 21:00:00+00:00,2026-01-14 21:00:00+00:00,1,0,benign,,,,pre_april
v2_002155,IJABAL16,2026-01-15 18:00:00+00:00,2026-01-15 21:00:00+00:00,4,0,benign,,,,pre_april
v2_002156,IJABAL16,2026-01-15 23:00:00+00:00,2026-01-15 23:00:00+00:00,1,0,benign,,,,pre_april
v2_002157,IJABAL16,2026-01-18 13:00:00+00:00,2026-01-18 14:00:00+00:00,2,0,benign,,,,pre_april
v2_002158,IJABAL16,2026-01-20 18:00:00+00:00,2026-01-22 04:00:00+00:00,35,0,benign,,,,pre_april
v2_002159,IJABAL16,2026-01-21 19:00:00+00:00,2026-01-21 19:00:00+00:00,1,0,benign,,,,pre_april
v2_002160,IJABAL16,2026-01-21 20:00:00+00:00,2026-01-21 21:00:00+00:00,2,0,benign,,,,pre_april
v2_002161,IJABAL16,2026-01-21 23:00:00+00:00,2026-01-21 23:00:00+00:00,1,0,benign,,,,pre_april
v2_002162,IJABAL16,2026-01-22 02:00:00+00:00,2026-01-22 04:00:00+00:00,3,0,benign,,,,pre_april
v2_002163,IJABAL16,2026-01-22 08:00:00+00:00,2026-01-22 09:00:00+00:00,2,0,benign,,,,pre_april
v2_002164,IJABAL16,2026-01-22 12:00:00+00:00,2026-01-22 19:00:00+00:00,8,0,benign,,,,pre_april
v2_002165,IJABAL16,2026-01-22 21:00:00+00:00,2026-01-22 21:00:00+00:00,1,0,benign,,,,pre_april
v2_002166,IJABAL16,2026-01-23 03:00:00+00:00,2026-01-23 05:00:00+00:00,3,0,benign,,,,pre_april
v2_002167,IJABAL16,2026-01-23 15:00:00+00:00,2026-01-23 15:00:00+00:00,1,0,benign,,,,pre_april
v2_002168,IJABAL16,2026-01-23 16:00:00+00:00,2026-01-23 16:00:00+00:00,1,1,fault,statistical_anomaly,barometer,statistical_anomaly=pressure_trend_hpa,pre_april
v2_002169,IJABAL16,2026-01-28 15:00:00+00:00,2026-01-28 16:00:00+00:00,2,0,benign,,,,pre_april
v2_002170,IJABAL16,2026-01-29 00:00:00+00:00,2026-01-29 00:00:00+00:00,1,0,benign,,,,pre_april
v2_002171,IJABAL16,2026-01-29 05:00:00+00:00,2026-01-29 08:00:00+00:00,4,1,fault,statistical_anomaly,anemometer,statistical_anomaly=windgust_low_kmh,pre_april
v2_002172,IJABAL16,2026-01-29 11:00:00+00:00,2026-01-29 12:00:00+00:00,2,0,benign,,,,pre_april
v2_002173,IJABAL16,2026-01-29 14:00:00+00:00,2026-01-29 14:00:00+00:00,1,0,benign,,,,pre_april
v2_002174,IJABAL16,2026-01-30 07:00:00+00:00,2026-01-30 07:00:00+00:00,1,0,benign,,,,pre_april
v2_002175,IJABAL16,2026-01-30 12:00:00+00:00,2026-01-30 12:00:00+00:00,1,0,benign,,,,pre_april
v2_002176,IJABAL16,2026-02-03 11:00:00+00:00,2026-02-03 11:00:00+00:00,1,1,fault,statistical_anomaly,anemometer,statistical_anomaly=windgust_low_kmh,pre_april
v2_002177,IJABAL16,2026-02-04 11:00:00+00:00,2026-02-04 11:00:00+00:00,1,0,benign,,,,pre_april
v2_002178,IJABAL16,2026-02-04 12:00:00+00:00,2026-02-04 12:00:00+00:00,1,0,benign,,,,pre_april
v2_002179,IJABAL16,2026-02-04 13:00:00+00:00,2026-02-04 14:00:00+00:00,2,0,benign,,,,pre_april
v2_002180,IJABAL16,2026-02-05 10:00:00+00:00,2026-02-05 14:00:00+00:00,5,1,fault,statistical_anomaly,anemometer,statistical_anomaly=windgust_low_kmh,pre_april
v2_002181,IJABAL16,2026-02-05 16:00:00+00:00,2026-02-05 16:00:00+00:00,1,0,benign,,,,pre_april
v2_002182,IJABAL16,2026-02-09 08:00:00+00:00,2026-02-09 08:00:00+00:00,1,0,benign,,,,pre_april
v2_002183,IJABAL16,2026-02-09 12:00:00+00:00,2026-02-09 13:00:00+00:00,2,0,benign,,,,pre_april
v2_002184,IJABAL16,2026-02-10 13:00:00+00:00,2026-02-10 15:00:00+00:00,3,0,benign,,,,pre_april
v2_002185,IJABAL16,2026-02-11 09:00:00+00:00,2026-02-11 09:00:00+00:00,1,0,benign,,,,pre_april
v2_002186,IJABAL16,2026-02-11 11:00:00+00:00,2026-02-11 15:00:00+00:00,5,1,fault,statistical_anomaly,anemometer,statistical_anomaly=windgust_low_kmh,pre_april
v2_002187,IJABAL16,2026-02-12 02:00:00+00:00,2026-02-12 02:00:00+00:00,1,0,benign,,,,pre_april
v2_002188,IJABAL16,2026-02-12 06:00:00+00:00,2026-02-12 09:00:00+00:00,4,1,fault,statistical_anomaly,anemometer,statistical_anomaly=windgust_low_kmh,pre_april
v2_002189,IJABAL16,2026-02-12 11:00:00+00:00,2026-02-12 15:00:00+00:00,5,1,fault,statistical_anomaly,anemometer,statistical_anomaly=windgust_low_kmh+windspeed_avg_kmh,pre_april
v2_002190,IJABAL16,2026-02-12 19:00:00+00:00,2026-02-12 19:00:00+00:00,1,0,benign,,,,pre_april
v2_002191,IJABAL16,2026-02-12 21:00:00+00:00,2026-02-12 21:00:00+00:00,1,0,benign,,,,pre_april
v2_002192,IJABAL16,2026-02-14 06:00:00+00:00,2026-02-14 07:00:00+00:00,2,0,benign,,,,pre_april
v2_002193,IJABAL16,2026-02-14 15:00:00+00:00,2026-02-14 15:00:00+00:00,1,0,benign,,,,pre_april
v2_002194,IJABAL16,2026-02-15 03:00:00+00:00,2026-02-15 03:00:00+00:00,1,0,benign,,,,pre_april
v2_002195,IJABAL16,2026-02-15 07:00:00+00:00,2026-02-15 07:00:00+00:00,1,0,benign,,,,pre_april
v2_002196,IJABAL16,2026-02-15 17:00:00+00:00,2026-02-15 17:00:00+00:00,1,1,fault,statistical_anomaly,barometer,statistical_anomaly=pressure_trend_hpa,pre_april
v2_002197,IJABAL16,2026-03-02 08:00:00+00:00,2026-03-02 08:00:00+00:00,1,0,benign,,,,pre_april
v2_002198,IJABAL16,2026-03-12 10:00:00+00:00,2026-03-12 10:00:00+00:00,1,0,benign,,,,pre_april
v2_002199,IJABAL16,2026-03-16 02:00:00+00:00,2026-03-16 04:00:00+00:00,3,0,benign,,,,pre_april
v2_002200,IJABAL16,2026-03-16 13:00:00+00:00,2026-03-16 19:00:00+00:00,7,1,fault,statistical_anomaly,anemometer,statistical_anomaly=windgust_low_kmh+windspeed_avg_kmh,pre_april
v2_002201,IJABAL16,2026-03-16 20:00:00+00:00,2026-03-16 23:00:00+00:00,4,1,fault,statistical_anomaly,anemometer,statistical_anomaly=windgust_avg_kmh+windspeed_avg_kmh,pre_april
v2_002202,IJABAL16,2026-03-17 00:00:00+00:00,2026-03-17 03:00:00+00:00,4,0,benign,,,,pre_april
v2_002203,IJABAL16,2026-03-17 12:00:00+00:00,2026-03-17 12:00:00+00:00,1,0,benign,,,,pre_april
v2_002204,IJABAL16,2026-03-17 16:00:00+00:00,2026-03-17 16:00:00+00:00,1,0,benign,,,,pre_april
v2_002205,IJABAL16,2026-03-18 05:00:00+00:00,2026-03-18 05:00:00+00:00,1,0,benign,,,,pre_april
v2_002206,IJABAL16,2026-03-18 13:00:00+00:00,2026-03-18 13:00:00+00:00,1,0,borderline_review,,,,pre_april
v2_002207,IJABAL16,2026-03-26 16:00:00+00:00,2026-03-26 16:00:00+00:00,1,0,benign,,,,pre_april
v2_002208,IJABAL16,2026-03-28 00:00:00+00:00,2026-03-28 00:00:00+00:00,1,0,benign,,,,pre_april
v2_002209,IJABAL16,2026-03-28 12:00:00+00:00,2026-03-28 12:00:00+00:00,1,0,borderline_review,,,,pre_april
v2_002210,IJABAL16,2026-03-29 12:00:00+00:00,2026-03-29 12:00:00+00:00,1,0,borderline_review,,,,pre_april
v2_002211,IJABAL16,2026-03-31 01:00:00+00:00,2026-03-31 01:00:00+00:00,1,0,benign,,,,pre_april
v2_002212,IJABAL16,2026-03-31 10:00:00+00:00,2026-03-31 10:00:00+00:00,1,0,benign,,,,pre_april
v2_002213,IJABAL16,2026-04-01 10:00:00+00:00,2026-04-01 10:00:00+00:00,1,0,benign,,,,april_may
v2_002214,IJABAL16,2026-04-01 11:00:00+00:00,2026-04-01 12:00:00+00:00,2,0,benign,,,,april_may
v2_002215,IJABAL16,2026-04-01 18:00:00+00:00,2026-04-01 18:00:00+00:00,1,0,benign,,,,april_may
v2_002216,IJABAL16,2026-04-01 20:00:00+00:00,2026-04-01 20:00:00+00:00,1,0,benign,,,,april_may
v2_002217,IJABAL16,2026-04-01 22:00:00+00:00,2026-04-02 02:00:00+00:00,5,0,benign,,,,april_may
v2_002218,IJABAL16,2026-04-02 10:00:00+00:00,2026-04-02 10:00:00+00:00,1,0,benign,,,,april_may
v2_002219,IJABAL16,2026-04-02 11:00:00+00:00,2026-04-02 11:00:00+00:00,1,0,benign,,,,april_may
v2_002220,IJABAL16,2026-04-02 12:00:00+00:00,2026-04-02 12:00:00+00:00,1,0,benign,,,,april_may
v2_002221,IJABAL16,2026-04-02 13:00:00+00:00,2026-04-02 13:00:00+00:00,1,0,benign,,,,april_may
v2_002222,IJABAL16,2026-04-02 15:00:00+00:00,2026-04-02 15:00:00+00:00,1,0,benign,,,,april_may
v2_002223,IJABAL16,2026-04-02 18:00:00+00:00,2026-04-02 21:00:00+00:00,4,0,benign,,,,april_may
v2_002224,IJABAL16,2026-04-03 12:00:00+00:00,2026-04-03 12:00:00+00:00,1,0,benign,,,,april_may
v2_002225,IJABAL16,2026-04-03 17:00:00+00:00,2026-04-03 17:00:00+00:00,1,1,fault,statistical_anomaly,barometer,statistical_anomaly=pressure_trend_hpa,april_may
v2_002226,IJABAL16,2026-04-04 22:00:00+00:00,2026-04-04 22:00:00+00:00,1,0,benign,,,,april_may
v2_002227,IJABAL16,2026-04-05 11:00:00+00:00,2026-04-05 11:00:00+00:00,1,0,benign,,,,april_may
v2_002228,IJABAL16,2026-04-05 15:00:00+00:00,2026-04-05 15:00:00+00:00,1,0,benign,,,,april_may
v2_002229,IJABAL16,2026-04-07 10:00:00+00:00,2026-04-07 11:00:00+00:00,2,0,benign,,,,april_may
v2_002230,IJABAL16,2026-04-08 10:00:00+00:00,2026-04-08 11:00:00+00:00,2,0,benign,,,,april_may
v2_002231,IJABAL16,2026-04-08 16:00:00+00:00,2026-04-08 16:00:00+00:00,1,0,benign,,,,april_may
v2_002232,IJABAL16,2026-04-09 10:00:00+00:00,2026-04-09 10:00:00+00:00,1,0,benign,,,,april_may
v2_002233,IJABAL16,2026-04-10 10:00:00+00:00,2026-04-10 11:00:00+00:00,2,0,benign,,,,april_may
v2_002234,IJABAL16,2026-04-11 10:00:00+00:00,2026-04-11 11:00:00+00:00,2,0,benign,,,,april_may
v2_002235,IJABAL16,2026-04-11 13:00:00+00:00,2026-04-11 16:00:00+00:00,4,0,benign,,,,april_may
v2_002236,IJABAL16,2026-04-12 05:00:00+00:00,2026-04-12 12:00:00+00:00,8,1,fault,statistical_anomaly,anemometer|barometer,statistical_anomaly=pressure_trend_hpa+windgust_low_kmh+windspeed_avg_kmh,april_may
v2_002237,IJABAL16,2026-04-13 00:00:00+00:00,2026-04-13 00:00:00+00:00,1,0,benign,,,,april_may
v2_002238,IJABAL16,2026-04-15 10:00:00+00:00,2026-04-15 11:00:00+00:00,2,0,benign,,,,april_may
v2_002239,IJABAL16,2026-04-16 12:00:00+00:00,2026-04-16 12:00:00+00:00,1,0,benign,,,,april_may
v2_002240,IJABAL16,2026-04-17 00:00:00+00:00,2026-04-17 02:00:00+00:00,3,0,benign,,,,april_may
v2_002241,IJABAL16,2026-04-17 10:00:00+00:00,2026-04-17 11:00:00+00:00,2,0,benign,,,,april_may
v2_002242,IJABAL16,2026-04-18 10:00:00+00:00,2026-04-18 10:00:00+00:00,1,0,benign,,,,april_may
v2_002243,IJABAL16,2026-04-18 11:00:00+00:00,2026-04-18 11:00:00+00:00,1,0,benign,,,,april_may
v2_002244,IJABAL16,2026-04-18 19:00:00+00:00,2026-04-18 19:00:00+00:00,1,0,benign,,,,april_may
v2_002245,IJABAL16,2026-04-19 10:00:00+00:00,2026-04-19 11:00:00+00:00,2,0,benign,,,,april_may
v2_002246,IJABAL16,2026-04-20 09:00:00+00:00,2026-04-20 09:00:00+00:00,1,0,benign,,,,april_may
v2_002247,IJABAL16,2026-04-20 10:00:00+00:00,2026-04-20 11:00:00+00:00,2,0,benign,,,,april_may
v2_002248,IJABAL16,2026-04-21 10:00:00+00:00,2026-04-21 11:00:00+00:00,2,0,benign,,,,april_may
v2_002249,IJABAL16,2026-04-22 13:00:00+00:00,2026-04-22 13:00:00+00:00,1,0,benign,,,,april_may
v2_002250,IJABAL16,2026-04-22 15:00:00+00:00,2026-04-22 15:00:00+00:00,1,0,benign,,,,april_may
v2_002251,IJABAL16,2026-04-23 10:00:00+00:00,2026-04-23 10:00:00+00:00,1,0,benign,,,,april_may
v2_002252,IJABAL16,2026-04-23 21:00:00+00:00,2026-04-23 21:00:00+00:00,1,0,benign,,,,april_may
v2_002253,IJABAL16,2026-04-24 10:00:00+00:00,2026-04-24 11:00:00+00:00,2,0,benign,,,,april_may
v2_002254,IJABAL16,2026-04-24 16:00:00+00:00,2026-04-24 16:00:00+00:00,1,1,fault,statistical_anomaly,barometer,statistical_anomaly=pressure_trend_hpa,april_may
v2_002255,IJABAL16,2026-04-24 18:00:00+00:00,2026-04-24 18:00:00+00:00,1,0,benign,,,,april_may
v2_002256,IJABAL16,2026-04-24 20:00:00+00:00,2026-04-24 20:00:00+00:00,1,0,benign,,,,april_may
v2_002257,IJABAL16,2026-04-25 10:00:00+00:00,2026-04-25 12:00:00+00:00,3,0,benign,,,,april_may
v2_002258,IJABAL16,2026-04-26 10:00:00+00:00,2026-04-26 11:00:00+00:00,2,0,benign,,,,april_may
v2_002259,IJABAL16,2026-04-26 14:00:00+00:00,2026-04-26 14:00:00+00:00,1,1,fault,statistical_anomaly,barometer,statistical_anomaly=pressure_trend_hpa,april_may
v2_002260,IJABAL16,2026-04-27 08:00:00+00:00,2026-04-27 08:00:00+00:00,1,0,benign,,,,april_may
v2_002261,IJABAL16,2026-04-27 09:00:00+00:00,2026-04-27 11:00:00+00:00,3,0,benign,,,,april_may
v2_002262,IJABAL16,2026-04-27 19:00:00+00:00,2026-04-28 02:00:00+00:00,8,1,fault,statistical_anomaly,anemometer,statistical_anomaly=windgust_low_kmh,april_may
v2_002263,IJABAL16,2026-04-28 10:00:00+00:00,2026-04-28 11:00:00+00:00,2,0,benign,,,,april_may
v2_002264,IJABAL16,2026-04-28 20:00:00+00:00,2026-04-28 20:00:00+00:00,1,0,benign,,,,april_may
v2_002265,IJABAL16,2026-04-28 21:00:00+00:00,2026-04-28 21:00:00+00:00,1,1,fault,statistical_anomaly,barometer,statistical_anomaly=pressure_trend_hpa,april_may
v2_002266,IJABAL16,2026-04-29 11:00:00+00:00,2026-04-29 11:00:00+00:00,1,0,benign,,,,april_may
v2_002267,IJABAL16,2026-04-29 12:00:00+00:00,2026-04-29 12:00:00+00:00,1,0,borderline_review,,,,april_may
v2_002268,IJABAL16,2026-04-30 09:00:00+00:00,2026-04-30 09:00:00+00:00,1,0,benign,,,,april_may
v2_002269,IJABAL16,2026-04-30 11:00:00+00:00,2026-04-30 12:00:00+00:00,2,0,benign,,,,april_may
v2_002270,IJABAL16,2026-04-30 13:00:00+00:00,2026-04-30 13:00:00+00:00,1,0,benign,,,,april_may
v2_002271,IJABAL16,2026-05-01 11:00:00+00:00,2026-05-01 12:00:00+00:00,2,0,borderline_review,,,,april_may
v2_002272,IJABAL16,2026-05-01 15:00:00+00:00,2026-05-01 15:00:00+00:00,1,0,benign,,,,april_may
v2_002273,IJABAL16,2026-05-01 17:00:00+00:00,2026-05-01 17:00:00+00:00,1,0,benign,,,,april_may
v2_002274,IJABAL16,2026-05-02 02:00:00+00:00,2026-05-02 03:00:00+00:00,2,0,benign,,,,april_may
v2_002275,IJABAL16,2026-05-03 09:00:00+00:00,2026-05-03 12:00:00+00:00,4,0,benign,,,,april_may
v2_002276,IJABAL16,2026-05-03 13:00:00+00:00,2026-05-03 13:00:00+00:00,1,0,benign,,,,april_may
v2_002277,IJABAL16,2026-05-04 09:00:00+00:00,2026-05-04 12:00:00+00:00,4,0,benign,,,,april_may
v2_002278,IJABAL16,2026-05-04 13:00:00+00:00,2026-05-04 13:00:00+00:00,1,0,benign,,,,april_may
v2_002279,IJABAL16,2026-05-04 23:00:00+00:00,2026-05-04 23:00:00+00:00,1,0,benign,,,,april_may
v2_002280,IJABAL16,2026-05-05 09:00:00+00:00,2026-05-05 12:00:00+00:00,4,0,benign,,,,april_may
v2_002281,IJABAL16,2026-05-05 13:00:00+00:00,2026-05-05 13:00:00+00:00,1,0,benign,,,,april_may
v2_002282,IJABAL16,2026-05-05 21:00:00+00:00,2026-05-05 21:00:00+00:00,1,0,benign,,,,april_may
v2_002283,IJABAL16,2026-05-05 23:00:00+00:00,2026-05-06 00:00:00+00:00,2,0,benign,,,,april_may
v2_002284,IJABAL16,2026-05-06 02:00:00+00:00,2026-05-06 02:00:00+00:00,1,0,benign,,,,april_may
v2_002285,IJABAL16,2026-05-06 08:00:00+00:00,2026-05-06 08:00:00+00:00,1,0,benign,,,,april_may
v2_002286,IJABAL16,2026-05-06 09:00:00+00:00,2026-05-06 16:00:00+00:00,8,1,fault,statistical_anomaly,anemometer,statistical_anomaly=windgust_avg_kmh+windgust_low_kmh,april_may
v2_002287,IJABAL16,2026-05-07 10:00:00+00:00,2026-05-07 11:00:00+00:00,2,0,benign,,,,april_may
v2_002288,IJABAL16,2026-05-07 13:00:00+00:00,2026-05-07 13:00:00+00:00,1,0,borderline_review,,,,april_may
v2_002289,IJABAL16,2026-05-08 10:00:00+00:00,2026-05-08 12:00:00+00:00,3,0,benign,,,,april_may
v2_002290,IJABAL16,2026-05-08 13:00:00+00:00,2026-05-08 13:00:00+00:00,1,0,benign,,,,april_may
v2_002291,IJABAL16,2026-05-09 10:00:00+00:00,2026-05-09 11:00:00+00:00,2,0,benign,,,,april_may
v2_002292,IJABAL16,2026-05-09 13:00:00+00:00,2026-05-09 16:00:00+00:00,4,1,fault,statistical_anomaly,thermo_hygrometer,statistical_anomaly=temp_high_c,april_may
v2_002293,IJABAL16,2026-05-10 10:00:00+00:00,2026-05-10 10:00:00+00:00,1,0,benign,,,,april_may
v2_002294,IJABAL16,2026-05-10 12:00:00+00:00,2026-05-10 12:00:00+00:00,1,0,benign,,,,april_may
v2_002295,IJABAL16,2026-05-10 13:00:00+00:00,2026-05-10 13:00:00+00:00,1,0,benign,,,,april_may
v2_002296,IJABAL16,2026-05-11 09:00:00+00:00,2026-05-11 12:00:00+00:00,4,0,benign,,,,april_may
v2_002297,IJABAL16,2026-05-11 13:00:00+00:00,2026-05-11 13:00:00+00:00,1,0,benign,,,,april_may
v2_002298,IJABAL16,2026-05-11 16:00:00+00:00,2026-05-11 16:00:00+00:00,1,0,benign,,,,april_may
v2_002299,IJABAL16,2026-05-12 09:00:00+00:00,2026-05-12 13:00:00+00:00,5,1,fault,statistical_anomaly,thermo_hygrometer,statistical_anomaly=temp_low_c,april_may
v2_002300,IJABAL16,2026-05-13 05:00:00+00:00,2026-05-13 05:00:00+00:00,1,1,fault,statistical_anomaly,barometer,statistical_anomaly=pressure_trend_hpa,april_may
v2_002301,IJABAL16,2026-05-13 11:00:00+00:00,2026-05-13 11:00:00+00:00,1,0,benign,,,,april_may
v2_002302,IJABAL16,2026-05-14 09:00:00+00:00,2026-05-14 11:00:00+00:00,3,0,benign,,,,april_may
v2_002303,IJABAL16,2026-05-14 13:00:00+00:00,2026-05-14 13:00:00+00:00,1,0,benign,,,,april_may
v2_002304,IJABAL16,2026-05-14 21:00:00+00:00,2026-05-14 21:00:00+00:00,1,1,fault,statistical_anomaly,barometer,statistical_anomaly=pressure_trend_hpa,april_may
v2_002305,IJABAL16,2026-05-14 23:00:00+00:00,2026-05-14 23:00:00+00:00,1,0,benign,,,,april_may
v2_002306,IJABAL16,2026-05-15 12:00:00+00:00,2026-05-15 12:00:00+00:00,1,0,borderline_review,,,,april_may
v2_002307,IJABAL16,2026-05-16 04:00:00+00:00,2026-05-16 04:00:00+00:00,1,1,fault,statistical_anomaly,barometer,statistical_anomaly=pressure_trend_hpa,april_may
v2_002308,IJABAL16,2026-05-16 13:00:00+00:00,2026-05-16 13:00:00+00:00,1,0,benign,,,,april_may
v2_002309,IJABAL16,2026-05-16 22:00:00+00:00,2026-05-16 22:00:00+00:00,1,1,fault,statistical_anomaly,barometer,statistical_anomaly=pressure_trend_hpa,april_may
v2_002310,IJABAL16,2026-05-17 04:00:00+00:00,2026-05-17 05:00:00+00:00,2,1,fault,statistical_anomaly,barometer,statistical_anomaly=pressure_trend_hpa,april_may
v2_002311,IJABAL16,2026-05-17 09:00:00+00:00,2026-05-17 09:00:00+00:00,1,0,benign,,,,april_may
v2_002312,IJABAL16,2026-05-17 12:00:00+00:00,2026-05-17 14:00:00+00:00,3,1,fault,statistical_anomaly,barometer,statistical_anomaly=pressure_trend_hpa,april_may
v2_002313,IJABAL16,2026-05-18 05:00:00+00:00,2026-05-18 05:00:00+00:00,1,1,fault,statistical_anomaly,barometer,statistical_anomaly=pressure_trend_hpa,april_may
v2_002314,IJABAL16,2026-05-21 10:00:00+00:00,2026-05-21 11:00:00+00:00,2,0,benign,,,,april_may
v2_002315,IJABAL16,2026-05-21 13:00:00+00:00,2026-05-21 13:00:00+00:00,1,0,benign,,,,april_may
v2_002316,IJABAL16,2026-05-22 10:00:00+00:00,2026-05-22 12:00:00+00:00,3,0,benign,,,,april_may
v2_002317,IJABAL16,2026-05-22 13:00:00+00:00,2026-05-22 13:00:00+00:00,1,0,borderline_review,,,,april_may
v2_002318,IJABAL16,2026-05-23 10:00:00+00:00,2026-05-23 11:00:00+00:00,2,0,benign,,,,april_may
v2_002319,IJABAL16,2026-05-23 13:00:00+00:00,2026-05-23 13:00:00+00:00,1,0,benign,,,,april_may
v2_002320,IJABAL16,2026-05-24 10:00:00+00:00,2026-05-24 11:00:00+00:00,2,0,benign,,,,april_may
v2_002321,IJABAL16,2026-05-24 13:00:00+00:00,2026-05-24 13:00:00+00:00,1,0,benign,,,,april_may
v2_002322,IJABAL16,2026-05-25 10:00:00+00:00,2026-05-25 11:00:00+00:00,2,0,benign,,,,april_may
v2_002323,IJABAL16,2026-05-26 10:00:00+00:00,2026-05-26 11:00:00+00:00,2,0,benign,,,,april_may
v2_002324,IJABAL16,2026-05-26 13:00:00+00:00,2026-05-26 13:00:00+00:00,1,0,borderline_review,,,,april_may
v2_002325,IJABAL16,2026-05-27 10:00:00+00:00,2026-05-27 12:00:00+00:00,3,0,benign,,,,april_may
v2_002326,IJABAL16,2026-05-27 13:00:00+00:00,2026-05-27 13:00:00+00:00,1,0,benign,,,,april_may
v2_002327,IJABAL16,2026-05-28 10:00:00+00:00,2026-05-28 12:00:00+00:00,3,0,benign,,,,april_may
v2_002328,IJABAL16,2026-05-28 13:00:00+00:00,2026-05-28 13:00:00+00:00,1,0,benign,,,,april_may
v2_002329,IJABAL16,2026-05-28 21:00:00+00:00,2026-05-28 21:00:00+00:00,1,0,benign,,,,april_may
v2_002330,IJABAL16,2026-05-29 10:00:00+00:00,2026-05-29 12:00:00+00:00,3,0,benign,,,,april_may
v2_002331,IJABAL16,2026-05-30 10:00:00+00:00,2026-05-30 12:00:00+00:00,3,0,benign,,,,april_may
v2_002332,IJABAL16,2026-05-31 10:00:00+00:00,2026-05-31 11:00:00+00:00,2,0,benign,,,,april_may
v2_002333,IJABAL16,2026-05-31 13:00:00+00:00,2026-05-31 13:00:00+00:00,1,0,benign,,,,april_may
v2_002334,IJABAL16,2026-06-01 10:00:00+00:00,2026-06-01 11:00:00+00:00,2,0,benign,,,,june
v2_002335,IJABAL16,2026-06-01 13:00:00+00:00,2026-06-01 13:00:00+00:00,1,0,benign,,,,june
v2_002336,IJABAL16,2026-06-02 03:00:00+00:00,2026-06-02 03:00:00+00:00,1,1,fault,spike_impossible,barometer,spike_impossible=pressure_trend_hpa,june
v2_002337,IJABAL16,2026-06-02 12:00:00+00:00,2026-06-02 12:00:00+00:00,1,1,fault,statistical_anomaly,barometer,statistical_anomaly=pressure_trend_hpa,june
v2_002338,IJABAL16,2026-06-03 10:00:00+00:00,2026-06-03 11:00:00+00:00,2,0,benign,,,,june
v2_002339,IJABAL16,2026-06-03 21:00:00+00:00,2026-06-03 21:00:00+00:00,1,1,fault,statistical_anomaly,barometer,statistical_anomaly=pressure_trend_hpa,june
v2_002340,IJABAL16,2026-06-04 10:00:00+00:00,2026-06-04 13:00:00+00:00,4,1,fault,spike_impossible,barometer,spike_impossible=pressure_trend_hpa,june
v2_002341,IJABAL16,2026-06-04 15:00:00+00:00,2026-06-04 15:00:00+00:00,1,0,benign,,,,june
v2_002342,IJABAL16,2026-06-05 10:00:00+00:00,2026-06-05 12:00:00+00:00,3,0,benign,,,,june
v2_002343,IJABAL16,2026-06-06 10:00:00+00:00,2026-06-06 11:00:00+00:00,2,0,benign,,,,june
v2_002344,IJABAL16,2026-06-06 13:00:00+00:00,2026-06-06 15:00:00+00:00,3,1,fault,statistical_anomaly,thermo_hygrometer,statistical_anomaly=temp_high_c,june
v2_002345,IJABAL16,2026-06-07 10:00:00+00:00,2026-06-07 10:00:00+00:00,1,0,benign,,,,june
v2_002346,IJABAL16,2026-06-07 13:00:00+00:00,2026-06-07 16:00:00+00:00,4,1,fault,statistical_anomaly,thermo_hygrometer,statistical_anomaly=temp_avg_c+temp_high_c,june
v2_002347,IJABAL16,2026-06-09 06:00:00+00:00,2026-06-09 06:00:00+00:00,1,1,fault,statistical_anomaly,barometer,statistical_anomaly=pressure_trend_hpa,june
v2_002348,IJABAL16,2026-06-11 10:00:00+00:00,2026-06-11 12:00:00+00:00,3,0,benign,,,,june
v2_002349,IJABAL16,2026-06-12 06:00:00+00:00,2026-06-12 06:00:00+00:00,1,0,benign,,,,june
v2_002350,IJABAL16,2026-06-12 10:00:00+00:00,2026-06-12 12:00:00+00:00,3,0,benign,,,,june
v2_002351,IJABAL16,2026-06-12 13:00:00+00:00,2026-06-12 13:00:00+00:00,1,0,benign,,,,june
v2_002352,IJABAL16,2026-06-13 10:00:00+00:00,2026-06-13 12:00:00+00:00,3,0,benign,,,,june
v2_002353,IJABAL16,2026-06-14 10:00:00+00:00,2026-06-14 11:00:00+00:00,2,0,benign,,,,june
v2_002354,IJABAL16,2026-06-14 13:00:00+00:00,2026-06-14 13:00:00+00:00,1,0,benign,,,,june
v2_002355,IJABAL16,2026-06-15 12:00:00+00:00,2026-06-15 13:00:00+00:00,2,1,fault,statistical_anomaly,barometer,statistical_anomaly=pressure_trend_hpa,june
v2_002356,IJABAL16,2026-06-16 10:00:00+00:00,2026-06-16 15:00:00+00:00,6,1,fault,statistical_anomaly,thermo_hygrometer,statistical_anomaly=temp_high_c,june
v2_002357,IJABAL16,2026-06-17 11:00:00+00:00,2026-06-17 11:00:00+00:00,1,0,benign,,,,june
v2_002358,IJABAL16,2026-06-17 13:00:00+00:00,2026-06-17 13:00:00+00:00,1,0,benign,,,,june
v2_002359,IJABAL16,2026-06-18 10:00:00+00:00,2026-06-18 12:00:00+00:00,3,0,benign,,,,june
v2_002360,IJABAL16,2026-06-18 13:00:00+00:00,2026-06-18 13:00:00+00:00,1,0,benign,,,,june
v2_002361,IJABAL16,2026-06-19 10:00:00+00:00,2026-06-19 11:00:00+00:00,2,0,benign,,,,june
v2_002362,IJABAL16,2026-06-19 13:00:00+00:00,2026-06-19 13:00:00+00:00,1,0,benign,,,,june
v2_002363,IJABAL16,2026-06-20 10:00:00+00:00,2026-06-20 11:00:00+00:00,2,0,benign,,,,june
v2_002364,IJABAL16,2026-06-20 13:00:00+00:00,2026-06-20 13:00:00+00:00,1,0,benign,,,,june
v2_002365,IJABAL16,2026-06-20 15:00:00+00:00,2026-06-20 15:00:00+00:00,1,1,fault,spike_impossible,barometer,spike_impossible=pressure_trend_hpa,june
v2_002366,IJABAL16,2026-06-21 10:00:00+00:00,2026-06-21 11:00:00+00:00,2,0,benign,,,,june
v2_002367,IJABAL16,2026-06-22 10:00:00+00:00,2026-06-22 11:00:00+00:00,2,0,benign,,,,june
v2_002368,IJABAL16,2026-06-23 10:00:00+00:00,2026-06-23 11:00:00+00:00,2,0,benign,,,,june
v2_002369,IJABAL16,2026-06-23 13:00:00+00:00,2026-06-23 13:00:00+00:00,1,0,benign,,,,june
v2_002370,IJABAL16,2026-06-24 10:00:00+00:00,2026-06-24 11:00:00+00:00,2,0,benign,,,,june
v2_002371,IJABAL16,2026-06-25 10:00:00+00:00,2026-06-25 12:00:00+00:00,3,0,benign,,,,june
v2_002372,IJABAL16,2026-06-26 13:00:00+00:00,2026-06-26 13:00:00+00:00,1,0,benign,,,,june
v2_002373,IJABAL16,2026-06-29 06:00:00+00:00,2026-06-29 06:00:00+00:00,1,1,fault,spike_impossible,barometer,spike_impossible=pressure_trend_hpa,june
v2_002374,IJABAL16,2026-06-29 11:00:00+00:00,2026-06-29 11:00:00+00:00,1,0,benign,,,,june
v2_002375,IJABAL16,2026-06-30 13:00:00+00:00,2026-06-30 13:00:00+00:00,1,0,benign,,,,june
v2_002376,IJANZO2,2025-10-10 14:00:00+00:00,2025-10-10 14:00:00+00:00,1,0,benign,,,,pre_april
v2_002377,IJANZO2,2025-10-11 13:00:00+00:00,2025-10-11 16:00:00+00:00,4,0,benign,,,,pre_april
v2_002378,IJANZO2,2025-10-12 13:00:00+00:00,2025-10-12 13:00:00+00:00,1,0,benign,,,,pre_april
v2_002379,IJANZO2,2025-10-17 12:00:00+00:00,2025-10-17 16:00:00+00:00,5,0,benign,,,,pre_april
v2_002380,IJANZO2,2025-10-19 11:00:00+00:00,2025-10-21 22:00:00+00:00,60,1,fault,stuck_flatline,anemometer,stuck_flatline=windspeed_avg_kmh,pre_april
v2_002381,IJANZO2,2025-10-20 06:00:00+00:00,2025-10-20 06:00:00+00:00,1,1,fault,stuck_flatline,anemometer,stuck_flatline=windspeed_avg_kmh,pre_april
v2_002382,IJANZO2,2025-10-23 17:00:00+00:00,2025-10-25 08:00:00+00:00,40,1,fault,stuck_flatline,anemometer,stuck_flatline=windspeed_avg_kmh,pre_april
v2_002383,IJANZO2,2025-10-26 11:00:00+00:00,2025-10-26 12:00:00+00:00,2,0,benign,,,,pre_april
v2_002384,IJANZO2,2025-10-30 11:00:00+00:00,2025-11-02 12:00:00+00:00,74,1,fault,stuck_flatline,anemometer,stuck_flatline=windgust_avg_kmh+windspeed_avg_kmh,pre_april
v2_002385,IJANZO2,2025-11-01 11:00:00+00:00,2025-11-02 12:00:00+00:00,26,1,fault,stuck_flatline,anemometer,stuck_flatline=windgust_avg_kmh+windspeed_avg_kmh,pre_april
v2_002386,IJANZO2,2025-11-04 14:00:00+00:00,2025-11-05 14:00:00+00:00,25,1,fault,stuck_flatline,anemometer,stuck_flatline=windspeed_avg_kmh,pre_april
v2_002387,IJANZO2,2025-11-09 10:00:00+00:00,2025-11-09 10:00:00+00:00,1,0,benign,,,,pre_april
v2_002388,IJANZO2,2025-11-10 09:00:00+00:00,2025-11-12 16:00:00+00:00,56,1,fault,stuck_flatline,anemometer,stuck_flatline=windspeed_avg_kmh,pre_april
v2_002389,IJANZO2,2025-11-14 23:00:00+00:00,2025-11-16 23:00:00+00:00,49,1,fault,stuck_flatline,anemometer,stuck_flatline=windspeed_avg_kmh,pre_april
v2_002390,IJANZO2,2025-11-19 11:00:00+00:00,2025-11-19 14:00:00+00:00,4,0,benign,,,,pre_april
v2_002391,IJANZO2,2025-11-24 06:00:00+00:00,2025-11-24 06:00:00+00:00,1,0,benign,,,,pre_april
v2_002392,IJANZO2,2025-11-27 19:00:00+00:00,2025-11-28 22:00:00+00:00,28,1,fault,stuck_flatline,anemometer,stuck_flatline=windspeed_avg_kmh,pre_april
v2_002393,IJANZO2,2025-11-28 07:00:00+00:00,2025-11-28 13:00:00+00:00,7,1,fault,stuck_flatline,anemometer,stuck_flatline=windspeed_avg_kmh,pre_april
v2_002394,IJANZO2,2025-11-28 18:00:00+00:00,2025-11-28 19:00:00+00:00,2,1,fault,stuck_flatline,anemometer,stuck_flatline=windspeed_avg_kmh,pre_april
v2_002395,IJANZO2,2025-11-30 07:00:00+00:00,2025-11-30 07:00:00+00:00,1,0,benign,,,,pre_april
v2_002396,IJANZO2,2025-11-30 13:00:00+00:00,2025-12-03 03:00:00+00:00,63,1,fault,stuck_flatline,anemometer,stuck_flatline=windspeed_avg_kmh,pre_april
v2_002397,IJANZO2,2025-12-04 08:00:00+00:00,2025-12-04 08:00:00+00:00,1,0,benign,,,,pre_april
v2_002398,IJANZO2,2025-12-04 18:00:00+00:00,2025-12-04 19:00:00+00:00,2,0,benign,,,,pre_april
v2_002399,IJANZO2,2025-12-04 21:00:00+00:00,2025-12-04 21:00:00+00:00,1,0,benign,,,,pre_april
v2_002400,IJANZO2,2025-12-05 08:00:00+00:00,2025-12-05 11:00:00+00:00,4,0,benign,,,,pre_april
v2_002401,IJANZO2,2025-12-05 13:00:00+00:00,2025-12-05 13:00:00+00:00,1,0,benign,,,,pre_april
v2_002402,IJANZO2,2025-12-05 23:00:00+00:00,2025-12-05 23:00:00+00:00,1,0,benign,,,,pre_april
v2_002403,IJANZO2,2025-12-08 10:00:00+00:00,2025-12-12 12:00:00+00:00,99,1,fault,stuck_flatline,anemometer,stuck_flatline=windspeed_avg_kmh,pre_april
v2_002404,IJANZO2,2025-12-10 02:00:00+00:00,2025-12-10 05:00:00+00:00,4,1,fault,stuck_flatline,anemometer,stuck_flatline=windspeed_avg_kmh,pre_april
v2_002405,IJANZO2,2025-12-13 17:00:00+00:00,2025-12-16 12:00:00+00:00,68,1,fault,stuck_flatline,anemometer,stuck_flatline=windgust_avg_kmh+windspeed_avg_kmh+windspeed_high_kmh,pre_april
v2_002406,IJANZO2,2025-12-14 06:00:00+00:00,2025-12-16 03:00:00+00:00,46,1,fault,stuck_flatline,anemometer,stuck_flatline=windgust_avg_kmh+windspeed_avg_kmh+windspeed_high_kmh,pre_april
v2_002407,IJANZO2,2025-12-16 05:00:00+00:00,2025-12-16 05:00:00+00:00,1,1,fault,stuck_flatline,anemometer,stuck_flatline=windspeed_avg_kmh,pre_april
v2_002408,IJANZO2,2025-12-16 14:00:00+00:00,2025-12-17 13:00:00+00:00,24,1,fault,stuck_flatline,anemometer,stuck_flatline=windspeed_avg_kmh,pre_april
v2_002409,IJANZO2,2025-12-18 11:00:00+00:00,2025-12-19 10:00:00+00:00,24,1,fault,stuck_flatline,anemometer,stuck_flatline=windspeed_avg_kmh,pre_april
v2_002410,IJANZO2,2025-12-22 16:00:00+00:00,2025-12-24 00:00:00+00:00,33,1,fault,stuck_flatline,anemometer,stuck_flatline=windspeed_avg_kmh,pre_april
v2_002411,IJANZO2,2025-12-24 17:00:00+00:00,2025-12-27 05:00:00+00:00,61,1,fault,stuck_flatline,anemometer,stuck_flatline=windspeed_avg_kmh,pre_april
v2_002412,IJANZO2,2025-12-29 19:00:00+00:00,2025-12-29 19:00:00+00:00,1,0,benign,,,,pre_april
v2_002413,IJANZO2,2025-12-30 05:00:00+00:00,2025-12-30 07:00:00+00:00,3,0,benign,,,,pre_april
v2_002414,IJANZO2,2025-12-31 06:00:00+00:00,2025-12-31 06:00:00+00:00,1,0,benign,,,,pre_april
v2_002415,IJANZO2,2025-12-31 20:00:00+00:00,2025-12-31 20:00:00+00:00,1,0,benign,,,,pre_april
v2_002416,IJANZO2,2025-12-31 23:00:00+00:00,2025-12-31 23:00:00+00:00,1,0,benign,,,,pre_april
v2_002417,IJANZO2,2026-01-02 05:00:00+00:00,2026-01-02 05:00:00+00:00,1,0,benign,,,,pre_april
v2_002418,IJANZO2,2026-01-05 10:00:00+00:00,2026-01-05 13:00:00+00:00,4,0,benign,,,,pre_april
v2_002419,IJANZO2,2026-01-06 14:00:00+00:00,2026-01-06 14:00:00+00:00,1,0,benign,,,,pre_april
v2_002420,IJANZO2,2026-01-08 02:00:00+00:00,2026-01-08 03:00:00+00:00,2,0,benign,,,,pre_april
v2_002421,IJANZO2,2026-01-08 19:00:00+00:00,2026-01-09 03:00:00+00:00,9,0,borderline_review,,,,pre_april
v2_002422,IJANZO2,2026-01-09 03:00:00+00:00,2026-01-09 03:00:00+00:00,1,0,benign,,,,pre_april
v2_002423,IJANZO2,2026-01-09 05:00:00+00:00,2026-01-09 07:00:00+00:00,3,0,benign,,,,pre_april
v2_002424,IJANZO2,2026-01-10 04:00:00+00:00,2026-01-10 07:00:00+00:00,4,0,borderline_review,,,,pre_april
v2_002425,IJANZO2,2026-01-10 09:00:00+00:00,2026-01-10 10:00:00+00:00,2,0,benign,,,,pre_april
v2_002426,IJANZO2,2026-01-11 06:00:00+00:00,2026-01-11 06:00:00+00:00,1,0,benign,,,,pre_april
v2_002427,IJANZO2,2026-01-12 20:00:00+00:00,2026-01-12 23:00:00+00:00,4,0,borderline_review,,,,pre_april
v2_002428,IJANZO2,2026-01-13 11:00:00+00:00,2026-01-13 11:00:00+00:00,1,0,borderline_review,,,,pre_april
v2_002429,IJANZO2,2026-01-15 16:00:00+00:00,2026-01-16 21:00:00+00:00,30,1,fault,stuck_flatline,anemometer,stuck_flatline=windspeed_avg_kmh,pre_april
v2_002430,IJANZO2,2026-01-17 08:00:00+00:00,2026-01-18 21:00:00+00:00,38,1,fault,stuck_flatline,anemometer,stuck_flatline=windspeed_avg_kmh,pre_april
v2_002431,IJANZO2,2026-01-18 01:00:00+00:00,2026-01-18 01:00:00+00:00,1,1,fault,stuck_flatline,anemometer,stuck_flatline=windspeed_avg_kmh,pre_april
v2_002432,IJANZO2,2026-01-19 06:00:00+00:00,2026-01-20 05:00:00+00:00,24,1,fault,stuck_flatline,anemometer,stuck_flatline=windspeed_avg_kmh,pre_april
v2_002433,IJANZO2,2026-01-20 12:00:00+00:00,2026-01-20 15:00:00+00:00,4,0,benign,,,,pre_april
v2_002434,IJANZO2,2026-01-20 23:00:00+00:00,2026-01-20 23:00:00+00:00,1,0,benign,,,,pre_april
v2_002435,IJANZO2,2026-01-21 09:00:00+00:00,2026-01-21 13:00:00+00:00,5,0,benign,,,,pre_april
v2_002436,IJANZO2,2026-01-21 21:00:00+00:00,2026-01-21 23:00:00+00:00,3,0,benign,,,,pre_april
v2_002437,IJANZO2,2026-01-22 13:00:00+00:00,2026-01-22 13:00:00+00:00,1,0,benign,,,,pre_april
v2_002438,IJANZO2,2026-01-22 15:00:00+00:00,2026-01-22 16:00:00+00:00,2,0,benign,,,,pre_april
v2_002439,IJANZO2,2026-01-22 21:00:00+00:00,2026-01-22 22:00:00+00:00,2,0,benign,,,,pre_april
v2_002440,IJANZO2,2026-01-23 01:00:00+00:00,2026-01-23 01:00:00+00:00,1,0,benign,,,,pre_april
v2_002441,IJANZO2,2026-01-23 03:00:00+00:00,2026-01-23 03:00:00+00:00,1,0,benign,,,,pre_april
v2_002442,IJANZO2,2026-01-24 12:00:00+00:00,2026-01-24 17:00:00+00:00,6,1,fault,statistical_anomaly,thermo_hygrometer,statistical_anomaly=humidity_avg_pct+humidity_high_pct,pre_april
v2_002443,IJANZO2,2026-01-25 10:00:00+00:00,2026-01-25 13:00:00+00:00,4,0,benign,,,,pre_april
v2_002444,IJANZO2,2026-01-25 18:00:00+00:00,2026-01-25 18:00:00+00:00,1,0,benign,,,,pre_april
v2_002445,IJANZO2,2026-01-25 19:00:00+00:00,2026-01-25 20:00:00+00:00,2,0,benign,,,,pre_april
v2_002446,IJANZO2,2026-01-26 07:00:00+00:00,2026-01-26 12:00:00+00:00,6,0,benign,,,,pre_april
v2_002447,IJANZO2,2026-01-27 00:00:00+00:00,2026-01-31 02:00:00+00:00,99,1,fault,stuck_flatline,anemometer,stuck_flatline=windgust_avg_kmh+windgust_high_kmh+windspeed_avg_kmh+windspeed_high_kmh,pre_april
v2_002448,IJANZO2,2026-02-03 23:00:00+00:00,2026-02-07 02:00:00+00:00,76,1,fault,stuck_flatline,anemometer,stuck_flatline=windgust_avg_kmh+windgust_high_kmh+windspeed_avg_kmh+windspeed_high_kmh,pre_april
v2_002449,IJANZO2,2026-02-04 08:00:00+00:00,2026-02-07 02:00:00+00:00,67,1,fault,stuck_flatline,anemometer,stuck_flatline=windgust_avg_kmh+windgust_high_kmh+windspeed_avg_kmh+windspeed_high_kmh,pre_april
v2_002450,IJANZO2,2026-02-16 01:00:00+00:00,2026-02-16 01:00:00+00:00,1,1,fault,statistical_anomaly,barometer,statistical_anomaly=pressure_trend_hpa,pre_april
v2_002451,IJANZO2,2026-02-28 08:00:00+00:00,2026-02-28 08:00:00+00:00,1,0,benign,,,,pre_april
v2_002452,IJANZO2,2026-03-01 19:00:00+00:00,2026-03-03 14:00:00+00:00,44,1,fault,stuck_flatline,anemometer,stuck_flatline=windgust_avg_kmh+windspeed_avg_kmh,pre_april
v2_002453,IJANZO2,2026-03-04 02:00:00+00:00,2026-03-05 12:00:00+00:00,35,1,fault,statistical_anomaly|stuck_flatline,anemometer|thermo_hygrometer,statistical_anomaly=humidity_high_pct|stuck_flatline=windspeed_avg_kmh+windspeed_high_kmh,pre_april
v2_002454,IJANZO2,2026-03-04 11:00:00+00:00,2026-03-05 17:00:00+00:00,31,1,fault,statistical_anomaly|stuck_flatline,anemometer|thermo_hygrometer,statistical_anomaly=humidity_high_pct|stuck_flatline=windspeed_avg_kmh+windspeed_high_kmh,pre_april
v2_002455,IJANZO2,2026-03-06 05:00:00+00:00,2026-03-06 05:00:00+00:00,1,0,benign,,,,pre_april
v2_002456,IJANZO2,2026-03-07 12:00:00+00:00,2026-03-07 14:00:00+00:00,3,0,benign,,,,pre_april
v2_002457,IJANZO2,2026-03-09 15:00:00+00:00,2026-03-09 15:00:00+00:00,1,0,benign,,,,pre_april
v2_002458,IJANZO2,2026-03-10 11:00:00+00:00,2026-03-10 17:00:00+00:00,7,0,benign,,,,pre_april
v2_002459,IJANZO2,2026-03-11 12:00:00+00:00,2026-03-11 16:00:00+00:00,5,0,benign,,,,pre_april
v2_002460,IJANZO2,2026-03-11 18:00:00+00:00,2026-03-11 18:00:00+00:00,1,0,benign,,,,pre_april
v2_002461,IJANZO2,2026-03-12 11:00:00+00:00,2026-03-12 18:00:00+00:00,8,0,benign,,,,pre_april
v2_002462,IJANZO2,2026-03-15 10:00:00+00:00,2026-03-15 12:00:00+00:00,3,0,benign,,,,pre_april
v2_002463,IJANZO2,2026-03-16 02:00:00+00:00,2026-03-16 02:00:00+00:00,1,0,benign,,,,pre_april
v2_002464,IJANZO2,2026-03-16 04:00:00+00:00,2026-03-16 23:00:00+00:00,20,1,fault,stuck_flatline,anemometer,stuck_flatline=windgust_avg_kmh+windgust_high_kmh+windspeed_avg_kmh+windspeed_high_kmh,pre_april
v2_002465,IJANZO2,2026-03-16 17:00:00+00:00,2026-04-07 11:00:00+00:00,523,1,fault,statistical_anomaly|stuck_flatline,anemometer|light_uv,statistical_anomaly=uv_high|stuck_flatline=windgust_avg_kmh+windgust_high_kmh+windspeed_avg_kmh+windspeed_high_kmh,pre_april
v2_002466,IJANZO2,2026-03-18 03:00:00+00:00,2026-03-18 03:00:00+00:00,1,1,fault,stuck_flatline,anemometer,stuck_flatline=windgust_avg_kmh+windgust_high_kmh+windspeed_avg_kmh+windspeed_high_kmh,pre_april
v2_002467,IJANZO2,2026-03-21 10:00:00+00:00,2026-03-21 10:00:00+00:00,1,1,fault,stuck_flatline,anemometer,stuck_flatline=windgust_avg_kmh+windgust_high_kmh+windspeed_avg_kmh+windspeed_high_kmh,pre_april
v2_002468,IJANZO2,2026-03-24 02:00:00+00:00,2026-04-07 11:00:00+00:00,346,1,fault,statistical_anomaly|stuck_flatline,anemometer|light_uv,statistical_anomaly=uv_high|stuck_flatline=windgust_avg_kmh+windgust_high_kmh+windspeed_avg_kmh+windspeed_high_kmh,pre_april
v2_002469,IJANZO2,2026-04-02 01:00:00+00:00,2026-04-02 01:00:00+00:00,1,1,fault,stuck_flatline,anemometer,stuck_flatline=windgust_avg_kmh+windgust_high_kmh+windspeed_avg_kmh+windspeed_high_kmh,april_may
v2_002470,IJANZO2,2026-04-04 10:00:00+00:00,2026-04-04 12:00:00+00:00,3,1,fault,statistical_anomaly|stuck_flatline,anemometer|light_uv,statistical_anomaly=uv_high|stuck_flatline=windgust_avg_kmh+windgust_high_kmh+windspeed_avg_kmh+windspeed_high_kmh,april_may
v2_002471,IJANZO2,2026-04-05 05:00:00+00:00,2026-04-05 06:00:00+00:00,2,1,fault,stuck_flatline,anemometer,stuck_flatline=windgust_avg_kmh+windgust_high_kmh+windspeed_avg_kmh+windspeed_high_kmh,april_may
v2_002472,IJANZO2,2026-04-07 13:00:00+00:00,2026-04-11 12:00:00+00:00,96,1,fault,stuck_flatline,anemometer,stuck_flatline=windgust_avg_kmh+windgust_high_kmh+windspeed_avg_kmh+windspeed_high_kmh,april_may
v2_002473,IJANZO2,2026-04-11 10:00:00+00:00,2026-04-11 10:00:00+00:00,1,1,fault,stuck_flatline,anemometer,stuck_flatline=windgust_avg_kmh+windgust_high_kmh+windspeed_avg_kmh+windspeed_high_kmh,april_may
v2_002474,IJANZO2,2026-04-12 01:00:00+00:00,2026-04-14 02:00:00+00:00,50,1,fault,spike_impossible|statistical_anomaly|stuck_flatline,anemometer|barometer|thermo_hygrometer,spike_impossible=pressure_trend_hpa|statistical_anomaly=humidity_high_pct|stuck_flatline=windgust_avg_kmh+windgust_high_kmh+windspeed_avg_kmh+windspeed_high_kmh,april_may
v2_002475,IJANZO2,2026-04-12 08:00:00+00:00,2026-04-12 12:00:00+00:00,5,1,fault,statistical_anomaly|stuck_flatline,anemometer|thermo_hygrometer,statistical_anomaly=humidity_high_pct|stuck_flatline=windgust_avg_kmh+windgust_high_kmh+windspeed_avg_kmh+windspeed_high_kmh,april_may
v2_002476,IJANZO2,2026-04-14 02:00:00+00:00,2026-04-14 02:00:00+00:00,1,1,fault,spike_impossible|stuck_flatline,anemometer|barometer,spike_impossible=pressure_trend_hpa|stuck_flatline=windgust_avg_kmh+windgust_high_kmh+windspeed_avg_kmh+windspeed_high_kmh,april_may
v2_002477,IJANZO2,2026-04-14 12:00:00+00:00,2026-04-18 12:00:00+00:00,97,1,fault,statistical_anomaly|stuck_flatline,anemometer|light_uv,statistical_anomaly=uv_high|stuck_flatline=windgust_avg_kmh+windgust_high_kmh+windspeed_avg_kmh+windspeed_high_kmh,april_may
v2_002478,IJANZO2,2026-04-16 11:00:00+00:00,2026-04-16 12:00:00+00:00,2,1,fault,statistical_anomaly|stuck_flatline,anemometer|light_uv,statistical_anomaly=uv_high|stuck_flatline=windgust_avg_kmh+windgust_high_kmh+windspeed_avg_kmh+windspeed_high_kmh,april_may
v2_002479,IJANZO2,2026-04-17 11:00:00+00:00,2026-04-17 11:00:00+00:00,1,1,fault,statistical_anomaly|stuck_flatline,anemometer|light_uv,statistical_anomaly=uv_high|stuck_flatline=windgust_avg_kmh+windgust_high_kmh+windspeed_avg_kmh+windspeed_high_kmh,april_may
v2_002480,IJANZO2,2026-04-18 11:00:00+00:00,2026-04-18 11:00:00+00:00,1,1,fault,statistical_anomaly|stuck_flatline,anemometer|light_uv,statistical_anomaly=uv_high|stuck_flatline=windgust_avg_kmh+windgust_high_kmh+windspeed_avg_kmh+windspeed_high_kmh,april_may
v2_002481,IJANZO2,2026-04-18 21:00:00+00:00,2026-04-20 13:00:00+00:00,41,1,fault,spike_impossible|statistical_anomaly|stuck_flatline,anemometer|barometer|light_uv,spike_impossible=pressure_trend_hpa|statistical_anomaly=uv_high|stuck_flatline=windgust_avg_kmh+windgust_high_kmh+windspeed_avg_kmh+windspeed_high_kmh,april_may
v2_002482,IJANZO2,2026-04-19 11:00:00+00:00,2026-04-19 11:00:00+00:00,1,1,fault,statistical_anomaly|stuck_flatline,anemometer|light_uv,statistical_anomaly=uv_high|stuck_flatline=windgust_avg_kmh+windgust_high_kmh+windspeed_avg_kmh+windspeed_high_kmh,april_may
v2_002483,IJANZO2,2026-04-20 11:00:00+00:00,2026-04-20 11:00:00+00:00,1,1,fault,statistical_anomaly|stuck_flatline,anemometer|light_uv,statistical_anomaly=uv_high|stuck_flatline=windgust_avg_kmh+windgust_high_kmh+windspeed_avg_kmh+windspeed_high_kmh,april_may
v2_002484,IJANZO2,2026-04-20 13:00:00+00:00,2026-04-20 13:00:00+00:00,1,1,fault,spike_impossible|stuck_flatline,anemometer|barometer,spike_impossible=pressure_trend_hpa|stuck_flatline=windgust_avg_kmh+windgust_high_kmh+windspeed_avg_kmh+windspeed_high_kmh,april_may
v2_002485,IJANZO2,2026-04-21 01:00:00+00:00,2026-05-08 14:00:00+00:00,422,1,fault,statistical_anomaly|stuck_flatline,anemometer|light_uv|thermo_hygrometer,statistical_anomaly=humidity_avg_pct+humidity_high_pct+temp_avg_c+temp_high_c+uv_high|stuck_flatline=windgust_avg_kmh+windgust_high_kmh+windspeed_avg_kmh+windspeed_high_kmh,april_may
v2_002486,IJANZO2,2026-04-22 02:00:00+00:00,2026-04-22 02:00:00+00:00,1,1,fault,statistical_anomaly|stuck_flatline,anemometer|light_uv,statistical_anomaly=uv_high|stuck_flatline=windgust_avg_kmh+windgust_high_kmh+windspeed_avg_kmh+windspeed_high_kmh,april_may
v2_002487,IJANZO2,2026-04-24 11:00:00+00:00,2026-04-24 11:00:00+00:00,1,1,fault,statistical_anomaly|stuck_flatline,anemometer|light_uv,statistical_anomaly=uv_high|stuck_flatline=windgust_avg_kmh+windgust_high_kmh+windspeed_avg_kmh+windspeed_high_kmh,april_may
v2_002488,IJANZO2,2026-04-26 11:00:00+00:00,2026-04-26 11:00:00+00:00,1,1,fault,statistical_anomaly|stuck_flatline,anemometer|light_uv,statistical_anomaly=uv_high|stuck_flatline=windgust_avg_kmh+windgust_high_kmh+windspeed_avg_kmh+windspeed_high_kmh,april_may
v2_002489,IJANZO2,2026-04-27 10:00:00+00:00,2026-04-27 11:00:00+00:00,2,1,fault,statistical_anomaly|stuck_flatline,anemometer|light_uv,statistical_anomaly=uv_high|stuck_flatline=windgust_avg_kmh+windgust_high_kmh+windspeed_avg_kmh+windspeed_high_kmh,april_may
v2_002490,IJANZO2,2026-04-30 10:00:00+00:00,2026-04-30 11:00:00+00:00,2,1,fault,statistical_anomaly|stuck_flatline,anemometer|light_uv,statistical_anomaly=uv_high|stuck_flatline=windgust_avg_kmh+windgust_high_kmh+windspeed_avg_kmh+windspeed_high_kmh,april_may
v2_002491,IJANZO2,2026-05-01 10:00:00+00:00,2026-05-01 10:00:00+00:00,1,1,fault,statistical_anomaly|stuck_flatline,anemometer|light_uv,statistical_anomaly=uv_high|stuck_flatline=windgust_avg_kmh+windgust_high_kmh+windspeed_avg_kmh+windspeed_high_kmh,april_may
v2_002492,IJANZO2,2026-05-02 10:00:00+00:00,2026-05-02 12:00:00+00:00,3,1,fault,statistical_anomaly|stuck_flatline,anemometer|light_uv,statistical_anomaly=uv_high|stuck_flatline=windgust_avg_kmh+windgust_high_kmh+windspeed_avg_kmh+windspeed_high_kmh,april_may
v2_002493,IJANZO2,2026-05-02 22:00:00+00:00,2026-05-02 22:00:00+00:00,1,1,fault,statistical_anomaly|stuck_flatline,anemometer|thermo_hygrometer,statistical_anomaly=humidity_high_pct|stuck_flatline=windgust_avg_kmh+windgust_high_kmh+windspeed_avg_kmh+windspeed_high_kmh,april_may
v2_002494,IJANZO2,2026-05-03 10:00:00+00:00,2026-05-03 12:00:00+00:00,3,1,fault,statistical_anomaly|stuck_flatline,anemometer|light_uv,statistical_anomaly=uv_high|stuck_flatline=windgust_avg_kmh+windgust_high_kmh+windspeed_avg_kmh+windspeed_high_kmh,april_may
v2_002495,IJANZO2,2026-05-04 10:00:00+00:00,2026-05-04 12:00:00+00:00,3,1,fault,statistical_anomaly|stuck_flatline,anemometer|light_uv,statistical_anomaly=uv_high|stuck_flatline=windgust_avg_kmh+windgust_high_kmh+windspeed_avg_kmh+windspeed_high_kmh,april_may
v2_002496,IJANZO2,2026-05-05 10:00:00+00:00,2026-05-05 12:00:00+00:00,3,1,fault,statistical_anomaly|stuck_flatline,anemometer|light_uv,statistical_anomaly=uv_high|stuck_flatline=windgust_avg_kmh+windgust_high_kmh+windspeed_avg_kmh+windspeed_high_kmh,april_may
v2_002497,IJANZO2,2026-05-06 08:00:00+00:00,2026-05-06 18:00:00+00:00,11,1,fault,statistical_anomaly|stuck_flatline,anemometer|thermo_hygrometer,statistical_anomaly=humidity_avg_pct+humidity_high_pct+temp_avg_c|stuck_flatline=windgust_avg_kmh+windgust_high_kmh+windspeed_avg_kmh+windspeed_high_kmh,april_may
v2_002498,IJANZO2,2026-05-07 11:00:00+00:00,2026-05-07 12:00:00+00:00,2,1,fault,statistical_anomaly|stuck_flatline,anemometer|light_uv,statistical_anomaly=uv_high|stuck_flatline=windgust_avg_kmh+windgust_high_kmh+windspeed_avg_kmh+windspeed_high_kmh,april_may
v2_002499,IJANZO2,2026-05-07 20:00:00+00:00,2026-05-07 20:00:00+00:00,1,1,fault,stuck_flatline,anemometer,stuck_flatline=windgust_avg_kmh+windgust_high_kmh+windspeed_avg_kmh+windspeed_high_kmh,april_may
v2_002500,IJANZO2,2026-05-08 09:00:00+00:00,2026-05-08 11:00:00+00:00,3,1,fault,statistical_anomaly|stuck_flatline,anemometer|light_uv|thermo_hygrometer,statistical_anomaly=temp_high_c+uv_high|stuck_flatline=windgust_avg_kmh+windgust_high_kmh+windspeed_avg_kmh+windspeed_high_kmh,april_may
v2_002501,IJANZO2,2026-05-11 13:00:00+00:00,2026-05-12 16:00:00+00:00,28,1,fault,stuck_flatline,anemometer,stuck_flatline=windgust_avg_kmh+windgust_high_kmh+windspeed_avg_kmh+windspeed_high_kmh,april_may
v2_002502,IJANZO2,2026-05-12 08:00:00+00:00,2026-05-12 09:00:00+00:00,2,1,fault,stuck_flatline,anemometer,stuck_flatline=windgust_avg_kmh+windgust_high_kmh+windspeed_avg_kmh+windspeed_high_kmh,april_may
v2_002503,IJANZO2,2026-05-13 03:00:00+00:00,2026-06-03 11:00:00+00:00,513,1,fault,spike_impossible|statistical_anomaly|stuck_flatline,anemometer|barometer|light_uv|thermo_hygrometer,spike_impossible=pressure_trend_hpa|statistical_anomaly=pressure_trend_hpa+temp_avg_c+temp_high_c+temp_low_c+uv_high|stuck_flatline=windgust_avg_kmh+windgust_high_kmh+windspeed_avg_kmh+windspeed_high_kmh,april_may
v2_002504,IJANZO2,2026-05-14 11:00:00+00:00,2026-05-14 11:00:00+00:00,1,1,fault,statistical_anomaly|stuck_flatline,anemometer|light_uv,statistical_anomaly=uv_high|stuck_flatline=windgust_avg_kmh+windgust_high_kmh+windspeed_avg_kmh+windspeed_high_kmh,april_may
v2_002505,IJANZO2,2026-05-15 11:00:00+00:00,2026-05-15 13:00:00+00:00,3,1,fault,statistical_anomaly|stuck_flatline,anemometer|thermo_hygrometer,statistical_anomaly=temp_avg_c+temp_high_c+temp_low_c|stuck_flatline=windgust_avg_kmh+windgust_high_kmh+windspeed_avg_kmh+windspeed_high_kmh,april_may
v2_002506,IJANZO2,2026-05-16 01:00:00+00:00,2026-05-16 01:00:00+00:00,1,1,fault,stuck_flatline,anemometer,stuck_flatline=windgust_avg_kmh+windgust_high_kmh+windspeed_avg_kmh+windspeed_high_kmh,april_may
v2_002507,IJANZO2,2026-05-16 09:00:00+00:00,2026-05-16 09:00:00+00:00,1,1,fault,stuck_flatline,anemometer,stuck_flatline=windgust_avg_kmh+windgust_high_kmh+windspeed_avg_kmh+windspeed_high_kmh,april_may
v2_002508,IJANZO2,2026-05-17 01:00:00+00:00,2026-05-17 02:00:00+00:00,2,1,fault,statistical_anomaly|stuck_flatline,anemometer|barometer,statistical_anomaly=pressure_trend_hpa|stuck_flatline=windgust_avg_kmh+windgust_high_kmh+windspeed_avg_kmh+windspeed_high_kmh,april_may
v2_002509,IJANZO2,2026-05-17 05:00:00+00:00,2026-05-17 05:00:00+00:00,1,1,fault,spike_impossible|stuck_flatline,anemometer|barometer,spike_impossible=pressure_trend_hpa|stuck_flatline=windgust_avg_kmh+windgust_high_kmh+windspeed_avg_kmh+windspeed_high_kmh,april_may
v2_002510,IJANZO2,2026-05-17 08:00:00+00:00,2026-05-17 09:00:00+00:00,2,1,fault,stuck_flatline,anemometer,stuck_flatline=windgust_avg_kmh+windgust_high_kmh+windspeed_avg_kmh+windspeed_high_kmh,april_may
v2_002511,IJANZO2,2026-05-17 11:00:00+00:00,2026-05-17 13:00:00+00:00,3,1,fault,stuck_flatline,anemometer,stuck_flatline=windgust_avg_kmh+windgust_high_kmh+windspeed_avg_kmh+windspeed_high_kmh,april_may
v2_002512,IJANZO2,2026-05-18 21:00:00+00:00,2026-05-18 21:00:00+00:00,1,1,fault,stuck_flatline,anemometer,stuck_flatline=windgust_avg_kmh+windgust_high_kmh+windspeed_avg_kmh+windspeed_high_kmh,april_may
v2_002513,IJANZO2,2026-05-19 06:00:00+00:00,2026-06-03 11:00:00+00:00,366,1,fault,statistical_anomaly|stuck_flatline,anemometer|light_uv|thermo_hygrometer,statistical_anomaly=temp_avg_c+temp_low_c+uv_high|stuck_flatline=windgust_avg_kmh+windgust_high_kmh+windspeed_avg_kmh+windspeed_high_kmh,april_may
v2_002514,IJANZO2,2026-05-20 18:00:00+00:00,2026-05-20 18:00:00+00:00,1,1,fault,stuck_flatline,anemometer,stuck_flatline=windgust_avg_kmh+windgust_high_kmh+windspeed_avg_kmh+windspeed_high_kmh,april_may
v2_002515,IJANZO2,2026-05-27 11:00:00+00:00,2026-05-27 12:00:00+00:00,2,1,fault,statistical_anomaly|stuck_flatline,anemometer|light_uv,statistical_anomaly=uv_high|stuck_flatline=windgust_avg_kmh+windgust_high_kmh+windspeed_avg_kmh+windspeed_high_kmh,april_may
v2_002516,IJANZO2,2026-05-28 12:00:00+00:00,2026-05-28 12:00:00+00:00,1,1,fault,statistical_anomaly|stuck_flatline,anemometer|light_uv,statistical_anomaly=uv_high|stuck_flatline=windgust_avg_kmh+windgust_high_kmh+windspeed_avg_kmh+windspeed_high_kmh,april_may
v2_002517,IJANZO2,2026-05-29 16:00:00+00:00,2026-05-29 16:00:00+00:00,1,1,fault,stuck_flatline,anemometer,stuck_flatline=windgust_avg_kmh+windgust_high_kmh+windspeed_avg_kmh+windspeed_high_kmh,april_may
v2_002518,IJANZO2,2026-05-30 09:00:00+00:00,2026-05-30 09:00:00+00:00,1,1,fault,stuck_flatline,anemometer,stuck_flatline=windgust_avg_kmh+windgust_high_kmh+windspeed_avg_kmh+windspeed_high_kmh,april_may
v2_002519,IJANZO2,2026-06-03 10:00:00+00:00,2026-06-03 11:00:00+00:00,2,1,fault,statistical_anomaly|stuck_flatline,anemometer|light_uv|thermo_hygrometer,statistical_anomaly=temp_avg_c+temp_low_c+uv_high|stuck_flatline=windgust_avg_kmh+windgust_high_kmh+windspeed_avg_kmh+windspeed_high_kmh,june
v2_002520,IJANZO2,2026-06-03 13:00:00+00:00,2026-06-05 13:00:00+00:00,49,1,fault,spike_impossible|statistical_anomaly|stuck_flatline,anemometer|barometer|thermo_hygrometer,spike_impossible=pressure_trend_hpa|statistical_anomaly=temp_low_c|stuck_flatline=windgust_avg_kmh+windgust_high_kmh+windspeed_avg_kmh+windspeed_high_kmh,june
v2_002521,IJANZO2,2026-06-05 22:00:00+00:00,2026-06-07 09:00:00+00:00,36,1,fault,stuck_flatline,anemometer,stuck_flatline=windgust_avg_kmh+windgust_high_kmh+windspeed_avg_kmh+windspeed_high_kmh,june
v2_002522,IJANZO2,2026-06-09 11:00:00+00:00,2026-06-11 12:00:00+00:00,50,1,fault,stuck_flatline,anemometer,stuck_flatline=windgust_avg_kmh+windgust_high_kmh+windspeed_avg_kmh+windspeed_high_kmh,june
v2_002523,IJANZO2,2026-06-11 07:00:00+00:00,2026-06-11 07:00:00+00:00,1,1,fault,stuck_flatline,anemometer,stuck_flatline=windgust_avg_kmh+windgust_high_kmh+windspeed_avg_kmh+windspeed_high_kmh,june
v2_002524,IJANZO2,2026-06-11 15:00:00+00:00,2026-06-14 12:00:00+00:00,70,1,fault,stuck_flatline,anemometer,stuck_flatline=windgust_avg_kmh+windgust_high_kmh+windspeed_avg_kmh+windspeed_high_kmh,june
v2_002525,IJANZO2,2026-06-14 15:00:00+00:00,2026-06-16 21:00:00+00:00,55,1,fault,stuck_flatline,anemometer,stuck_flatline=windgust_avg_kmh+windgust_high_kmh+windspeed_avg_kmh+windspeed_high_kmh,june
v2_002526,IJANZO2,2026-06-16 03:00:00+00:00,2026-06-16 03:00:00+00:00,1,1,fault,stuck_flatline,anemometer,stuck_flatline=windgust_avg_kmh+windgust_high_kmh+windspeed_avg_kmh+windspeed_high_kmh,june
v2_002527,IJANZO2,2026-06-18 13:00:00+00:00,2026-06-22 17:00:00+00:00,101,1,fault,stuck_flatline,anemometer,stuck_flatline=windgust_avg_kmh+windgust_high_kmh+windspeed_avg_kmh+windspeed_high_kmh,june
v2_002528,IJANZO2,2026-06-24 13:00:00+00:00,2026-06-25 15:00:00+00:00,27,1,fault,stuck_flatline,anemometer,stuck_flatline=windgust_avg_kmh+windgust_high_kmh+windspeed_avg_kmh+windspeed_high_kmh,june
v2_002529,IJANZO2,2026-06-25 03:00:00+00:00,2026-06-25 03:00:00+00:00,1,1,fault,stuck_flatline,anemometer,stuck_flatline=windgust_avg_kmh+windgust_high_kmh+windspeed_avg_kmh+windspeed_high_kmh,june
v2_002530,IJANZO2,2026-06-25 14:00:00+00:00,2026-06-25 14:00:00+00:00,1,1,fault,stuck_flatline,anemometer,stuck_flatline=windgust_avg_kmh+windgust_high_kmh+windspeed_avg_kmh+windspeed_high_kmh,june
v2_002531,IJANZO2,2026-06-25 18:00:00+00:00,2026-06-28 14:00:00+00:00,69,1,fault,stuck_flatline,anemometer,stuck_flatline=windgust_avg_kmh+windgust_high_kmh+windspeed_avg_kmh+windspeed_high_kmh,june
v2_002532,IJANZO2,2026-06-28 17:00:00+00:00,2026-06-30 09:00:00+00:00,41,1,fault,spike_impossible|stuck_flatline,anemometer|barometer,spike_impossible=pressure_trend_hpa|stuck_flatline=windgust_avg_kmh+windgust_high_kmh+windspeed_avg_kmh+windspeed_high_kmh,june
v2_002533,IJANZO2,2026-06-29 02:00:00+00:00,2026-06-29 04:00:00+00:00,3,1,fault,stuck_flatline,anemometer,stuck_flatline=windgust_avg_kmh+windgust_high_kmh+windspeed_avg_kmh+windspeed_high_kmh,june
v2_002534,IJANZO2,2026-06-30 09:00:00+00:00,2026-06-30 09:00:00+00:00,1,1,fault,spike_impossible|stuck_flatline,anemometer|barometer,spike_impossible=pressure_trend_hpa|stuck_flatline=windgust_avg_kmh+windgust_high_kmh+windspeed_avg_kmh+windspeed_high_kmh,june
v2_002535,IJANZO3,2025-10-08 19:00:00+00:00,2025-10-08 19:00:00+00:00,1,0,benign,,,,pre_april
v2_002536,IJANZO3,2025-10-09 12:00:00+00:00,2025-10-09 14:00:00+00:00,3,0,benign,,,,pre_april
v2_002537,IJANZO3,2025-10-10 12:00:00+00:00,2025-10-10 12:00:00+00:00,1,0,benign,,,,pre_april
v2_002538,IJANZO3,2025-10-14 12:00:00+00:00,2025-10-14 12:00:00+00:00,1,0,benign,,,,pre_april
v2_002539,IJANZO3,2025-10-15 15:00:00+00:00,2025-10-15 15:00:00+00:00,1,0,benign,,,,pre_april
v2_002540,IJANZO3,2025-10-19 10:00:00+00:00,2025-10-19 10:00:00+00:00,1,0,benign,,,,pre_april
v2_002541,IJANZO3,2025-10-20 06:00:00+00:00,2025-10-20 06:00:00+00:00,1,0,benign,,,,pre_april
v2_002542,IJANZO3,2025-10-21 17:00:00+00:00,2025-10-21 17:00:00+00:00,1,0,benign,,,,pre_april
v2_002543,IJANZO3,2025-10-24 18:00:00+00:00,2025-10-24 18:00:00+00:00,1,0,benign,,,,pre_april
v2_002544,IJANZO3,2025-10-25 13:00:00+00:00,2025-10-25 13:00:00+00:00,1,0,benign,,,,pre_april
v2_002545,IJANZO3,2025-10-25 15:00:00+00:00,2025-10-25 16:00:00+00:00,2,0,benign,,,,pre_april
v2_002546,IJANZO3,2025-10-26 11:00:00+00:00,2025-10-26 15:00:00+00:00,5,1,fault,statistical_anomaly,thermo_hygrometer,statistical_anomaly=temp_avg_c+temp_high_c+temp_low_c,pre_april
v2_002547,IJANZO3,2025-10-28 01:00:00+00:00,2025-10-28 01:00:00+00:00,1,0,benign,,,,pre_april
v2_002548,IJANZO3,2025-10-28 05:00:00+00:00,2025-10-28 07:00:00+00:00,3,0,benign,,,,pre_april
v2_002549,IJANZO3,2025-10-28 12:00:00+00:00,2025-10-28 12:00:00+00:00,1,0,benign,,,,pre_april
v2_002550,IJANZO3,2025-10-30 06:00:00+00:00,2025-10-30 06:00:00+00:00,1,0,benign,,,,pre_april
v2_002551,IJANZO3,2025-11-04 09:00:00+00:00,2025-11-04 09:00:00+00:00,1,0,benign,,,,pre_april
v2_002552,IJANZO3,2025-11-16 15:00:00+00:00,2025-11-16 15:00:00+00:00,1,0,benign,,,,pre_april
v2_002553,IJANZO3,2025-11-18 00:00:00+00:00,2025-11-18 00:00:00+00:00,1,0,benign,,,,pre_april
v2_002554,IJANZO3,2025-11-18 14:00:00+00:00,2025-11-18 15:00:00+00:00,2,0,benign,,,,pre_april
v2_002555,IJANZO3,2025-11-19 11:00:00+00:00,2025-11-19 11:00:00+00:00,1,0,benign,,,,pre_april
v2_002556,IJANZO3,2025-12-03 15:00:00+00:00,2025-12-03 15:00:00+00:00,1,0,benign,,,,pre_april
v2_002557,IJANZO3,2025-12-05 23:00:00+00:00,2025-12-05 23:00:00+00:00,1,0,benign,,,,pre_april
v2_002558,IJANZO3,2025-12-06 03:00:00+00:00,2025-12-06 04:00:00+00:00,2,0,benign,,,,pre_april
v2_002559,IJANZO3,2025-12-12 12:00:00+00:00,2025-12-12 13:00:00+00:00,2,0,benign,,,,pre_april
v2_002560,IJANZO3,2026-01-09 04:00:00+00:00,2026-01-09 07:00:00+00:00,4,0,benign,,,,pre_april
v2_002561,IJANZO3,2026-01-10 04:00:00+00:00,2026-01-10 05:00:00+00:00,2,0,benign,,,,pre_april
v2_002562,IJANZO3,2026-01-20 15:00:00+00:00,2026-01-20 15:00:00+00:00,1,0,benign,,,,pre_april
v2_002563,IJANZO3,2026-01-23 01:00:00+00:00,2026-01-23 01:00:00+00:00,1,0,benign,,,,pre_april
v2_002564,IJANZO3,2026-01-24 12:00:00+00:00,2026-01-24 16:00:00+00:00,5,1,fault,statistical_anomaly,thermo_hygrometer,statistical_anomaly=humidity_high_pct,pre_april
v2_002565,IJANZO3,2026-01-25 14:00:00+00:00,2026-01-25 14:00:00+00:00,1,0,benign,,,,pre_april
v2_002566,IJANZO3,2026-01-26 13:00:00+00:00,2026-01-26 15:00:00+00:00,3,0,benign,,,,pre_april
v2_002567,IJANZO3,2026-01-26 19:00:00+00:00,2026-01-26 21:00:00+00:00,3,1,fault,statistical_anomaly,anemometer,statistical_anomaly=windgust_high_kmh,pre_april
v2_002568,IJANZO3,2026-01-29 02:00:00+00:00,2026-01-29 02:00:00+00:00,1,0,benign,,,,pre_april
v2_002569,IJANZO3,2026-01-31 12:00:00+00:00,2026-01-31 12:00:00+00:00,1,0,benign,,,,pre_april
v2_002570,IJANZO3,2026-01-31 15:00:00+00:00,2026-01-31 22:00:00+00:00,8,1,fault,statistical_anomaly,anemometer,statistical_anomaly=windgust_avg_kmh+windgust_high_kmh,pre_april
v2_002571,IJANZO3,2026-02-01 06:00:00+00:00,2026-02-01 06:00:00+00:00,1,0,benign,,,,pre_april
v2_002572,IJANZO3,2026-02-01 08:00:00+00:00,2026-02-01 12:00:00+00:00,5,1,fault,statistical_anomaly,anemometer,statistical_anomaly=windgust_avg_kmh,pre_april
v2_002573,IJANZO3,2026-02-01 13:00:00+00:00,2026-02-01 13:00:00+00:00,1,0,benign,,,,pre_april
v2_002574,IJANZO3,2026-02-06 19:00:00+00:00,2026-02-06 19:00:00+00:00,1,0,benign,,,,pre_april
v2_002575,IJANZO3,2026-02-07 20:00:00+00:00,2026-02-07 20:00:00+00:00,1,0,benign,,,,pre_april
v2_002576,IJANZO3,2026-02-07 23:00:00+00:00,2026-02-07 23:00:00+00:00,1,0,benign,,,,pre_april
v2_002577,IJANZO3,2026-02-09 11:00:00+00:00,2026-02-09 11:00:00+00:00,1,0,benign,,,,pre_april
v2_002578,IJANZO3,2026-02-12 11:00:00+00:00,2026-02-12 11:00:00+00:00,1,0,benign,,,,pre_april
v2_002579,IJANZO3,2026-02-12 12:00:00+00:00,2026-02-12 13:00:00+00:00,2,0,benign,,,,pre_april
v2_002580,IJANZO3,2026-02-12 19:00:00+00:00,2026-02-12 19:00:00+00:00,1,0,benign,,,,pre_april
v2_002581,IJANZO3,2026-02-12 20:00:00+00:00,2026-02-12 20:00:00+00:00,1,0,benign,,,,pre_april
v2_002582,IJANZO3,2026-02-15 11:00:00+00:00,2026-02-15 13:00:00+00:00,3,0,benign,,,,pre_april
v2_002583,IJANZO3,2026-02-18 00:00:00+00:00,2026-02-18 19:00:00+00:00,20,0,benign,,,,pre_april
v2_002584,IJANZO3,2026-02-18 07:00:00+00:00,2026-02-18 14:00:00+00:00,8,0,benign,,,,pre_april
v2_002585,IJANZO3,2026-02-18 18:00:00+00:00,2026-02-18 19:00:00+00:00,2,0,benign,,,,pre_april
v2_002586,IJANZO3,2026-03-04 14:00:00+00:00,2026-03-04 15:00:00+00:00,2,0,benign,,,,pre_april
v2_002587,IJANZO3,2026-03-06 11:00:00+00:00,2026-03-06 11:00:00+00:00,1,0,benign,,,,pre_april
v2_002588,IJANZO3,2026-03-06 15:00:00+00:00,2026-03-06 15:00:00+00:00,1,0,benign,,,,pre_april
v2_002589,IJANZO3,2026-03-07 17:00:00+00:00,2026-03-07 17:00:00+00:00,1,0,benign,,,,pre_april
v2_002590,IJANZO3,2026-03-08 12:00:00+00:00,2026-03-08 13:00:00+00:00,2,0,benign,,,,pre_april
v2_002591,IJANZO3,2026-03-08 19:00:00+00:00,2026-03-08 19:00:00+00:00,1,0,benign,,,,pre_april
v2_002592,IJANZO3,2026-03-13 12:00:00+00:00,2026-03-13 14:00:00+00:00,3,0,benign,,,,pre_april
v2_002593,IJANZO3,2026-03-13 16:00:00+00:00,2026-03-13 17:00:00+00:00,2,0,benign,,,,pre_april
v2_002594,IJANZO3,2026-03-15 18:00:00+00:00,2026-03-15 18:00:00+00:00,1,0,benign,,,,pre_april
v2_002595,IJANZO3,2026-03-16 02:00:00+00:00,2026-03-16 22:00:00+00:00,21,1,fault,statistical_anomaly,anemometer,statistical_anomaly=windgust_avg_kmh+windspeed_low_kmh,pre_april
v2_002596,IJANZO3,2026-03-16 16:00:00+00:00,2026-03-16 16:00:00+00:00,1,0,benign,,,,pre_april
v2_002597,IJANZO3,2026-03-16 20:00:00+00:00,2026-03-16 22:00:00+00:00,3,1,fault,statistical_anomaly,anemometer,statistical_anomaly=windgust_avg_kmh+windspeed_low_kmh,pre_april
v2_002598,IJANZO3,2026-03-19 18:00:00+00:00,2026-03-19 18:00:00+00:00,1,0,benign,,,,pre_april
v2_002599,IJANZO3,2026-03-21 09:00:00+00:00,2026-03-21 10:00:00+00:00,2,0,benign,,,,pre_april
v2_002600,IJANZO3,2026-03-22 14:00:00+00:00,2026-03-22 14:00:00+00:00,1,0,benign,,,,pre_april
v2_002601,IJANZO3,2026-03-23 00:00:00+00:00,2026-03-23 02:00:00+00:00,3,0,benign,,,,pre_april
v2_002602,IJANZO3,2026-03-23 05:00:00+00:00,2026-03-23 05:00:00+00:00,1,0,benign,,,,pre_april
v2_002603,IJANZO3,2026-03-23 11:00:00+00:00,2026-03-23 11:00:00+00:00,1,0,benign,,,,pre_april
v2_002604,IJANZO3,2026-03-23 23:00:00+00:00,2026-03-23 23:00:00+00:00,1,0,benign,,,,pre_april
v2_002605,IJANZO3,2026-03-24 10:00:00+00:00,2026-03-24 10:00:00+00:00,1,0,benign,,,,pre_april
v2_002606,IJANZO3,2026-03-27 02:00:00+00:00,2026-03-27 03:00:00+00:00,2,0,benign,,,,pre_april
v2_002607,IJANZO3,2026-03-27 06:00:00+00:00,2026-03-27 06:00:00+00:00,1,0,benign,,,,pre_april
v2_002608,IJANZO3,2026-03-28 15:00:00+00:00,2026-03-28 15:00:00+00:00,1,0,benign,,,,pre_april
v2_002609,IJANZO3,2026-03-29 14:00:00+00:00,2026-03-29 14:00:00+00:00,1,0,benign,,,,pre_april
v2_002610,IJANZO3,2026-04-01 08:00:00+00:00,2026-04-01 11:00:00+00:00,4,0,benign,,,,april_may
v2_002611,IJANZO3,2026-04-01 17:00:00+00:00,2026-04-01 17:00:00+00:00,1,0,benign,,,,april_may
v2_002612,IJANZO3,2026-04-01 20:00:00+00:00,2026-04-01 20:00:00+00:00,1,0,benign,,,,april_may
v2_002613,IJANZO3,2026-04-02 01:00:00+00:00,2026-04-02 01:00:00+00:00,1,0,benign,,,,april_may
v2_002614,IJANZO3,2026-04-02 08:00:00+00:00,2026-04-02 11:00:00+00:00,4,1,fault,statistical_anomaly,anemometer,statistical_anomaly=windgust_avg_kmh,april_may
v2_002615,IJANZO3,2026-04-11 10:00:00+00:00,2026-04-11 10:00:00+00:00,1,0,benign,,,,april_may
v2_002616,IJANZO3,2026-04-12 05:00:00+00:00,2026-04-12 16:00:00+00:00,12,1,fault,statistical_anomaly,thermo_hygrometer,statistical_anomaly=humidity_high_pct,april_may
v2_002617,IJANZO3,2026-04-12 16:00:00+00:00,2026-04-12 16:00:00+00:00,1,1,fault,statistical_anomaly,thermo_hygrometer,statistical_anomaly=humidity_high_pct,april_may
v2_002618,IJANZO3,2026-04-16 10:00:00+00:00,2026-04-16 11:00:00+00:00,2,0,benign,,,,april_may
v2_002619,IJANZO3,2026-04-19 13:00:00+00:00,2026-04-19 13:00:00+00:00,1,0,benign,,,,april_may
v2_002620,IJANZO3,2026-04-19 18:00:00+00:00,2026-04-19 21:00:00+00:00,4,0,benign,,,,april_may
v2_002621,IJANZO3,2026-04-21 10:00:00+00:00,2026-04-21 11:00:00+00:00,2,0,benign,,,,april_may
v2_002622,IJANZO3,2026-04-23 03:00:00+00:00,2026-04-23 03:00:00+00:00,1,1,fault,statistical_anomaly,barometer,statistical_anomaly=pressure_trend_hpa,april_may
v2_002623,IJANZO3,2026-04-24 10:00:00+00:00,2026-04-24 11:00:00+00:00,2,0,benign,,,,april_may
v2_002624,IJANZO3,2026-04-25 10:00:00+00:00,2026-04-25 10:00:00+00:00,1,0,benign,,,,april_may
v2_002625,IJANZO3,2026-04-27 10:00:00+00:00,2026-04-27 11:00:00+00:00,2,0,benign,,,,april_may
v2_002626,IJANZO3,2026-04-27 18:00:00+00:00,2026-04-27 18:00:00+00:00,1,1,fault,statistical_anomaly,barometer,statistical_anomaly=pressure_trend_hpa,april_may
v2_002627,IJANZO3,2026-04-28 10:00:00+00:00,2026-04-28 10:00:00+00:00,1,0,benign,,,,april_may
v2_002628,IJANZO3,2026-04-30 04:00:00+00:00,2026-04-30 04:00:00+00:00,1,1,fault,statistical_anomaly,barometer,statistical_anomaly=pressure_trend_hpa,april_may
v2_002629,IJANZO3,2026-04-30 10:00:00+00:00,2026-04-30 10:00:00+00:00,1,0,benign,,,,april_may
v2_002630,IJANZO3,2026-05-01 18:00:00+00:00,2026-05-01 19:00:00+00:00,2,0,benign,,,,april_may
v2_002631,IJANZO3,2026-05-02 10:00:00+00:00,2026-05-02 11:00:00+00:00,2,0,benign,,,,april_may
v2_002632,IJANZO3,2026-05-03 10:00:00+00:00,2026-05-03 11:00:00+00:00,2,0,benign,,,,april_may
v2_002633,IJANZO3,2026-05-04 09:00:00+00:00,2026-05-04 11:00:00+00:00,3,0,benign,,,,april_may
v2_002634,IJANZO3,2026-05-05 09:00:00+00:00,2026-05-05 11:00:00+00:00,3,0,benign,,,,april_may
v2_002635,IJANZO3,2026-05-06 08:00:00+00:00,2026-05-06 16:00:00+00:00,9,1,fault,statistical_anomaly,thermo_hygrometer,statistical_anomaly=humidity_avg_pct+humidity_high_pct+temp_avg_c+temp_high_c+temp_low_c,april_may
v2_002636,IJANZO3,2026-05-06 18:00:00+00:00,2026-05-06 18:00:00+00:00,1,1,fault,statistical_anomaly,thermo_hygrometer,statistical_anomaly=humidity_high_pct,april_may
v2_002637,IJANZO3,2026-05-07 10:00:00+00:00,2026-05-07 10:00:00+00:00,1,0,benign,,,,april_may
v2_002638,IJANZO3,2026-05-08 09:00:00+00:00,2026-05-08 10:00:00+00:00,2,1,fault,statistical_anomaly,thermo_hygrometer,statistical_anomaly=temp_high_c+temp_low_c,april_may
v2_002639,IJANZO3,2026-05-09 21:00:00+00:00,2026-05-09 21:00:00+00:00,1,1,fault,statistical_anomaly,barometer,statistical_anomaly=pressure_trend_hpa,april_may
v2_002640,IJANZO3,2026-05-10 06:00:00+00:00,2026-05-10 06:00:00+00:00,1,1,fault,statistical_anomaly,barometer,statistical_anomaly=pressure_trend_hpa,april_may
v2_002641,IJANZO3,2026-05-10 11:00:00+00:00,2026-05-10 11:00:00+00:00,1,1,fault,spike_impossible|statistical_anomaly,anemometer|barometer,spike_impossible=pressure_trend_hpa|statistical_anomaly=windspeed_low_kmh,april_may
v2_002642,IJANZO3,2026-05-11 10:00:00+00:00,2026-05-11 11:00:00+00:00,2,0,benign,,,,april_may
v2_002643,IJANZO3,2026-05-12 08:00:00+00:00,2026-05-12 09:00:00+00:00,2,1,fault,statistical_anomaly,thermo_hygrometer,statistical_anomaly=temp_high_c,april_may
v2_002644,IJANZO3,2026-05-14 10:00:00+00:00,2026-05-14 11:00:00+00:00,2,0,benign,,,,april_may
v2_002645,IJANZO3,2026-05-14 19:00:00+00:00,2026-05-14 19:00:00+00:00,1,1,fault,statistical_anomaly,barometer,statistical_anomaly=pressure_trend_hpa,april_may
v2_002646,IJANZO3,2026-05-15 10:00:00+00:00,2026-05-15 14:00:00+00:00,5,1,fault,statistical_anomaly,thermo_hygrometer,statistical_anomaly=temp_avg_c+temp_high_c+temp_low_c,april_may
v2_002647,IJANZO3,2026-05-15 21:00:00+00:00,2026-05-15 21:00:00+00:00,1,1,fault,statistical_anomaly,barometer,statistical_anomaly=pressure_trend_hpa,april_may
v2_002648,IJANZO3,2026-05-17 00:00:00+00:00,2026-05-17 00:00:00+00:00,1,1,fault,statistical_anomaly,barometer,statistical_anomaly=pressure_trend_hpa,april_may
v2_002649,IJANZO3,2026-05-17 03:00:00+00:00,2026-05-17 03:00:00+00:00,1,1,fault,statistical_anomaly,barometer,statistical_anomaly=pressure_trend_hpa,april_may
v2_002650,IJANZO3,2026-05-17 12:00:00+00:00,2026-05-17 12:00:00+00:00,1,1,fault,statistical_anomaly,barometer,statistical_anomaly=pressure_trend_hpa,april_may
v2_002651,IJANZO3,2026-05-17 14:00:00+00:00,2026-05-17 14:00:00+00:00,1,1,fault,statistical_anomaly,barometer,statistical_anomaly=pressure_trend_hpa,april_may
v2_002652,IJANZO3,2026-05-18 10:00:00+00:00,2026-05-18 10:00:00+00:00,1,0,benign,,,,april_may
v2_002653,IJANZO3,2026-05-19 10:00:00+00:00,2026-05-19 11:00:00+00:00,2,0,benign,,,,april_may
v2_002654,IJANZO3,2026-05-20 10:00:00+00:00,2026-05-20 11:00:00+00:00,2,0,benign,,,,april_may
v2_002655,IJANZO3,2026-05-21 10:00:00+00:00,2026-05-21 11:00:00+00:00,2,0,benign,,,,april_may
v2_002656,IJANZO3,2026-05-21 17:00:00+00:00,2026-05-21 17:00:00+00:00,1,1,fault,statistical_anomaly,barometer,statistical_anomaly=pressure_trend_hpa,april_may
v2_002657,IJANZO3,2026-05-22 10:00:00+00:00,2026-05-22 11:00:00+00:00,2,0,benign,,,,april_may
v2_002658,IJANZO3,2026-05-23 10:00:00+00:00,2026-05-23 11:00:00+00:00,2,0,benign,,,,april_may
v2_002659,IJANZO3,2026-05-24 10:00:00+00:00,2026-05-24 11:00:00+00:00,2,0,benign,,,,april_may
v2_002660,IJANZO3,2026-05-25 10:00:00+00:00,2026-05-25 11:00:00+00:00,2,0,benign,,,,april_may
v2_002661,IJANZO3,2026-05-26 10:00:00+00:00,2026-05-26 11:00:00+00:00,2,0,benign,,,,april_may
v2_002662,IJANZO3,2026-05-26 18:00:00+00:00,2026-05-26 18:00:00+00:00,1,1,fault,statistical_anomaly,barometer,statistical_anomaly=pressure_trend_hpa,april_may
v2_002663,IJANZO3,2026-05-27 10:00:00+00:00,2026-05-27 11:00:00+00:00,2,0,benign,,,,april_may
v2_002664,IJANZO3,2026-05-28 10:00:00+00:00,2026-05-28 11:00:00+00:00,2,0,benign,,,,april_may
v2_002665,IJANZO3,2026-05-30 10:00:00+00:00,2026-05-30 10:00:00+00:00,1,0,benign,,,,april_may
v2_002666,IJANZO3,2026-05-31 10:00:00+00:00,2026-05-31 10:00:00+00:00,1,0,benign,,,,april_may
v2_002667,IJANZO3,2026-05-31 14:00:00+00:00,2026-05-31 14:00:00+00:00,1,1,fault,statistical_anomaly,barometer,statistical_anomaly=pressure_trend_hpa,april_may
v2_002668,IJANZO3,2026-06-01 21:00:00+00:00,2026-06-01 21:00:00+00:00,1,0,benign,,,,june
v2_002669,IJANZO3,2026-06-02 03:00:00+00:00,2026-06-02 03:00:00+00:00,1,1,fault,spike_impossible,barometer,spike_impossible=pressure_trend_hpa,june
v2_002670,IJANZO3,2026-06-02 10:00:00+00:00,2026-06-02 11:00:00+00:00,2,0,benign,,,,june
v2_002671,IJANZO3,2026-06-03 08:00:00+00:00,2026-06-03 12:00:00+00:00,5,1,fault,statistical_anomaly,barometer|thermo_hygrometer,statistical_anomaly=pressure_trend_hpa+temp_avg_c+temp_high_c+temp_low_c,june
v2_002672,IJANZO3,2026-06-03 15:00:00+00:00,2026-06-03 17:00:00+00:00,3,1,fault,statistical_anomaly,thermo_hygrometer,statistical_anomaly=temp_avg_c,june
v2_002673,IJANZO3,2026-06-04 07:00:00+00:00,2026-06-04 07:00:00+00:00,1,1,fault,spike_impossible,barometer,spike_impossible=pressure_trend_hpa,june
v2_002674,IJANZO3,2026-06-04 10:00:00+00:00,2026-06-04 10:00:00+00:00,1,0,benign,,,,june
v2_002675,IJANZO3,2026-06-05 10:00:00+00:00,2026-06-05 11:00:00+00:00,2,0,benign,,,,june
v2_002676,IJANZO3,2026-06-05 13:00:00+00:00,2026-06-05 13:00:00+00:00,1,1,fault,statistical_anomaly,anemometer,statistical_anomaly=windgust_avg_kmh+windspeed_avg_kmh,june
v2_002677,IJANZO3,2026-06-06 11:00:00+00:00,2026-06-06 11:00:00+00:00,1,0,benign,,,,june
v2_002678,IJANZO3,2026-06-08 23:00:00+00:00,2026-06-08 23:00:00+00:00,1,1,fault,statistical_anomaly,barometer,statistical_anomaly=pressure_trend_hpa,june
v2_002679,IJANZO3,2026-06-12 10:00:00+00:00,2026-06-12 10:00:00+00:00,1,0,benign,,,,june
v2_002680,IJANZO3,2026-06-13 10:00:00+00:00,2026-06-13 11:00:00+00:00,2,0,benign,,,,june
v2_002681,IJANZO3,2026-06-14 10:00:00+00:00,2026-06-14 11:00:00+00:00,2,0,benign,,,,june
v2_002682,IJANZO3,2026-06-15 10:00:00+00:00,2026-06-15 11:00:00+00:00,2,0,benign,,,,june
v2_002683,IJANZO3,2026-06-16 02:00:00+00:00,2026-06-16 02:00:00+00:00,1,1,fault,statistical_anomaly,barometer,statistical_anomaly=pressure_trend_hpa,june
v2_002684,IJANZO3,2026-06-16 10:00:00+00:00,2026-06-16 10:00:00+00:00,1,0,benign,,,,june
v2_002685,IJANZO3,2026-06-17 11:00:00+00:00,2026-06-17 11:00:00+00:00,1,0,benign,,,,june
v2_002686,IJANZO3,2026-06-18 04:00:00+00:00,2026-06-18 04:00:00+00:00,1,1,fault,statistical_anomaly,barometer,statistical_anomaly=pressure_trend_hpa,june
v2_002687,IJANZO3,2026-06-18 10:00:00+00:00,2026-06-18 11:00:00+00:00,2,0,benign,,,,june
v2_002688,IJANZO3,2026-06-19 10:00:00+00:00,2026-06-19 11:00:00+00:00,2,0,benign,,,,june
v2_002689,IJANZO3,2026-06-20 10:00:00+00:00,2026-06-20 11:00:00+00:00,2,0,benign,,,,june
v2_002690,IJANZO3,2026-06-21 09:00:00+00:00,2026-06-21 09:00:00+00:00,1,1,fault,spike_impossible,barometer,spike_impossible=pressure_trend_hpa,june
v2_002691,IJANZO3,2026-06-22 10:00:00+00:00,2026-06-22 11:00:00+00:00,2,0,benign,,,,june
v2_002692,IJANZO3,2026-06-23 07:00:00+00:00,2026-06-23 07:00:00+00:00,1,1,fault,statistical_anomaly,barometer,statistical_anomaly=pressure_trend_hpa,june
v2_002693,IJANZO3,2026-06-23 10:00:00+00:00,2026-06-23 11:00:00+00:00,2,0,benign,,,,june
v2_002694,IJANZO3,2026-06-23 17:00:00+00:00,2026-06-23 17:00:00+00:00,1,0,benign,,,,june
v2_002695,IJANZO3,2026-06-24 10:00:00+00:00,2026-06-24 10:00:00+00:00,1,0,benign,,,,june
v2_002696,IJANZO3,2026-06-24 19:00:00+00:00,2026-06-24 19:00:00+00:00,1,0,benign,,,,june
v2_002697,IJANZO3,2026-06-26 10:00:00+00:00,2026-06-26 10:00:00+00:00,1,0,benign,,,,june
v2_002698,IJANZO3,2026-06-27 10:00:00+00:00,2026-06-27 10:00:00+00:00,1,0,benign,,,,june
v2_002699,IJANZO4,2025-10-20 05:00:00+00:00,2025-10-20 05:00:00+00:00,1,0,benign,,,,pre_april
v2_002700,IJANZO4,2025-10-25 12:00:00+00:00,2025-10-25 16:00:00+00:00,5,0,benign,,,,pre_april
v2_002701,IJANZO4,2025-10-29 22:00:00+00:00,2025-10-29 22:00:00+00:00,1,0,benign,,,,pre_april
v2_002702,IJANZO4,2025-10-30 12:00:00+00:00,2025-10-30 12:00:00+00:00,1,0,benign,,,,pre_april
v2_002703,IJANZO4,2025-10-31 13:00:00+00:00,2025-10-31 13:00:00+00:00,1,0,benign,,,,pre_april
v2_002704,IJANZO4,2025-11-09 12:00:00+00:00,2025-11-09 12:00:00+00:00,1,0,benign,,,,pre_april
v2_002705,IJANZO4,2025-11-16 18:00:00+00:00,2025-11-16 18:00:00+00:00,1,0,benign,,,,pre_april
v2_002706,IJANZO4,2025-11-17 13:00:00+00:00,2025-11-17 13:00:00+00:00,1,0,benign,,,,pre_april
v2_002707,IJANZO4,2025-11-17 14:00:00+00:00,2025-11-17 14:00:00+00:00,1,0,benign,,,,pre_april
v2_002708,IJANZO4,2025-11-22 11:00:00+00:00,2025-11-22 11:00:00+00:00,1,0,benign,,,,pre_april
v2_002709,IJANZO4,2025-11-26 12:00:00+00:00,2025-11-26 12:00:00+00:00,1,1,fault,spike_impossible,barometer,spike_impossible=pressure_trend_hpa,pre_april
v2_002710,IJANZO4,2025-11-26 14:00:00+00:00,2025-11-26 14:00:00+00:00,1,0,benign,,,,pre_april
v2_002711,IJANZO4,2025-11-28 09:00:00+00:00,2025-11-28 09:00:00+00:00,1,0,benign,,,,pre_april
v2_002712,IJANZO4,2025-11-28 19:00:00+00:00,2025-11-28 19:00:00+00:00,1,0,benign,,,,pre_april
v2_002713,IJANZO4,2025-11-28 21:00:00+00:00,2025-11-28 21:00:00+00:00,1,0,benign,,,,pre_april
v2_002714,IJANZO4,2025-12-03 12:00:00+00:00,2025-12-03 12:00:00+00:00,1,0,benign,,,,pre_april
v2_002715,IJANZO4,2025-12-06 23:00:00+00:00,2025-12-06 23:00:00+00:00,1,0,benign,,,,pre_april
v2_002716,IJANZO4,2026-01-02 06:00:00+00:00,2026-01-02 07:00:00+00:00,2,0,benign,,,,pre_april
v2_002717,IJANZO4,2026-01-18 23:00:00+00:00,2026-01-18 23:00:00+00:00,1,0,benign,,,,pre_april
v2_002718,IJANZO4,2026-01-20 15:00:00+00:00,2026-01-20 17:00:00+00:00,3,0,benign,,,,pre_april
v2_002719,IJANZO4,2026-01-20 23:00:00+00:00,2026-01-20 23:00:00+00:00,1,0,benign,,,,pre_april
v2_002720,IJANZO4,2026-01-21 12:00:00+00:00,2026-01-21 13:00:00+00:00,2,0,benign,,,,pre_april
v2_002721,IJANZO4,2026-01-21 20:00:00+00:00,2026-01-21 20:00:00+00:00,1,0,benign,,,,pre_april
v2_002722,IJANZO4,2026-01-21 22:00:00+00:00,2026-01-21 22:00:00+00:00,1,0,benign,,,,pre_april
v2_002723,IJANZO4,2026-01-22 14:00:00+00:00,2026-01-22 15:00:00+00:00,2,0,benign,,,,pre_april
v2_002724,IJANZO4,2026-01-23 01:00:00+00:00,2026-01-23 01:00:00+00:00,1,0,benign,,,,pre_april
v2_002725,IJANZO4,2026-01-25 23:00:00+00:00,2026-01-25 23:00:00+00:00,1,0,benign,,,,pre_april
v2_002726,IJANZO4,2026-01-26 12:00:00+00:00,2026-01-26 12:00:00+00:00,1,0,benign,,,,pre_april
v2_002727,IJANZO4,2026-01-27 11:00:00+00:00,2026-01-27 12:00:00+00:00,2,0,benign,,,,pre_april
v2_002728,IJANZO4,2026-01-29 16:00:00+00:00,2026-01-29 16:00:00+00:00,1,0,benign,,,,pre_april
v2_002729,IJANZO4,2026-01-31 13:00:00+00:00,2026-01-31 16:00:00+00:00,4,0,benign,,,,pre_april
v2_002730,IJANZO4,2026-01-31 19:00:00+00:00,2026-01-31 23:00:00+00:00,5,0,benign,,,,pre_april
v2_002731,IJANZO4,2026-02-01 08:00:00+00:00,2026-02-01 16:00:00+00:00,9,0,benign,,,,pre_april
v2_002732,IJANZO4,2026-02-04 06:00:00+00:00,2026-02-04 07:00:00+00:00,2,0,benign,,,,pre_april
v2_002733,IJANZO4,2026-02-06 10:00:00+00:00,2026-02-06 10:00:00+00:00,1,0,benign,,,,pre_april
v2_002734,IJANZO4,2026-02-06 13:00:00+00:00,2026-02-06 15:00:00+00:00,3,0,benign,,,,pre_april
v2_002735,IJANZO4,2026-02-14 16:00:00+00:00,2026-02-14 16:00:00+00:00,1,0,benign,,,,pre_april
v2_002736,IJANZO4,2026-02-14 23:00:00+00:00,2026-02-14 23:00:00+00:00,1,0,benign,,,,pre_april
v2_002737,IJANZO4,2026-02-15 02:00:00+00:00,2026-02-15 04:00:00+00:00,3,0,benign,,,,pre_april
v2_002738,IJANZO4,2026-02-15 12:00:00+00:00,2026-02-15 17:00:00+00:00,6,0,benign,,,,pre_april
v2_002739,IJANZO4,2026-02-15 21:00:00+00:00,2026-02-15 23:00:00+00:00,3,0,benign,,,,pre_april
v2_002740,IJANZO4,2026-02-16 11:00:00+00:00,2026-02-16 11:00:00+00:00,1,0,benign,,,,pre_april
v2_002741,IJANZO4,2026-02-16 12:00:00+00:00,2026-02-16 13:00:00+00:00,2,0,benign,,,,pre_april
v2_002742,IJANZO4,2026-02-16 18:00:00+00:00,2026-02-16 18:00:00+00:00,1,0,benign,,,,pre_april
v2_002743,IJANZO4,2026-02-17 10:00:00+00:00,2026-02-17 11:00:00+00:00,2,0,benign,,,,pre_april
v2_002744,IJANZO4,2026-02-17 13:00:00+00:00,2026-02-17 14:00:00+00:00,2,0,benign,,,,pre_april
v2_002745,IJANZO4,2026-02-19 12:00:00+00:00,2026-02-19 12:00:00+00:00,1,0,benign,,,,pre_april
v2_002746,IJANZO4,2026-02-19 14:00:00+00:00,2026-02-19 16:00:00+00:00,3,0,benign,,,,pre_april
v2_002747,IJANZO4,2026-02-19 19:00:00+00:00,2026-02-19 22:00:00+00:00,4,0,benign,,,,pre_april
v2_002748,IJANZO4,2026-02-20 11:00:00+00:00,2026-02-20 13:00:00+00:00,3,0,benign,,,,pre_april
v2_002749,IJANZO4,2026-02-21 08:00:00+00:00,2026-02-21 13:00:00+00:00,6,0,benign,,,,pre_april
v2_002750,IJANZO4,2026-02-21 16:00:00+00:00,2026-02-21 16:00:00+00:00,1,0,benign,,,,pre_april
v2_002751,IJANZO4,2026-02-22 10:00:00+00:00,2026-02-22 10:00:00+00:00,1,0,benign,,,,pre_april
v2_002752,IJANZO4,2026-02-22 15:00:00+00:00,2026-02-22 15:00:00+00:00,1,0,benign,,,,pre_april
v2_002753,IJANZO4,2026-02-28 22:00:00+00:00,2026-02-28 22:00:00+00:00,1,1,fault,spike_impossible,barometer,spike_impossible=pressure_trend_hpa,pre_april
v2_002754,IMISRA12,2025-10-16 16:00:00+00:00,2025-10-16 17:00:00+00:00,2,0,benign,,,,pre_april
v2_002755,IMISRA12,2025-10-19 10:00:00+00:00,2025-10-19 10:00:00+00:00,1,0,benign,,,,pre_april
v2_002756,IMISRA12,2025-10-25 07:00:00+00:00,2025-10-25 07:00:00+00:00,1,0,benign,,,,pre_april
v2_002757,IMISRA12,2025-10-29 13:00:00+00:00,2025-10-29 13:00:00+00:00,1,0,benign,,,,pre_april
v2_002758,IMISRA12,2025-11-01 05:00:00+00:00,2025-11-01 05:00:00+00:00,1,0,benign,,,,pre_april
v2_002759,IMISRA12,2025-11-03 10:00:00+00:00,2025-11-03 10:00:00+00:00,1,0,benign,,,,pre_april
v2_002760,IMISRA12,2025-11-07 17:00:00+00:00,2025-11-07 17:00:00+00:00,1,0,benign,,,,pre_april
v2_002761,IMISRA12,2025-11-11 13:00:00+00:00,2025-11-11 13:00:00+00:00,1,0,benign,,,,pre_april
v2_002762,IMISRA12,2025-11-11 16:00:00+00:00,2025-11-11 16:00:00+00:00,1,0,benign,,,,pre_april
v2_002763,IMISRA12,2025-11-15 10:00:00+00:00,2025-11-15 10:00:00+00:00,1,0,benign,,,,pre_april
v2_002764,IMISRA12,2025-11-17 10:00:00+00:00,2025-11-17 10:00:00+00:00,1,0,benign,,,,pre_april
v2_002765,IMISRA12,2025-11-17 14:00:00+00:00,2025-11-17 15:00:00+00:00,2,0,benign,,,,pre_april
v2_002766,IMISRA12,2025-11-18 08:00:00+00:00,2025-11-18 08:00:00+00:00,1,0,benign,,,,pre_april
v2_002767,IMISRA12,2025-11-18 12:00:00+00:00,2025-11-18 12:00:00+00:00,1,0,benign,,,,pre_april
v2_002768,IMISRA12,2025-11-18 21:00:00+00:00,2025-11-18 21:00:00+00:00,1,0,benign,,,,pre_april
v2_002769,IMISRA12,2025-11-19 08:00:00+00:00,2025-11-19 08:00:00+00:00,1,0,benign,,,,pre_april
v2_002770,IMISRA12,2025-11-20 23:00:00+00:00,2025-11-20 23:00:00+00:00,1,0,benign,,,,pre_april
v2_002771,IMISRA12,2025-11-21 11:00:00+00:00,2025-11-21 23:00:00+00:00,13,0,benign,,,,pre_april
v2_002772,IMISRA12,2025-11-22 09:00:00+00:00,2025-11-22 23:00:00+00:00,15,0,benign,,,,pre_april
v2_002773,IMISRA12,2025-11-23 07:00:00+00:00,2025-11-23 08:00:00+00:00,2,0,benign,,,,pre_april
v2_002774,IMISRA12,2025-11-25 23:00:00+00:00,2025-11-25 23:00:00+00:00,1,0,benign,,,,pre_april
v2_002775,IMISRA12,2025-11-28 03:00:00+00:00,2025-11-28 03:00:00+00:00,1,0,benign,,,,pre_april
v2_002776,IMISRA12,2025-11-28 06:00:00+00:00,2025-11-28 06:00:00+00:00,1,0,benign,,,,pre_april
v2_002777,IMISRA12,2025-11-28 11:00:00+00:00,2025-11-28 15:00:00+00:00,5,0,benign,,,,pre_april
v2_002778,IMISRA12,2025-12-01 13:00:00+00:00,2025-12-01 13:00:00+00:00,1,0,benign,,,,pre_april
v2_002779,IMISRA12,2025-12-02 08:00:00+00:00,2025-12-02 08:00:00+00:00,1,0,benign,,,,pre_april
v2_002780,IMISRA12,2025-12-02 10:00:00+00:00,2025-12-02 10:00:00+00:00,1,0,benign,,,,pre_april
v2_002781,IMISRA12,2025-12-02 16:00:00+00:00,2025-12-02 21:00:00+00:00,6,0,benign,,,,pre_april
v2_002782,IMISRA12,2025-12-03 02:00:00+00:00,2025-12-03 04:00:00+00:00,3,0,benign,,,,pre_april
v2_002783,IMISRA12,2025-12-03 12:00:00+00:00,2025-12-03 22:00:00+00:00,11,0,benign,,,,pre_april
v2_002784,IMISRA12,2025-12-05 13:00:00+00:00,2025-12-05 23:00:00+00:00,11,0,benign,,,,pre_april
v2_002785,IMISRA12,2025-12-06 04:00:00+00:00,2025-12-06 04:00:00+00:00,1,0,benign,,,,pre_april
v2_002786,IMISRA12,2025-12-06 06:00:00+00:00,2025-12-06 06:00:00+00:00,1,0,benign,,,,pre_april
v2_002787,IMISRA12,2025-12-06 08:00:00+00:00,2025-12-06 14:00:00+00:00,7,1,fault,statistical_anomaly,anemometer,statistical_anomaly=windgust_avg_kmh,pre_april
v2_002788,IMISRA12,2025-12-07 06:00:00+00:00,2025-12-07 06:00:00+00:00,1,0,benign,,,,pre_april
v2_002789,IMISRA12,2025-12-07 08:00:00+00:00,2025-12-07 15:00:00+00:00,8,1,fault,statistical_anomaly,anemometer,statistical_anomaly=windspeed_avg_kmh,pre_april
v2_002790,IMISRA12,2025-12-07 23:00:00+00:00,2025-12-08 08:00:00+00:00,10,0,benign,,,,pre_april
v2_002791,IMISRA12,2025-12-08 14:00:00+00:00,2025-12-08 14:00:00+00:00,1,0,benign,,,,pre_april
v2_002792,IMISRA12,2025-12-15 07:00:00+00:00,2025-12-15 07:00:00+00:00,1,0,benign,,,,pre_april
v2_002793,IMISRA12,2025-12-25 05:00:00+00:00,2025-12-25 06:00:00+00:00,2,0,benign,,,,pre_april
v2_002794,IMISRA12,2025-12-27 06:00:00+00:00,2025-12-27 06:00:00+00:00,1,0,benign,,,,pre_april
v2_002795,IMISRA12,2025-12-31 00:00:00+00:00,2025-12-31 01:00:00+00:00,2,0,benign,,,,pre_april
v2_002796,IMISRA12,2025-12-31 05:00:00+00:00,2025-12-31 08:00:00+00:00,4,0,benign,,,,pre_april
v2_002797,IMISRA12,2025-12-31 10:00:00+00:00,2025-12-31 10:00:00+00:00,1,0,benign,,,,pre_april
v2_002798,IMISRA12,2026-01-03 04:00:00+00:00,2026-01-03 07:00:00+00:00,4,0,borderline_review,,,,pre_april
v2_002799,IMISRA12,2026-01-07 15:00:00+00:00,2026-01-07 15:00:00+00:00,1,0,benign,,,,pre_april
v2_002800,IMISRA12,2026-01-07 22:00:00+00:00,2026-01-07 22:00:00+00:00,1,0,benign,,,,pre_april
v2_002801,IMISRA12,2026-01-08 06:00:00+00:00,2026-01-08 06:00:00+00:00,1,0,benign,,,,pre_april
v2_002802,IMISRA12,2026-01-08 10:00:00+00:00,2026-01-08 15:00:00+00:00,6,0,benign,,,,pre_april
v2_002803,IMISRA12,2026-01-09 00:00:00+00:00,2026-01-09 00:00:00+00:00,1,0,benign,,,,pre_april
v2_002804,IMISRA12,2026-01-09 05:00:00+00:00,2026-01-09 07:00:00+00:00,3,0,benign,,,,pre_april
v2_002805,IMISRA12,2026-01-10 01:00:00+00:00,2026-01-10 01:00:00+00:00,1,0,benign,,,,pre_april
v2_002806,IMISRA12,2026-01-10 03:00:00+00:00,2026-01-10 07:00:00+00:00,5,1,fault,statistical_anomaly,anemometer,statistical_anomaly=windgust_high_kmh,pre_april
v2_002807,IMISRA12,2026-01-10 13:00:00+00:00,2026-01-10 13:00:00+00:00,1,0,benign,,,,pre_april
v2_002808,IMISRA12,2026-01-11 00:00:00+00:00,2026-01-11 00:00:00+00:00,1,0,benign,,,,pre_april
v2_002809,IMISRA12,2026-01-11 10:00:00+00:00,2026-01-11 15:00:00+00:00,6,0,benign,,,,pre_april
v2_002810,IMISRA12,2026-01-12 07:00:00+00:00,2026-01-12 08:00:00+00:00,2,0,benign,,,,pre_april
v2_002811,IMISRA12,2026-01-12 10:00:00+00:00,2026-01-12 10:00:00+00:00,1,0,benign,,,,pre_april
v2_002812,IMISRA12,2026-01-18 03:00:00+00:00,2026-01-18 04:00:00+00:00,2,0,benign,,,,pre_april
v2_002813,IMISRA12,2026-01-18 19:00:00+00:00,2026-01-18 23:00:00+00:00,5,0,benign,,,,pre_april
v2_002814,IMISRA12,2026-01-19 09:00:00+00:00,2026-01-20 04:00:00+00:00,20,1,fault,statistical_anomaly,anemometer,statistical_anomaly=windgust_avg_kmh+windspeed_avg_kmh+windspeed_low_kmh,pre_april
v2_002815,IMISRA12,2026-01-19 17:00:00+00:00,2026-01-19 19:00:00+00:00,3,1,fault,statistical_anomaly,anemometer,statistical_anomaly=windgust_avg_kmh+windspeed_avg_kmh+windspeed_low_kmh,pre_april
v2_002816,IMISRA12,2026-01-19 22:00:00+00:00,2026-01-20 05:00:00+00:00,8,1,fault,statistical_anomaly,barometer,statistical_anomaly=pressure_trend_hpa,pre_april
v2_002817,IMISRA12,2026-01-20 05:00:00+00:00,2026-01-20 05:00:00+00:00,1,1,fault,statistical_anomaly,barometer,statistical_anomaly=pressure_trend_hpa,pre_april
v2_002818,IMISRA12,2026-01-20 11:00:00+00:00,2026-01-20 14:00:00+00:00,4,0,benign,,,,pre_april
v2_002819,IMISRA12,2026-01-20 17:00:00+00:00,2026-01-20 17:00:00+00:00,1,0,benign,,,,pre_april
v2_002820,IMISRA12,2026-01-21 12:00:00+00:00,2026-01-21 14:00:00+00:00,3,0,benign,,,,pre_april
v2_002821,IMISRA12,2026-01-22 09:00:00+00:00,2026-01-22 15:00:00+00:00,7,0,benign,,,,pre_april
v2_002822,IMISRA12,2026-01-23 00:00:00+00:00,2026-01-23 00:00:00+00:00,1,0,benign,,,,pre_april
v2_002823,IMISRA12,2026-01-23 08:00:00+00:00,2026-01-23 11:00:00+00:00,4,0,benign,,,,pre_april
v2_002824,IMISRA12,2026-01-23 17:00:00+00:00,2026-01-23 17:00:00+00:00,1,0,benign,,,,pre_april
v2_002825,IMISRA12,2026-01-24 15:00:00+00:00,2026-01-24 15:00:00+00:00,1,0,benign,,,,pre_april
v2_002826,IMISRA12,2026-01-25 05:00:00+00:00,2026-01-25 05:00:00+00:00,1,0,benign,,,,pre_april
v2_002827,IMISRA12,2026-01-25 12:00:00+00:00,2026-01-25 17:00:00+00:00,6,0,borderline_review,,,,pre_april
v2_002828,IMISRA12,2026-01-25 19:00:00+00:00,2026-01-25 21:00:00+00:00,3,0,benign,,,,pre_april
v2_002829,IMISRA12,2026-01-26 11:00:00+00:00,2026-01-26 19:00:00+00:00,9,1,fault,statistical_anomaly,anemometer,statistical_anomaly=windgust_avg_kmh+windspeed_low_kmh,pre_april
v2_002830,IMISRA12,2026-01-26 18:00:00+00:00,2026-01-26 18:00:00+00:00,1,1,fault,statistical_anomaly,anemometer,statistical_anomaly=windspeed_low_kmh,pre_april
v2_002831,IMISRA12,2026-01-26 20:00:00+00:00,2026-01-26 20:00:00+00:00,1,0,benign,,,,pre_april
v2_002832,IMISRA12,2026-01-26 21:00:00+00:00,2026-01-27 00:00:00+00:00,4,1,fault,statistical_anomaly,anemometer,statistical_anomaly=windgust_avg_kmh+windgust_high_kmh+windspeed_low_kmh,pre_april
v2_002833,IMISRA12,2026-01-27 09:00:00+00:00,2026-01-27 10:00:00+00:00,2,0,benign,,,,pre_april
v2_002834,IMISRA12,2026-01-27 12:00:00+00:00,2026-01-27 12:00:00+00:00,1,0,benign,,,,pre_april
v2_002835,IMISRA12,2026-01-28 10:00:00+00:00,2026-01-28 11:00:00+00:00,2,0,benign,,,,pre_april
v2_002836,IMISRA12,2026-01-28 14:00:00+00:00,2026-01-28 14:00:00+00:00,1,0,benign,,,,pre_april
v2_002837,IMISRA12,2026-01-29 06:00:00+00:00,2026-01-29 06:00:00+00:00,1,0,benign,,,,pre_april
v2_002838,IMISRA12,2026-01-29 10:00:00+00:00,2026-01-29 10:00:00+00:00,1,0,benign,,,,pre_april
v2_002839,IMISRA12,2026-01-29 12:00:00+00:00,2026-01-29 14:00:00+00:00,3,1,fault,statistical_anomaly,anemometer,statistical_anomaly=windgust_low_kmh+windspeed_low_kmh,pre_april
v2_002840,IMISRA12,2026-02-04 10:00:00+00:00,2026-02-04 10:00:00+00:00,1,0,benign,,,,pre_april
v2_002841,IMISRA12,2026-03-10 14:00:00+00:00,2026-03-10 14:00:00+00:00,1,0,benign,,,,pre_april
v2_002842,IMISRA12,2026-03-13 10:00:00+00:00,2026-03-13 10:00:00+00:00,1,0,benign,,,,pre_april
v2_002843,IMISRA12,2026-03-13 13:00:00+00:00,2026-03-13 13:00:00+00:00,1,0,benign,,,,pre_april
v2_002844,IMISRA12,2026-03-14 10:00:00+00:00,2026-03-14 10:00:00+00:00,1,0,benign,,,,pre_april
v2_002845,IMISRA12,2026-03-14 14:00:00+00:00,2026-03-14 14:00:00+00:00,1,0,benign,,,,pre_april
v2_002846,IMISRA12,2026-03-16 14:00:00+00:00,2026-03-16 14:00:00+00:00,1,0,benign,,,,pre_april
v2_002847,IMISRA12,2026-03-17 09:00:00+00:00,2026-03-17 11:00:00+00:00,3,1,fault,statistical_anomaly,anemometer,statistical_anomaly=windgust_avg_kmh+windgust_high_kmh+windgust_low_kmh+windspeed_high_kmh+windspeed_low_kmh,pre_april
v2_002848,IMISRA12,2026-03-17 13:00:00+00:00,2026-03-17 14:00:00+00:00,2,1,fault,statistical_anomaly,anemometer,statistical_anomaly=windgust_high_kmh,pre_april
v2_002849,IMISRA12,2026-03-18 11:00:00+00:00,2026-03-18 11:00:00+00:00,1,0,benign,,,,pre_april
v2_002850,IMISRA12,2026-03-18 13:00:00+00:00,2026-03-18 13:00:00+00:00,1,0,benign,,,,pre_april
v2_002851,IMISRA12,2026-03-18 15:00:00+00:00,2026-03-18 15:00:00+00:00,1,0,benign,,,,pre_april
v2_002852,IMISRA12,2026-03-19 10:00:00+00:00,2026-03-19 13:00:00+00:00,4,0,benign,,,,pre_april
v2_002853,IMISRA12,2026-03-22 14:00:00+00:00,2026-03-22 15:00:00+00:00,2,0,benign,,,,pre_april
v2_002854,IMISRA12,2026-03-24 13:00:00+00:00,2026-03-24 13:00:00+00:00,1,0,benign,,,,pre_april
v2_002855,IMISRA12,2026-03-24 15:00:00+00:00,2026-03-24 15:00:00+00:00,1,0,benign,,,,pre_april
v2_002856,IMISRA12,2026-03-25 11:00:00+00:00,2026-03-25 11:00:00+00:00,1,0,benign,,,,pre_april
v2_002857,IMISRA12,2026-03-25 13:00:00+00:00,2026-03-25 13:00:00+00:00,1,0,benign,,,,pre_april
v2_002858,IMISRA12,2026-03-25 16:00:00+00:00,2026-03-25 16:00:00+00:00,1,0,benign,,,,pre_april
v2_002859,IMISRA12,2026-03-26 10:00:00+00:00,2026-03-26 10:00:00+00:00,1,0,benign,,,,pre_april
v2_002860,IMISRA12,2026-03-28 11:00:00+00:00,2026-03-28 12:00:00+00:00,2,0,benign,,,,pre_april
v2_002861,IMISRA12,2026-03-28 13:00:00+00:00,2026-03-28 13:00:00+00:00,1,0,benign,,,,pre_april
v2_002862,IMISRA12,2026-03-28 15:00:00+00:00,2026-03-28 15:00:00+00:00,1,0,benign,,,,pre_april
v2_002863,IMISRA12,2026-03-29 11:00:00+00:00,2026-03-29 11:00:00+00:00,1,0,benign,,,,pre_april
v2_002864,IMISRA12,2026-03-29 14:00:00+00:00,2026-03-29 14:00:00+00:00,1,0,borderline_review,,,,pre_april
v2_002865,IMISRA12,2026-03-30 10:00:00+00:00,2026-03-30 10:00:00+00:00,1,0,benign,,,,pre_april
v2_002866,IMISRA12,2026-03-30 12:00:00+00:00,2026-03-30 12:00:00+00:00,1,0,benign,,,,pre_april
v2_002867,IMISRA12,2026-04-01 08:00:00+00:00,2026-04-01 08:00:00+00:00,1,1,fault,statistical_anomaly,anemometer,statistical_anomaly=windspeed_low_kmh,april_may
v2_002868,IMISRA12,2026-04-01 10:00:00+00:00,2026-04-01 12:00:00+00:00,3,1,fault,statistical_anomaly,anemometer,statistical_anomaly=windgust_avg_kmh+windspeed_low_kmh,april_may
v2_002869,IMISRA12,2026-04-03 18:00:00+00:00,2026-04-03 18:00:00+00:00,1,0,benign,,,,april_may
v2_002870,IMISRA12,2026-04-04 09:00:00+00:00,2026-04-04 09:00:00+00:00,1,0,benign,,,,april_may
v2_002871,IMISRA12,2026-04-04 11:00:00+00:00,2026-04-04 11:00:00+00:00,1,0,benign,,,,april_may
v2_002872,IMISRA12,2026-04-04 22:00:00+00:00,2026-04-04 22:00:00+00:00,1,1,fault,spike_impossible,barometer,spike_impossible=pressure_trend_hpa,april_may
v2_002873,IMISRA12,2026-04-08 10:00:00+00:00,2026-04-08 10:00:00+00:00,1,0,benign,,,,april_may
v2_002874,IMISRA12,2026-04-10 10:00:00+00:00,2026-04-10 10:00:00+00:00,1,0,benign,,,,april_may
v2_002875,IMISRA12,2026-04-11 10:00:00+00:00,2026-04-11 11:00:00+00:00,2,0,benign,,,,april_may
v2_002876,IMISRA12,2026-04-11 14:00:00+00:00,2026-04-11 19:00:00+00:00,6,0,borderline_review,,,,april_may
v2_002877,IMISRA12,2026-04-11 22:00:00+00:00,2026-04-11 23:00:00+00:00,2,0,borderline_review,,,,april_may
v2_002878,IMISRA12,2026-04-12 08:00:00+00:00,2026-04-12 12:00:00+00:00,5,0,borderline_review,,,,april_may
v2_002879,IMISRA12,2026-04-12 14:00:00+00:00,2026-04-12 14:00:00+00:00,1,0,benign,,,,april_may
v2_002880,IMISRA12,2026-04-13 05:00:00+00:00,2026-04-13 05:00:00+00:00,1,0,benign,,,,april_may
v2_002881,IMISRA12,2026-04-14 05:00:00+00:00,2026-04-14 05:00:00+00:00,1,0,benign,,,,april_may
v2_002882,IMISRA12,2026-04-15 00:00:00+00:00,2026-04-15 00:00:00+00:00,1,0,benign,,,,april_may
v2_002883,IMISRA12,2026-04-15 11:00:00+00:00,2026-04-15 11:00:00+00:00,1,0,benign,,,,april_may
v2_002884,IMISRA12,2026-04-16 10:00:00+00:00,2026-04-16 11:00:00+00:00,2,0,benign,,,,april_may
v2_002885,IMISRA12,2026-04-17 01:00:00+00:00,2026-04-17 01:00:00+00:00,1,0,benign,,,,april_may
v2_002886,IMISRA12,2026-04-20 08:00:00+00:00,2026-04-20 08:00:00+00:00,1,0,benign,,,,april_may
v2_002887,IMISRA12,2026-04-20 10:00:00+00:00,2026-04-20 11:00:00+00:00,2,0,benign,,,,april_may
v2_002888,IMISRA12,2026-04-21 10:00:00+00:00,2026-04-21 11:00:00+00:00,2,0,benign,,,,april_may
v2_002889,IMISRA12,2026-04-22 10:00:00+00:00,2026-04-22 11:00:00+00:00,2,0,benign,,,,april_may
v2_002890,IMISRA12,2026-04-23 11:00:00+00:00,2026-04-23 11:00:00+00:00,1,0,benign,,,,april_may
v2_002891,IMISRA12,2026-04-23 17:00:00+00:00,2026-04-23 17:00:00+00:00,1,0,benign,,,,april_may
v2_002892,IMISRA12,2026-04-24 09:00:00+00:00,2026-04-24 12:00:00+00:00,4,0,benign,,,,april_may
v2_002893,IMISRA12,2026-04-25 09:00:00+00:00,2026-04-25 09:00:00+00:00,1,0,benign,,,,april_may
v2_002894,IMISRA12,2026-04-25 10:00:00+00:00,2026-04-25 12:00:00+00:00,3,0,benign,,,,april_may
v2_002895,IMISRA12,2026-04-26 09:00:00+00:00,2026-04-26 09:00:00+00:00,1,0,benign,,,,april_may
v2_002896,IMISRA12,2026-04-26 10:00:00+00:00,2026-04-26 12:00:00+00:00,3,0,benign,,,,april_may
v2_002897,IMISRA12,2026-04-27 10:00:00+00:00,2026-04-27 11:00:00+00:00,2,0,benign,,,,april_may
v2_002898,IMISRA12,2026-04-28 00:00:00+00:00,2026-04-28 00:00:00+00:00,1,0,benign,,,,april_may
v2_002899,IMISRA12,2026-04-28 10:00:00+00:00,2026-04-28 11:00:00+00:00,2,0,benign,,,,april_may
v2_002900,IMISRA12,2026-04-29 09:00:00+00:00,2026-04-29 11:00:00+00:00,3,0,benign,,,,april_may
v2_002901,IMISRA12,2026-05-01 10:00:00+00:00,2026-05-01 10:00:00+00:00,1,0,benign,,,,april_may
v2_002902,IMISRA12,2026-05-02 09:00:00+00:00,2026-05-02 11:00:00+00:00,3,1,fault,statistical_anomaly,light_uv,statistical_anomaly=uv_high,april_may
v2_002903,IMISRA12,2026-05-03 09:00:00+00:00,2026-05-03 11:00:00+00:00,3,1,fault,statistical_anomaly,light_uv,statistical_anomaly=uv_high,april_may
v2_002904,IMISRA12,2026-05-04 09:00:00+00:00,2026-05-04 11:00:00+00:00,3,0,benign,,,,april_may
v2_002905,IMISRA12,2026-05-05 09:00:00+00:00,2026-05-05 11:00:00+00:00,3,0,benign,,,,april_may
v2_002906,IMISRA12,2026-05-06 09:00:00+00:00,2026-05-06 09:00:00+00:00,1,0,benign,,,,april_may
v2_002907,IMISRA12,2026-05-06 11:00:00+00:00,2026-05-06 11:00:00+00:00,1,0,benign,,,,april_may
v2_002908,IMISRA12,2026-05-07 10:00:00+00:00,2026-05-07 11:00:00+00:00,2,0,benign,,,,april_may
v2_002909,IMISRA12,2026-05-09 10:00:00+00:00,2026-05-09 11:00:00+00:00,2,0,benign,,,,april_may
v2_002910,IMISRA12,2026-05-10 09:00:00+00:00,2026-05-10 13:00:00+00:00,5,1,fault,statistical_anomaly,thermo_hygrometer,statistical_anomaly=temp_avg_c+temp_high_c+temp_low_c,april_may
v2_002911,IMISRA12,2026-05-11 10:00:00+00:00,2026-05-11 12:00:00+00:00,3,0,benign,,,,april_may
v2_002912,IMISRA12,2026-05-12 10:00:00+00:00,2026-05-12 13:00:00+00:00,4,0,benign,,,,april_may
v2_002913,IMISRA12,2026-05-14 10:00:00+00:00,2026-05-14 11:00:00+00:00,2,0,benign,,,,april_may
v2_002914,IMISRA12,2026-05-17 00:00:00+00:00,2026-05-17 00:00:00+00:00,1,1,fault,statistical_anomaly,barometer,statistical_anomaly=pressure_trend_hpa,april_may
v2_002915,IMISRA12,2026-05-17 04:00:00+00:00,2026-05-17 04:00:00+00:00,1,0,benign,,,,april_may
v2_002916,IMISRA12,2026-05-17 08:00:00+00:00,2026-05-17 08:00:00+00:00,1,0,benign,,,,april_may
v2_002917,IMISRA12,2026-05-17 23:00:00+00:00,2026-05-17 23:00:00+00:00,1,0,benign,,,,april_may
v2_002918,IMISRA12,2026-05-18 02:00:00+00:00,2026-05-18 02:00:00+00:00,1,0,benign,,,,april_may
v2_002919,IMISRA12,2026-05-18 06:00:00+00:00,2026-05-18 06:00:00+00:00,1,1,fault,spike_impossible,barometer,spike_impossible=pressure_trend_hpa,april_may
v2_002920,IMISRA12,2026-05-18 08:00:00+00:00,2026-05-18 08:00:00+00:00,1,1,fault,statistical_anomaly,barometer,statistical_anomaly=pressure_trend_hpa,april_may
v2_002921,IMISRA12,2026-05-18 10:00:00+00:00,2026-05-18 11:00:00+00:00,2,0,benign,,,,april_may
v2_002922,IMISRA12,2026-05-18 20:00:00+00:00,2026-05-18 20:00:00+00:00,1,0,benign,,,,april_may
v2_002923,IMISRA12,2026-05-19 01:00:00+00:00,2026-05-19 01:00:00+00:00,1,0,benign,,,,april_may
v2_002924,IMISRA12,2026-05-19 10:00:00+00:00,2026-05-19 11:00:00+00:00,2,0,benign,,,,april_may
v2_002925,IMISRA12,2026-05-20 09:00:00+00:00,2026-05-20 11:00:00+00:00,3,0,benign,,,,april_may
v2_002926,IMISRA12,2026-05-21 10:00:00+00:00,2026-05-21 12:00:00+00:00,3,0,benign,,,,april_may
v2_002927,IMISRA12,2026-05-22 00:00:00+00:00,2026-05-22 00:00:00+00:00,1,0,benign,,,,april_may
v2_002928,IMISRA12,2026-05-22 10:00:00+00:00,2026-05-22 11:00:00+00:00,2,0,benign,,,,april_may
v2_002929,IMISRA12,2026-05-23 10:00:00+00:00,2026-05-23 11:00:00+00:00,2,0,benign,,,,april_may
v2_002930,IMISRA12,2026-05-23 23:00:00+00:00,2026-05-23 23:00:00+00:00,1,1,fault,spike_impossible,barometer,spike_impossible=pressure_trend_hpa,april_may
v2_002931,IMISRA12,2026-05-24 10:00:00+00:00,2026-05-24 11:00:00+00:00,2,0,benign,,,,april_may
v2_002932,IMISRA12,2026-05-25 10:00:00+00:00,2026-05-25 12:00:00+00:00,3,0,benign,,,,april_may
v2_002933,IMISRA12,2026-05-25 17:00:00+00:00,2026-05-25 17:00:00+00:00,1,0,benign,,,,april_may
v2_002934,IMISRA12,2026-05-26 09:00:00+00:00,2026-05-26 12:00:00+00:00,4,1,fault,statistical_anomaly,light_uv,statistical_anomaly=uv_high,april_may
v2_002935,IMISRA12,2026-05-27 10:00:00+00:00,2026-05-27 11:00:00+00:00,2,0,benign,,,,april_may
v2_002936,IMISRA12,2026-05-28 10:00:00+00:00,2026-05-28 11:00:00+00:00,2,1,fault,statistical_anomaly,light_uv,statistical_anomaly=uv_high,april_may
v2_002937,IMISRA12,2026-05-29 10:00:00+00:00,2026-05-29 11:00:00+00:00,2,1,fault,statistical_anomaly,light_uv,statistical_anomaly=uv_high,april_may
v2_002938,IMISRA12,2026-05-31 09:00:00+00:00,2026-05-31 12:00:00+00:00,4,0,benign,,,,april_may
v2_002939,IMISRA12,2026-06-01 10:00:00+00:00,2026-06-01 12:00:00+00:00,3,0,benign,,,,june
v2_002940,IMISRA12,2026-06-02 10:00:00+00:00,2026-06-02 12:00:00+00:00,3,0,benign,,,,june
v2_002941,IMISRA12,2026-06-03 10:00:00+00:00,2026-06-03 12:00:00+00:00,3,0,benign,,,,june
v2_002942,IMISRA12,2026-06-04 10:00:00+00:00,2026-06-04 15:00:00+00:00,6,1,fault,statistical_anomaly,thermo_hygrometer,statistical_anomaly=temp_avg_c+temp_high_c+temp_low_c,june
v2_002943,IMISRA12,2026-06-05 01:00:00+00:00,2026-06-05 01:00:00+00:00,1,0,benign,,,,june
v2_002944,IMISRA12,2026-06-05 08:00:00+00:00,2026-06-05 13:00:00+00:00,6,1,fault,statistical_anomaly,thermo_hygrometer,statistical_anomaly=temp_avg_c+temp_high_c+temp_low_c,june
v2_002945,IMISRA12,2026-06-06 10:00:00+00:00,2026-06-06 12:00:00+00:00,3,0,benign,,,,june
v2_002946,IMISRA12,2026-06-07 10:00:00+00:00,2026-06-07 12:00:00+00:00,3,0,benign,,,,june
v2_002947,IMISRA12,2026-06-08 10:00:00+00:00,2026-06-08 12:00:00+00:00,3,0,benign,,,,june
v2_002948,IMISRA12,2026-06-09 11:00:00+00:00,2026-06-09 11:00:00+00:00,1,0,benign,,,,june
v2_002949,IMISRA12,2026-06-09 20:00:00+00:00,2026-06-09 20:00:00+00:00,1,0,benign,,,,june
v2_002950,IMISRA12,2026-06-10 10:00:00+00:00,2026-06-10 12:00:00+00:00,3,0,benign,,,,june
v2_002951,IMISRA12,2026-06-11 09:00:00+00:00,2026-06-11 12:00:00+00:00,4,1,fault,statistical_anomaly,light_uv,statistical_anomaly=uv_high,june
v2_002952,IMISRA12,2026-06-12 10:00:00+00:00,2026-06-12 11:00:00+00:00,2,0,benign,,,,june
v2_002953,IMISRA12,2026-06-13 09:00:00+00:00,2026-06-13 12:00:00+00:00,4,1,fault,statistical_anomaly,light_uv,statistical_anomaly=uv_high,june
v2_002954,IMISRA12,2026-06-14 09:00:00+00:00,2026-06-14 12:00:00+00:00,4,1,fault,statistical_anomaly,light_uv,statistical_anomaly=uv_high,june
v2_002955,IMISRA12,2026-06-15 09:00:00+00:00,2026-06-15 12:00:00+00:00,4,0,benign,,,,june
v2_002956,IMISRA12,2026-06-16 09:00:00+00:00,2026-06-16 12:00:00+00:00,4,0,benign,,,,june
v2_002957,IMISRA12,2026-06-17 10:00:00+00:00,2026-06-17 12:00:00+00:00,3,0,benign,,,,june
v2_002958,IMISRA12,2026-06-18 09:00:00+00:00,2026-06-18 12:00:00+00:00,4,0,benign,,,,june
v2_002959,IMISRA12,2026-06-19 10:00:00+00:00,2026-06-19 12:00:00+00:00,3,0,benign,,,,june
v2_002960,IMISRA12,2026-06-20 10:00:00+00:00,2026-06-20 12:00:00+00:00,3,0,benign,,,,june
v2_002961,IMISRA12,2026-06-21 10:00:00+00:00,2026-06-21 11:00:00+00:00,2,0,benign,,,,june
v2_002962,IMISRA12,2026-06-22 10:00:00+00:00,2026-06-22 12:00:00+00:00,3,0,benign,,,,june
v2_002963,IMISRA12,2026-06-23 10:00:00+00:00,2026-06-23 12:00:00+00:00,3,0,benign,,,,june
v2_002964,IMISRA12,2026-06-24 10:00:00+00:00,2026-06-24 11:00:00+00:00,2,0,benign,,,,june
v2_002965,IMISRA12,2026-06-25 11:00:00+00:00,2026-06-25 11:00:00+00:00,1,0,benign,,,,june
v2_002966,IMISRA12,2026-06-26 10:00:00+00:00,2026-06-26 11:00:00+00:00,2,0,benign,,,,june
v2_002967,IMISRA12,2026-06-27 10:00:00+00:00,2026-06-27 11:00:00+00:00,2,0,benign,,,,june
v2_002968,IMISRA12,2026-06-27 16:00:00+00:00,2026-06-27 16:00:00+00:00,1,1,fault,spike_impossible,barometer,spike_impossible=pressure_trend_hpa,june
v2_002969,IMISRA12,2026-06-28 00:00:00+00:00,2026-06-28 00:00:00+00:00,1,0,benign,,,,june
v2_002970,IMISRA12,2026-06-28 10:00:00+00:00,2026-06-28 10:00:00+00:00,1,0,benign,,,,june
v2_002971,IMISRA12,2026-06-28 15:00:00+00:00,2026-06-28 15:00:00+00:00,1,0,benign,,,,june
v2_002972,IMISRA12,2026-06-29 11:00:00+00:00,2026-06-29 11:00:00+00:00,1,0,benign,,,,june
v2_002973,IMISRA12,2026-06-30 10:00:00+00:00,2026-06-30 11:00:00+00:00,2,0,benign,,,,june
v2_002974,IMISRA13,2025-10-06 10:00:00+00:00,2025-10-07 22:00:00+00:00,37,1,fault,stuck_flatline,anemometer,stuck_flatline=windspeed_avg_kmh,pre_april
v2_002975,IMISRA13,2025-10-16 12:00:00+00:00,2025-10-16 13:00:00+00:00,2,0,benign,,,,pre_april
v2_002976,IMISRA13,2025-10-20 00:00:00+00:00,2025-10-21 04:00:00+00:00,29,1,fault,stuck_flatline,anemometer,stuck_flatline=windspeed_avg_kmh,pre_april
v2_002977,IMISRA13,2025-10-20 09:00:00+00:00,2025-10-20 09:00:00+00:00,1,1,fault,stuck_flatline,anemometer,stuck_flatline=windspeed_avg_kmh,pre_april
v2_002978,IMISRA13,2025-10-26 12:00:00+00:00,2025-10-26 16:00:00+00:00,5,0,benign,,,,pre_april
v2_002979,IMISRA13,2025-11-01 12:00:00+00:00,2025-11-01 12:00:00+00:00,1,0,benign,,,,pre_april
v2_002980,IMISRA13,2025-11-02 03:00:00+00:00,2025-11-02 03:00:00+00:00,1,0,benign,,,,pre_april
v2_002981,IMISRA13,2025-11-17 11:00:00+00:00,2025-11-17 15:00:00+00:00,5,0,benign,,,,pre_april
v2_002982,IMISRA13,2025-11-28 13:00:00+00:00,2025-11-28 13:00:00+00:00,1,0,benign,,,,pre_april
v2_002983,IMISRA13,2025-12-01 05:00:00+00:00,2025-12-01 06:00:00+00:00,2,0,benign,,,,pre_april
v2_002984,IMISRA13,2025-12-02 07:00:00+00:00,2025-12-02 07:00:00+00:00,1,0,benign,,,,pre_april
v2_002985,IMISRA13,2025-12-02 19:00:00+00:00,2025-12-02 23:00:00+00:00,5,0,benign,,,,pre_april
v2_002986,IMISRA13,2025-12-06 15:00:00+00:00,2025-12-06 16:00:00+00:00,2,0,benign,,,,pre_april
v2_002987,IMISRA13,2025-12-06 19:00:00+00:00,2025-12-06 23:00:00+00:00,5,0,benign,,,,pre_april
v2_002988,IMISRA13,2025-12-07 19:00:00+00:00,2025-12-07 19:00:00+00:00,1,0,benign,,,,pre_april
v2_002989,IMISRA13,2025-12-08 01:00:00+00:00,2025-12-08 23:00:00+00:00,23,0,benign,,,,pre_april
v2_002990,IMISRA13,2025-12-09 23:00:00+00:00,2025-12-09 23:00:00+00:00,1,1,fault,statistical_anomaly,anemometer,statistical_anomaly=windgust_high_kmh,pre_april
v2_002991,IMISRA13,2025-12-11 06:00:00+00:00,2025-12-11 06:00:00+00:00,1,0,benign,,,,pre_april
v2_002992,IMISRA13,2025-12-12 06:00:00+00:00,2025-12-12 06:00:00+00:00,1,0,benign,,,,pre_april
v2_002993,IMISRA13,2025-12-15 07:00:00+00:00,2025-12-15 07:00:00+00:00,1,0,benign,,,,pre_april
v2_002994,IMISRA13,2025-12-19 18:00:00+00:00,2025-12-19 18:00:00+00:00,1,0,benign,,,,pre_april
v2_002995,IMISRA13,2025-12-25 04:00:00+00:00,2025-12-25 06:00:00+00:00,3,0,benign,,,,pre_april
v2_002996,IMISRA13,2025-12-27 05:00:00+00:00,2025-12-27 07:00:00+00:00,3,0,benign,,,,pre_april
v2_002997,IMISRA13,2026-01-10 02:00:00+00:00,2026-01-10 05:00:00+00:00,4,0,benign,,,,pre_april
v2_002998,IMISRA13,2026-01-19 20:00:00+00:00,2026-01-19 20:00:00+00:00,1,0,benign,,,,pre_april
v2_002999,IMISRA13,2026-01-19 22:00:00+00:00,2026-01-19 22:00:00+00:00,1,0,benign,,,,pre_april
v2_003000,IMISRA13,2026-01-21 05:00:00+00:00,2026-01-21 05:00:00+00:00,1,1,fault,statistical_anomaly,anemometer,statistical_anomaly=windgust_high_kmh+windspeed_high_kmh,pre_april
v2_003001,IMISRA13,2026-01-22 23:00:00+00:00,2026-01-23 00:00:00+00:00,2,0,benign,,,,pre_april
v2_003002,IMISRA13,2026-01-25 12:00:00+00:00,2026-01-25 12:00:00+00:00,1,0,benign,,,,pre_april
v2_003003,IMISRA13,2026-01-26 13:00:00+00:00,2026-01-26 17:00:00+00:00,5,1,fault,statistical_anomaly,anemometer,statistical_anomaly=windgust_high_kmh+windspeed_high_kmh+windspeed_low_kmh,pre_april
v2_003004,IMISRA13,2026-01-26 20:00:00+00:00,2026-01-26 22:00:00+00:00,3,0,benign,,,,pre_april
v2_003005,IMISRA13,2026-01-29 10:00:00+00:00,2026-01-29 10:00:00+00:00,1,0,benign,,,,pre_april
v2_003006,IMISRA13,2026-01-30 11:00:00+00:00,2026-01-30 11:00:00+00:00,1,0,benign,,,,pre_april
v2_003007,IMISRA13,2026-01-31 17:00:00+00:00,2026-01-31 17:00:00+00:00,1,0,benign,,,,pre_april
v2_003008,IMISRA13,2026-01-31 20:00:00+00:00,2026-01-31 20:00:00+00:00,1,0,benign,,,,pre_april
v2_003009,IMISRA13,2026-02-01 00:00:00+00:00,2026-02-01 01:00:00+00:00,2,1,fault,statistical_anomaly,anemometer,statistical_anomaly=windspeed_low_kmh,pre_april
v2_003010,IMISRA13,2026-02-01 07:00:00+00:00,2026-02-01 09:00:00+00:00,3,1,fault,statistical_anomaly,anemometer,statistical_anomaly=windspeed_low_kmh,pre_april
v2_003011,IMISRA13,2026-02-01 14:00:00+00:00,2026-02-01 14:00:00+00:00,1,0,benign,,,,pre_april
v2_003012,IMISRA13,2026-02-01 16:00:00+00:00,2026-02-01 16:00:00+00:00,1,0,benign,,,,pre_april
v2_003013,IMISRA13,2026-02-04 14:00:00+00:00,2026-02-04 14:00:00+00:00,1,0,benign,,,,pre_april
v2_003014,IMISRA13,2026-02-09 12:00:00+00:00,2026-02-09 12:00:00+00:00,1,0,benign,,,,pre_april
v2_003015,IMISRA13,2026-02-12 11:00:00+00:00,2026-02-12 14:00:00+00:00,4,0,benign,,,,pre_april
v2_003016,IMISRA13,2026-02-14 11:00:00+00:00,2026-02-14 16:00:00+00:00,6,0,benign,,,,pre_april
v2_003017,IMISRA13,2026-02-17 14:00:00+00:00,2026-02-17 14:00:00+00:00,1,0,benign,,,,pre_april
v2_003018,IMISRA13,2026-03-12 12:00:00+00:00,2026-03-12 12:00:00+00:00,1,0,benign,,,,pre_april
v2_003019,IMISRA13,2026-03-14 19:00:00+00:00,2026-03-14 19:00:00+00:00,1,0,benign,,,,pre_april
v2_003020,IMISRA13,2026-03-16 03:00:00+00:00,2026-03-16 04:00:00+00:00,2,0,benign,,,,pre_april
v2_003021,IMISRA13,2026-03-16 10:00:00+00:00,2026-03-16 12:00:00+00:00,3,0,benign,,,,pre_april
v2_003022,IMISRA13,2026-03-16 14:00:00+00:00,2026-03-16 14:00:00+00:00,1,0,benign,,,,pre_april
v2_003023,IMISRA13,2026-03-16 20:00:00+00:00,2026-03-16 20:00:00+00:00,1,0,benign,,,,pre_april
v2_003024,IMISRA13,2026-03-16 22:00:00+00:00,2026-03-16 22:00:00+00:00,1,0,benign,,,,pre_april
v2_003025,IMISRA13,2026-03-17 00:00:00+00:00,2026-03-17 04:00:00+00:00,5,0,benign,,,,pre_april
v2_003026,IMISRA13,2026-03-17 06:00:00+00:00,2026-03-17 07:00:00+00:00,2,0,benign,,,,pre_april
v2_003027,IMISRA13,2026-03-17 08:00:00+00:00,2026-03-17 08:00:00+00:00,1,0,benign,,,,pre_april
v2_003028,IMISRA13,2026-03-17 10:00:00+00:00,2026-03-17 10:00:00+00:00,1,0,benign,,,,pre_april
v2_003029,IMISRA13,2026-03-17 11:00:00+00:00,2026-03-17 12:00:00+00:00,2,0,benign,,,,pre_april
v2_003030,IMISRA13,2026-03-17 20:00:00+00:00,2026-03-17 23:00:00+00:00,4,0,benign,,,,pre_april
v2_003031,IMISRA13,2026-03-18 00:00:00+00:00,2026-03-18 00:00:00+00:00,1,0,benign,,,,pre_april
v2_003032,IMISRA13,2026-03-20 17:00:00+00:00,2026-03-20 18:00:00+00:00,2,0,benign,,,,pre_april
v2_003033,IMISRA13,2026-03-21 11:00:00+00:00,2026-03-21 12:00:00+00:00,2,0,benign,,,,pre_april
v2_003034,IMISRA13,2026-03-22 02:00:00+00:00,2026-03-22 02:00:00+00:00,1,0,benign,,,,pre_april
v2_003035,IMISRA13,2026-03-24 19:00:00+00:00,2026-03-24 19:00:00+00:00,1,0,benign,,,,pre_april
v2_003036,IMISRA13,2026-03-25 04:00:00+00:00,2026-03-25 04:00:00+00:00,1,0,benign,,,,pre_april
v2_003037,IMISRA13,2026-03-25 06:00:00+00:00,2026-03-25 06:00:00+00:00,1,0,benign,,,,pre_april
v2_003038,IMISRA13,2026-03-27 23:00:00+00:00,2026-03-27 23:00:00+00:00,1,0,benign,,,,pre_april
v2_003039,IMISRA13,2026-03-30 12:00:00+00:00,2026-03-30 12:00:00+00:00,1,1,fault,statistical_anomaly,light_uv,statistical_anomaly=uv_high,pre_april
v2_003040,IMISRA13,2026-03-31 05:00:00+00:00,2026-03-31 06:00:00+00:00,2,0,benign,,,,pre_april
v2_003041,IMISRA13,2026-04-01 12:00:00+00:00,2026-04-01 14:00:00+00:00,3,0,benign,,,,april_may
v2_003042,IMISRA13,2026-04-02 08:00:00+00:00,2026-04-02 08:00:00+00:00,1,0,benign,,,,april_may
v2_003043,IMISRA13,2026-04-02 10:00:00+00:00,2026-04-02 10:00:00+00:00,1,0,benign,,,,april_may
v2_003044,IMISRA13,2026-04-02 12:00:00+00:00,2026-04-02 12:00:00+00:00,1,0,benign,,,,april_may
v2_003045,IMISRA13,2026-04-02 13:00:00+00:00,2026-04-02 13:00:00+00:00,1,0,benign,,,,april_may
v2_003046,IMISRA13,2026-04-04 14:00:00+00:00,2026-04-04 14:00:00+00:00,1,0,benign,,,,april_may
v2_003047,IMISRA13,2026-04-04 23:00:00+00:00,2026-04-04 23:00:00+00:00,1,0,benign,,,,april_may
v2_003048,IMISRA13,2026-04-11 11:00:00+00:00,2026-04-11 11:00:00+00:00,1,1,fault,statistical_anomaly,light_uv,statistical_anomaly=uv_high,april_may
v2_003049,IMISRA13,2026-04-11 13:00:00+00:00,2026-04-11 15:00:00+00:00,3,0,benign,,,,april_may
v2_003050,IMISRA13,2026-04-12 09:00:00+00:00,2026-04-12 18:00:00+00:00,10,0,benign,,,,april_may
v2_003051,IMISRA13,2026-04-14 02:00:00+00:00,2026-04-14 02:00:00+00:00,1,1,fault,statistical_anomaly,barometer,statistical_anomaly=pressure_trend_hpa,april_may
v2_003052,IMISRA13,2026-04-15 10:00:00+00:00,2026-04-15 10:00:00+00:00,1,1,fault,statistical_anomaly,light_uv,statistical_anomaly=uv_high,april_may
v2_003053,IMISRA13,2026-04-16 09:00:00+00:00,2026-04-16 09:00:00+00:00,1,1,fault,spike_impossible,barometer,spike_impossible=pressure_trend_hpa,april_may
v2_003054,IMISRA13,2026-04-16 10:00:00+00:00,2026-04-16 11:00:00+00:00,2,1,fault,statistical_anomaly,light_uv,statistical_anomaly=uv_high,april_may
v2_003055,IMISRA13,2026-04-17 10:00:00+00:00,2026-04-17 10:00:00+00:00,1,1,fault,statistical_anomaly,light_uv,statistical_anomaly=uv_high,april_may
v2_003056,IMISRA13,2026-04-18 16:00:00+00:00,2026-04-18 16:00:00+00:00,1,0,benign,,,,april_may
v2_003057,IMISRA13,2026-04-19 07:00:00+00:00,2026-04-19 07:00:00+00:00,1,0,benign,,,,april_may
v2_003058,IMISRA13,2026-04-20 11:00:00+00:00,2026-04-20 11:00:00+00:00,1,1,fault,statistical_anomaly,light_uv,statistical_anomaly=uv_high,april_may
v2_003059,IMISRA13,2026-04-21 11:00:00+00:00,2026-04-21 11:00:00+00:00,1,1,fault,statistical_anomaly,light_uv,statistical_anomaly=uv_high,april_may
v2_003060,IMISRA13,2026-04-24 11:00:00+00:00,2026-04-24 11:00:00+00:00,1,1,fault,statistical_anomaly,light_uv,statistical_anomaly=uv_high,april_may
v2_003061,IMISRA13,2026-04-25 10:00:00+00:00,2026-04-25 10:00:00+00:00,1,1,fault,statistical_anomaly,light_uv,statistical_anomaly=uv_high,april_may
v2_003062,IMISRA13,2026-04-26 11:00:00+00:00,2026-04-26 11:00:00+00:00,1,1,fault,statistical_anomaly,light_uv,statistical_anomaly=uv_high,april_may
v2_003063,IMISRA13,2026-04-26 22:00:00+00:00,2026-04-26 22:00:00+00:00,1,1,fault,statistical_anomaly,barometer,statistical_anomaly=pressure_trend_hpa,april_may
v2_003064,IMISRA13,2026-04-27 11:00:00+00:00,2026-04-27 11:00:00+00:00,1,1,fault,statistical_anomaly,light_uv,statistical_anomaly=uv_high,april_may
v2_003065,IMISRA13,2026-04-27 22:00:00+00:00,2026-04-27 22:00:00+00:00,1,0,benign,,,,april_may
v2_003066,IMISRA13,2026-05-02 01:00:00+00:00,2026-05-02 01:00:00+00:00,1,0,benign,,,,april_may
v2_003067,IMISRA13,2026-05-02 10:00:00+00:00,2026-05-02 11:00:00+00:00,2,0,benign,,,,april_may
v2_003068,IMISRA13,2026-05-03 10:00:00+00:00,2026-05-03 11:00:00+00:00,2,0,benign,,,,april_may
v2_003069,IMISRA13,2026-05-04 10:00:00+00:00,2026-05-04 12:00:00+00:00,3,1,fault,statistical_anomaly,light_uv,statistical_anomaly=uv_high,april_may
v2_003070,IMISRA13,2026-05-05 10:00:00+00:00,2026-05-05 11:00:00+00:00,2,0,benign,,,,april_may
v2_003071,IMISRA13,2026-05-06 10:00:00+00:00,2026-05-06 12:00:00+00:00,3,1,fault,statistical_anomaly,light_uv,statistical_anomaly=uv_high,april_may
v2_003072,IMISRA13,2026-05-07 10:00:00+00:00,2026-05-07 11:00:00+00:00,2,0,benign,,,,april_may
v2_003073,IMISRA13,2026-05-08 10:00:00+00:00,2026-05-08 10:00:00+00:00,1,1,fault,statistical_anomaly,barometer,statistical_anomaly=pressure_trend_hpa,april_may
v2_003074,IMISRA13,2026-05-10 01:00:00+00:00,2026-05-10 01:00:00+00:00,1,1,fault,statistical_anomaly,anemometer,statistical_anomaly=windgust_high_kmh,april_may
v2_003075,IMISRA13,2026-05-10 08:00:00+00:00,2026-05-10 11:00:00+00:00,4,1,fault,statistical_anomaly,thermo_hygrometer,statistical_anomaly=temp_high_c+temp_low_c,april_may
v2_003076,IMISRA13,2026-05-10 13:00:00+00:00,2026-05-10 13:00:00+00:00,1,0,benign,,,,april_may
v2_003077,IMISRA13,2026-05-10 14:00:00+00:00,2026-05-10 14:00:00+00:00,1,0,benign,,,,april_may
v2_003078,IMISRA13,2026-05-11 11:00:00+00:00,2026-05-11 11:00:00+00:00,1,0,benign,,,,april_may
v2_003079,IMISRA13,2026-05-12 10:00:00+00:00,2026-05-12 16:00:00+00:00,7,1,fault,statistical_anomaly,thermo_hygrometer,statistical_anomaly=temp_high_c+temp_low_c,april_may
v2_003080,IMISRA13,2026-05-13 14:00:00+00:00,2026-05-13 14:00:00+00:00,1,0,benign,,,,april_may
v2_003081,IMISRA13,2026-05-16 11:00:00+00:00,2026-05-16 12:00:00+00:00,2,0,benign,,,,april_may
v2_003082,IMISRA13,2026-05-16 14:00:00+00:00,2026-05-16 14:00:00+00:00,1,0,benign,,,,april_may
v2_003083,IMISRA13,2026-05-16 16:00:00+00:00,2026-05-16 16:00:00+00:00,1,0,benign,,,,april_may
v2_003084,IMISRA13,2026-05-17 14:00:00+00:00,2026-05-17 14:00:00+00:00,1,0,benign,,,,april_may
v2_003085,IMISRA13,2026-05-17 16:00:00+00:00,2026-05-17 16:00:00+00:00,1,1,fault,statistical_anomaly,barometer,statistical_anomaly=pressure_trend_hpa,april_may
v2_003086,IMISRA13,2026-05-18 01:00:00+00:00,2026-05-18 01:00:00+00:00,1,0,benign,,,,april_may
v2_003087,IMISRA13,2026-05-18 04:00:00+00:00,2026-05-18 04:00:00+00:00,1,1,fault,spike_impossible,barometer,spike_impossible=pressure_trend_hpa,april_may
v2_003088,IMISRA13,2026-05-19 11:00:00+00:00,2026-05-19 11:00:00+00:00,1,0,benign,,,,april_may
v2_003089,IMISRA13,2026-05-20 10:00:00+00:00,2026-05-20 11:00:00+00:00,2,0,benign,,,,april_may
v2_003090,IMISRA13,2026-05-21 10:00:00+00:00,2026-05-21 11:00:00+00:00,2,0,benign,,,,april_may
v2_003091,IMISRA13,2026-05-22 10:00:00+00:00,2026-05-22 11:00:00+00:00,2,0,benign,,,,april_may
v2_003092,IMISRA13,2026-05-23 10:00:00+00:00,2026-05-23 11:00:00+00:00,2,0,benign,,,,april_may
v2_003093,IMISRA13,2026-05-24 10:00:00+00:00,2026-05-24 11:00:00+00:00,2,0,benign,,,,april_may
v2_003094,IMISRA13,2026-05-25 10:00:00+00:00,2026-05-25 11:00:00+00:00,2,0,benign,,,,april_may
v2_003095,IMISRA13,2026-05-26 10:00:00+00:00,2026-05-26 11:00:00+00:00,2,0,benign,,,,april_may
v2_003096,IMISRA13,2026-05-27 07:00:00+00:00,2026-05-27 07:00:00+00:00,1,1,fault,statistical_anomaly,barometer,statistical_anomaly=pressure_trend_hpa,april_may
v2_003097,IMISRA13,2026-05-27 10:00:00+00:00,2026-05-27 11:00:00+00:00,2,0,benign,,,,april_may
v2_003098,IMISRA13,2026-05-28 10:00:00+00:00,2026-05-28 11:00:00+00:00,2,0,benign,,,,april_may
v2_003099,IMISRA13,2026-05-29 10:00:00+00:00,2026-05-29 11:00:00+00:00,2,0,benign,,,,april_may
v2_003100,IMISRA13,2026-05-31 10:00:00+00:00,2026-05-31 11:00:00+00:00,2,0,benign,,,,april_may
v2_003101,IMISRA13,2026-06-02 11:00:00+00:00,2026-06-02 11:00:00+00:00,1,0,benign,,,,june
v2_003102,IMISRA13,2026-06-03 10:00:00+00:00,2026-06-03 11:00:00+00:00,2,1,fault,statistical_anomaly,light_uv,statistical_anomaly=uv_high,june
v2_003103,IMISRA13,2026-06-04 08:00:00+00:00,2026-06-04 15:00:00+00:00,8,1,fault,statistical_anomaly,thermo_hygrometer,statistical_anomaly=temp_avg_c+temp_high_c+temp_low_c,june
v2_003104,IMISRA13,2026-06-04 17:00:00+00:00,2026-06-04 17:00:00+00:00,1,0,benign,,,,june
v2_003105,IMISRA13,2026-06-05 08:00:00+00:00,2026-06-05 13:00:00+00:00,6,1,fault,statistical_anomaly,thermo_hygrometer,statistical_anomaly=temp_avg_c+temp_high_c+temp_low_c,june
v2_003106,IMISRA13,2026-06-06 10:00:00+00:00,2026-06-06 11:00:00+00:00,2,1,fault,statistical_anomaly,light_uv,statistical_anomaly=uv_high,june
v2_003107,IMISRA13,2026-06-08 13:00:00+00:00,2026-06-08 13:00:00+00:00,1,1,fault,spike_impossible,barometer,spike_impossible=pressure_trend_hpa,june
v2_003108,IMISRA13,2026-06-09 11:00:00+00:00,2026-06-09 14:00:00+00:00,4,1,fault,statistical_anomaly,thermo_hygrometer,statistical_anomaly=temp_avg_c,june
v2_003109,IMISRA13,2026-06-10 10:00:00+00:00,2026-06-10 12:00:00+00:00,3,0,benign,,,,june
v2_003110,IMISRA13,2026-06-11 09:00:00+00:00,2026-06-11 15:00:00+00:00,7,1,fault,statistical_anomaly,light_uv|thermo_hygrometer,statistical_anomaly=temp_avg_c+uv_high,june
v2_003111,IMISRA13,2026-06-12 04:00:00+00:00,2026-06-12 04:00:00+00:00,1,0,benign,,,,june
v2_003112,IMISRA13,2026-06-12 11:00:00+00:00,2026-06-12 11:00:00+00:00,1,0,benign,,,,june
v2_003113,IMISRA13,2026-06-14 10:00:00+00:00,2026-06-14 11:00:00+00:00,2,1,fault,statistical_anomaly,light_uv,statistical_anomaly=uv_high,june
v2_003114,IMISRA13,2026-06-14 21:00:00+00:00,2026-06-14 21:00:00+00:00,1,1,fault,statistical_anomaly,barometer,statistical_anomaly=pressure_trend_hpa,june
v2_003115,IMISRA13,2026-06-15 11:00:00+00:00,2026-06-15 11:00:00+00:00,1,0,benign,,,,june
v2_003116,IMISRA13,2026-06-15 13:00:00+00:00,2026-06-15 15:00:00+00:00,3,0,benign,,,,june
v2_003117,IMISRA13,2026-06-15 16:00:00+00:00,2026-06-15 16:00:00+00:00,1,1,fault,statistical_anomaly,barometer,statistical_anomaly=pressure_trend_hpa,june
v2_003118,IMISRA13,2026-06-16 10:00:00+00:00,2026-06-16 11:00:00+00:00,2,1,fault,statistical_anomaly,light_uv,statistical_anomaly=uv_high,june
v2_003119,IMISRA13,2026-06-16 12:00:00+00:00,2026-06-16 14:00:00+00:00,3,0,benign,,,,june
v2_003120,IMISRA13,2026-06-17 11:00:00+00:00,2026-06-17 11:00:00+00:00,1,0,benign,,,,june
v2_003121,IMISRA13,2026-06-18 15:00:00+00:00,2026-06-18 15:00:00+00:00,1,1,fault,spike_impossible,barometer,spike_impossible=pressure_trend_hpa,june
v2_003122,IMISRA13,2026-06-21 18:00:00+00:00,2026-06-21 18:00:00+00:00,1,1,fault,spike_impossible,barometer,spike_impossible=pressure_trend_hpa,june
v2_003123,IMISRA13,2026-06-22 11:00:00+00:00,2026-06-22 11:00:00+00:00,1,0,benign,,,,june
v2_003124,IMISRA13,2026-06-23 11:00:00+00:00,2026-06-23 11:00:00+00:00,1,0,benign,,,,june
v2_003125,IMISRA13,2026-06-24 11:00:00+00:00,2026-06-24 11:00:00+00:00,1,0,benign,,,,june
v2_003126,IMISRA13,2026-06-25 11:00:00+00:00,2026-06-25 15:00:00+00:00,5,0,benign,,,,june
v2_003127,IMISRA13,2026-06-25 20:00:00+00:00,2026-06-25 20:00:00+00:00,1,1,fault,spike_impossible,barometer,spike_impossible=pressure_trend_hpa,june
v2_003128,IMISRA13,2026-06-28 11:00:00+00:00,2026-06-28 11:00:00+00:00,1,0,benign,,,,june
v2_003129,IMURQU5,2025-10-07 12:00:00+00:00,2025-10-07 12:00:00+00:00,1,0,benign,,,,pre_april
v2_003130,IMURQU5,2025-11-17 13:00:00+00:00,2025-11-17 13:00:00+00:00,1,0,benign,,,,pre_april
v2_003131,IMURQU5,2025-11-25 06:00:00+00:00,2025-11-25 06:00:00+00:00,1,0,benign,,,,pre_april
v2_003132,IMURQU5,2025-11-25 10:00:00+00:00,2025-11-25 15:00:00+00:00,6,0,benign,,,,pre_april
v2_003133,IMURQU5,2025-11-30 06:00:00+00:00,2025-11-30 06:00:00+00:00,1,0,benign,,,,pre_april
v2_003134,IMURQU5,2025-12-01 05:00:00+00:00,2025-12-01 07:00:00+00:00,3,0,benign,,,,pre_april
v2_003135,IMURQU5,2026-01-10 10:00:00+00:00,2026-01-10 12:00:00+00:00,3,1,fault,statistical_anomaly,anemometer,statistical_anomaly=windgust_avg_kmh+windspeed_avg_kmh,pre_april
v2_003136,IMURQU5,2026-01-19 23:00:00+00:00,2026-01-20 09:00:00+00:00,11,0,benign,,,,pre_april
v2_003137,IMURQU5,2026-01-20 11:00:00+00:00,2026-01-20 15:00:00+00:00,5,0,benign,,,,pre_april
v2_003138,IMURQU5,2026-01-23 11:00:00+00:00,2026-01-23 11:00:00+00:00,1,0,benign,,,,pre_april
v2_003139,IMURQU5,2026-01-23 13:00:00+00:00,2026-01-23 13:00:00+00:00,1,0,benign,,,,pre_april
v2_003140,IMURQU5,2026-01-28 23:00:00+00:00,2026-01-29 03:00:00+00:00,5,1,fault,statistical_anomaly,anemometer,statistical_anomaly=windgust_avg_kmh+windgust_high_kmh+windgust_low_kmh+windspeed_avg_kmh+windspeed_high_kmh,pre_april
v2_003141,IMURQU5,2026-02-01 08:00:00+00:00,2026-02-01 09:00:00+00:00,2,1,fault,statistical_anomaly,anemometer,statistical_anomaly=windgust_avg_kmh+windgust_high_kmh+windspeed_high_kmh,pre_april
v2_003142,IMURQU5,2026-02-01 11:00:00+00:00,2026-02-01 15:00:00+00:00,5,1,fault,statistical_anomaly,anemometer,statistical_anomaly=windgust_high_kmh,pre_april
v2_003143,IMURQU5,2026-02-12 10:00:00+00:00,2026-02-12 15:00:00+00:00,6,0,benign,,,,pre_april
v2_003144,IMURQU5,2026-02-15 21:00:00+00:00,2026-02-16 14:00:00+00:00,18,1,fault,statistical_anomaly,barometer,statistical_anomaly=pressure_max_hpa,pre_april
v2_003145,IMURQU5,2026-02-16 07:00:00+00:00,2026-02-16 07:00:00+00:00,1,0,borderline_review,,,,pre_april
v2_003146,IMURQU5,2026-02-16 19:00:00+00:00,2026-02-16 23:00:00+00:00,5,0,benign,,,,pre_april
v2_003147,IMURQU5,2026-03-05 11:00:00+00:00,2026-03-05 12:00:00+00:00,2,0,borderline_review,,,,pre_april
v2_003148,IMURQU5,2026-03-06 11:00:00+00:00,2026-03-06 12:00:00+00:00,2,0,borderline_review,,,,pre_april
v2_003149,IMURQU5,2026-03-07 11:00:00+00:00,2026-03-07 11:00:00+00:00,1,0,benign,,,,pre_april
v2_003150,IMURQU5,2026-03-10 11:00:00+00:00,2026-03-10 11:00:00+00:00,1,0,benign,,,,pre_april
v2_003151,IMURQU5,2026-03-11 11:00:00+00:00,2026-03-11 11:00:00+00:00,1,0,borderline_review,,,,pre_april
v2_003152,IMURQU5,2026-03-11 13:00:00+00:00,2026-03-11 13:00:00+00:00,1,0,borderline_review,,,,pre_april
v2_003153,IMURQU5,2026-03-12 09:00:00+00:00,2026-03-12 10:00:00+00:00,2,0,benign,,,,pre_april
v2_003154,IMURQU5,2026-03-13 12:00:00+00:00,2026-03-13 12:00:00+00:00,1,0,borderline_review,,,,pre_april
v2_003155,IMURQU5,2026-03-16 08:00:00+00:00,2026-03-16 09:00:00+00:00,2,0,benign,,,,pre_april
v2_003156,IMURQU5,2026-03-16 12:00:00+00:00,2026-03-16 15:00:00+00:00,4,0,borderline_review,,,,pre_april
v2_003157,IMURQU5,2026-03-16 20:00:00+00:00,2026-03-16 21:00:00+00:00,2,1,fault,statistical_anomaly,anemometer,statistical_anomaly=windgust_avg_kmh,pre_april
v2_003158,IMURQU5,2026-03-19 04:00:00+00:00,2026-03-19 04:00:00+00:00,1,1,fault,statistical_anomaly,barometer,statistical_anomaly=pressure_trend_hpa,pre_april
v2_003159,IMURQU5,2026-04-21 10:00:00+00:00,2026-04-21 11:00:00+00:00,2,0,benign,,,,april_may
v2_003160,IMURQU5,2026-04-22 08:00:00+00:00,2026-04-22 08:00:00+00:00,1,0,benign,,,,april_may
v2_003161,IMURQU5,2026-04-22 11:00:00+00:00,2026-04-22 11:00:00+00:00,1,0,benign,,,,april_may
v2_003162,IMURQU5,2026-04-23 08:00:00+00:00,2026-04-23 08:00:00+00:00,1,0,benign,,,,april_may
v2_003163,IMURQU5,2026-04-23 11:00:00+00:00,2026-04-23 11:00:00+00:00,1,0,benign,,,,april_may
v2_003164,IMURQU5,2026-04-24 10:00:00+00:00,2026-04-24 12:00:00+00:00,3,0,benign,,,,april_may
v2_003165,IMURQU5,2026-04-24 13:00:00+00:00,2026-04-24 13:00:00+00:00,1,0,benign,,,,april_may
v2_003166,IMURQU5,2026-04-25 10:00:00+00:00,2026-04-25 11:00:00+00:00,2,0,benign,,,,april_may
v2_003167,IMURQU5,2026-04-26 08:00:00+00:00,2026-04-26 08:00:00+00:00,1,0,benign,,,,april_may
v2_003168,IMURQU5,2026-04-26 10:00:00+00:00,2026-04-26 11:00:00+00:00,2,0,benign,,,,april_may
v2_003169,IMURQU5,2026-04-27 10:00:00+00:00,2026-04-27 11:00:00+00:00,2,0,benign,,,,april_may
v2_003170,IMURQU5,2026-04-28 08:00:00+00:00,2026-04-28 08:00:00+00:00,1,0,benign,,,,april_may
v2_003171,IMURQU5,2026-04-28 15:00:00+00:00,2026-04-28 15:00:00+00:00,1,0,benign,,,,april_may
v2_003172,IMURQU5,2026-04-29 08:00:00+00:00,2026-04-29 08:00:00+00:00,1,0,benign,,,,april_may
v2_003173,IMURQU5,2026-05-02 02:00:00+00:00,2026-05-02 02:00:00+00:00,1,0,benign,,,,april_may
v2_003174,IMURQU5,2026-05-02 10:00:00+00:00,2026-05-02 12:00:00+00:00,3,0,benign,,,,april_may
v2_003175,IMURQU5,2026-05-03 10:00:00+00:00,2026-05-03 12:00:00+00:00,3,0,benign,,,,april_may
v2_003176,IMURQU5,2026-05-04 10:00:00+00:00,2026-05-04 12:00:00+00:00,3,0,benign,,,,april_may
v2_003177,IMURQU5,2026-05-06 11:00:00+00:00,2026-05-06 11:00:00+00:00,1,0,benign,,,,april_may
v2_003178,IMURQU5,2026-05-06 12:00:00+00:00,2026-05-06 16:00:00+00:00,5,0,benign,,,,april_may
v2_003179,IMURQU5,2026-05-08 02:00:00+00:00,2026-05-08 02:00:00+00:00,1,0,benign,,,,april_may
v2_003180,IMURQU5,2026-05-10 13:00:00+00:00,2026-05-10 13:00:00+00:00,1,0,benign,,,,april_may
v2_003181,IMURQU5,2026-05-11 10:00:00+00:00,2026-05-11 12:00:00+00:00,3,0,benign,,,,april_may
v2_003182,IMURQU5,2026-05-12 10:00:00+00:00,2026-05-12 15:00:00+00:00,6,1,fault,statistical_anomaly,thermo_hygrometer,statistical_anomaly=temp_low_c,april_may
v2_003183,IMURQU5,2026-05-13 08:00:00+00:00,2026-05-13 08:00:00+00:00,1,0,borderline_review,,,,april_may
v2_003184,IMURQU5,2026-05-13 10:00:00+00:00,2026-05-13 12:00:00+00:00,3,0,borderline_review,,,,april_may
v2_003185,IMURQU5,2026-05-14 10:00:00+00:00,2026-05-14 11:00:00+00:00,2,0,benign,,,,april_may
v2_003186,IMURQU5,2026-05-14 22:00:00+00:00,2026-05-14 22:00:00+00:00,1,0,benign,,,,april_may
v2_003187,IMURQU5,2026-05-15 07:00:00+00:00,2026-05-15 07:00:00+00:00,1,0,benign,,,,april_may
v2_003188,IMURQU5,2026-05-15 08:00:00+00:00,2026-05-15 09:00:00+00:00,2,0,benign,,,,april_may
v2_003189,IMURQU5,2026-05-15 12:00:00+00:00,2026-05-15 12:00:00+00:00,1,0,benign,,,,april_may
v2_003190,IMURQU5,2026-05-16 08:00:00+00:00,2026-05-16 08:00:00+00:00,1,0,benign,,,,april_may
v2_003191,IMURQU5,2026-05-16 13:00:00+00:00,2026-05-16 13:00:00+00:00,1,0,benign,,,,april_may
v2_003192,IMURQU5,2026-05-16 22:00:00+00:00,2026-05-16 22:00:00+00:00,1,0,benign,,,,april_may
v2_003193,IMURQU5,2026-05-17 00:00:00+00:00,2026-05-17 00:00:00+00:00,1,0,benign,,,,april_may
v2_003194,IMURQU5,2026-05-17 02:00:00+00:00,2026-05-17 02:00:00+00:00,1,1,fault,statistical_anomaly,barometer,statistical_anomaly=pressure_trend_hpa,april_may
v2_003195,IMURQU5,2026-05-17 08:00:00+00:00,2026-05-17 08:00:00+00:00,1,0,benign,,,,april_may
v2_003196,IMURQU5,2026-05-17 12:00:00+00:00,2026-05-17 12:00:00+00:00,1,1,fault,statistical_anomaly,barometer,statistical_anomaly=pressure_trend_hpa,april_may
v2_003197,IMURQU5,2026-05-17 13:00:00+00:00,2026-05-17 13:00:00+00:00,1,0,benign,,,,april_may
v2_003198,IMURQU5,2026-05-18 12:00:00+00:00,2026-05-18 12:00:00+00:00,1,0,benign,,,,april_may
v2_003199,IMURQU5,2026-05-19 10:00:00+00:00,2026-05-19 11:00:00+00:00,2,0,benign,,,,april_may
v2_003200,IMURQU5,2026-05-20 10:00:00+00:00,2026-05-20 11:00:00+00:00,2,0,benign,,,,april_may
v2_003201,IMURQU5,2026-05-21 10:00:00+00:00,2026-05-21 11:00:00+00:00,2,0,benign,,,,april_may
v2_003202,IMURQU5,2026-05-22 10:00:00+00:00,2026-05-22 11:00:00+00:00,2,0,benign,,,,april_may
v2_003203,IMURQU5,2026-05-23 10:00:00+00:00,2026-05-23 11:00:00+00:00,2,0,benign,,,,april_may
v2_003204,IMURQU5,2026-05-24 10:00:00+00:00,2026-05-24 11:00:00+00:00,2,0,benign,,,,april_may
v2_003205,IMURQU5,2026-05-25 10:00:00+00:00,2026-05-25 11:00:00+00:00,2,0,benign,,,,april_may
v2_003206,IMURQU5,2026-05-26 10:00:00+00:00,2026-05-26 11:00:00+00:00,2,0,benign,,,,april_may
v2_003207,IMURQU5,2026-05-28 10:00:00+00:00,2026-05-28 11:00:00+00:00,2,0,benign,,,,april_may
v2_003208,IMURQU5,2026-05-29 10:00:00+00:00,2026-05-29 11:00:00+00:00,2,0,benign,,,,april_may
v2_003209,IMURQU5,2026-05-30 10:00:00+00:00,2026-05-30 12:00:00+00:00,3,0,benign,,,,april_may
v2_003210,IMURQU5,2026-05-30 13:00:00+00:00,2026-05-30 13:00:00+00:00,1,0,borderline_review,,,,april_may
v2_003211,IMURQU5,2026-05-31 10:00:00+00:00,2026-05-31 11:00:00+00:00,2,0,benign,,,,april_may
v2_003212,IMURQU5,2026-06-01 10:00:00+00:00,2026-06-01 12:00:00+00:00,3,0,benign,,,,june
v2_003213,IMURQU5,2026-06-02 10:00:00+00:00,2026-06-02 11:00:00+00:00,2,0,benign,,,,june
v2_003214,IMURQU5,2026-06-03 10:00:00+00:00,2026-06-03 11:00:00+00:00,2,0,benign,,,,june
v2_003215,IMURQU5,2026-06-04 12:00:00+00:00,2026-06-04 14:00:00+00:00,3,1,fault,statistical_anomaly,barometer,statistical_anomaly=pressure_trend_hpa,june
v2_003216,IMURQU5,2026-06-05 08:00:00+00:00,2026-06-05 13:00:00+00:00,6,1,fault,statistical_anomaly,thermo_hygrometer,statistical_anomaly=temp_avg_c+temp_high_c+temp_low_c,june
v2_003217,IMURQU5,2026-06-06 10:00:00+00:00,2026-06-06 11:00:00+00:00,2,0,benign,,,,june
v2_003218,IMURQU5,2026-06-08 10:00:00+00:00,2026-06-08 10:00:00+00:00,1,0,benign,,,,june
v2_003219,IMURQU5,2026-06-08 14:00:00+00:00,2026-06-08 14:00:00+00:00,1,0,benign,,,,june
v2_003220,IMURQU5,2026-06-12 08:00:00+00:00,2026-06-12 08:00:00+00:00,1,0,benign,,,,june
v2_003221,IMURQU5,2026-06-13 10:00:00+00:00,2026-06-13 11:00:00+00:00,2,0,benign,,,,june
v2_003222,IMURQU5,2026-06-14 10:00:00+00:00,2026-06-14 11:00:00+00:00,2,0,benign,,,,june
v2_003223,IMURQU5,2026-06-15 10:00:00+00:00,2026-06-15 11:00:00+00:00,2,0,benign,,,,june
v2_003224,IMURQU5,2026-06-16 08:00:00+00:00,2026-06-16 08:00:00+00:00,1,0,benign,,,,june
v2_003225,IMURQU5,2026-06-16 11:00:00+00:00,2026-06-16 11:00:00+00:00,1,0,benign,,,,june
v2_003226,IMURQU5,2026-06-17 08:00:00+00:00,2026-06-17 08:00:00+00:00,1,0,benign,,,,june
v2_003227,IMURQU5,2026-06-17 11:00:00+00:00,2026-06-17 11:00:00+00:00,1,1,fault,spike_impossible,barometer,spike_impossible=pressure_trend_hpa,june
v2_003228,IMURQU5,2026-06-17 13:00:00+00:00,2026-06-17 13:00:00+00:00,1,0,benign,,,,june
v2_003229,IMURQU5,2026-06-18 10:00:00+00:00,2026-06-18 11:00:00+00:00,2,0,benign,,,,june
v2_003230,IMURQU5,2026-06-20 08:00:00+00:00,2026-06-20 08:00:00+00:00,1,0,benign,,,,june
v2_003231,IMURQU5,2026-06-27 11:00:00+00:00,2026-06-27 11:00:00+00:00,1,0,benign,,,,june
v2_003232,IMURQU5,2026-06-27 13:00:00+00:00,2026-06-27 13:00:00+00:00,1,0,benign,,,,june
v2_003233,IMURQU5,2026-06-28 08:00:00+00:00,2026-06-28 08:00:00+00:00,1,0,benign,,,,june
v2_003234,IMURQU5,2026-06-28 13:00:00+00:00,2026-06-28 13:00:00+00:00,1,0,benign,,,,june
v2_003235,IMURQU5,2026-06-29 08:00:00+00:00,2026-06-29 08:00:00+00:00,1,0,benign,,,,june
v2_003236,IMURQU5,2026-06-29 13:00:00+00:00,2026-06-29 13:00:00+00:00,1,0,benign,,,,june
v2_003237,IMURQU5,2026-06-30 08:00:00+00:00,2026-06-30 08:00:00+00:00,1,0,benign,,,,june
v2_003238,IMURQU5,2026-06-30 13:00:00+00:00,2026-06-30 13:00:00+00:00,1,0,borderline_review,,,,june
v2_003239,IMURQU6,2025-10-20 08:00:00+00:00,2025-10-20 08:00:00+00:00,1,0,benign,,,,pre_april
v2_003240,IMURQU6,2025-10-21 11:00:00+00:00,2025-10-21 11:00:00+00:00,1,0,benign,,,,pre_april
v2_003241,IMURQU6,2025-10-25 14:00:00+00:00,2025-10-25 14:00:00+00:00,1,0,benign,,,,pre_april
v2_003242,IMURQU6,2025-10-26 09:00:00+00:00,2025-10-26 09:00:00+00:00,1,0,benign,,,,pre_april
v2_003243,IMURQU6,2025-11-03 06:00:00+00:00,2025-11-03 06:00:00+00:00,1,0,benign,,,,pre_april
v2_003244,IMURQU6,2025-11-13 13:00:00+00:00,2025-11-13 13:00:00+00:00,1,0,benign,,,,pre_april
v2_003245,IMURQU6,2025-11-17 11:00:00+00:00,2025-11-17 22:00:00+00:00,12,1,fault,statistical_anomaly,thermo_hygrometer,statistical_anomaly=humidity_avg_pct+humidity_high_pct+temp_avg_c,pre_april
v2_003246,IMURQU6,2025-11-18 13:00:00+00:00,2025-11-18 14:00:00+00:00,2,0,benign,,,,pre_april
v2_003247,IMURQU6,2025-11-30 12:00:00+00:00,2025-11-30 12:00:00+00:00,1,0,benign,,,,pre_april
v2_003248,IMURQU6,2025-12-02 20:00:00+00:00,2025-12-02 23:00:00+00:00,4,0,benign,,,,pre_april
v2_003249,IMURQU6,2025-12-05 22:00:00+00:00,2025-12-05 22:00:00+00:00,1,0,benign,,,,pre_april
v2_003250,IMURQU6,2025-12-06 12:00:00+00:00,2025-12-06 13:00:00+00:00,2,1,fault,statistical_anomaly,anemometer,statistical_anomaly=windgust_high_kmh+windspeed_high_kmh,pre_april
v2_003251,IMURQU6,2025-12-06 14:00:00+00:00,2025-12-06 22:00:00+00:00,9,0,benign,,,,pre_april
v2_003252,IMURQU6,2025-12-07 11:00:00+00:00,2025-12-07 16:00:00+00:00,6,0,benign,,,,pre_april
v2_003253,IMURQU6,2025-12-07 19:00:00+00:00,2025-12-07 22:00:00+00:00,4,0,benign,,,,pre_april
v2_003254,IMURQU6,2025-12-17 11:00:00+00:00,2025-12-17 11:00:00+00:00,1,1,fault,statistical_anomaly,barometer,statistical_anomaly=pressure_trend_hpa,pre_april
v2_003255,IMURQU6,2025-12-19 15:00:00+00:00,2025-12-19 15:00:00+00:00,1,0,benign,,,,pre_april
v2_003256,IMURQU6,2025-12-19 17:00:00+00:00,2025-12-19 18:00:00+00:00,2,0,benign,,,,pre_april
v2_003257,IMURQU6,2025-12-20 13:00:00+00:00,2025-12-20 13:00:00+00:00,1,0,benign,,,,pre_april
v2_003258,IMURQU6,2025-12-21 05:00:00+00:00,2025-12-21 05:00:00+00:00,1,0,benign,,,,pre_april
v2_003259,IMURQU6,2025-12-24 18:00:00+00:00,2025-12-24 18:00:00+00:00,1,0,benign,,,,pre_april
v2_003260,IMURQU6,2025-12-25 09:00:00+00:00,2025-12-25 09:00:00+00:00,1,0,benign,,,,pre_april
v2_003261,IMURQU6,2025-12-28 14:00:00+00:00,2025-12-28 14:00:00+00:00,1,0,benign,,,,pre_april
v2_003262,IMURQU6,2026-01-05 17:00:00+00:00,2026-01-05 17:00:00+00:00,1,0,benign,,,,pre_april
v2_003263,IMURQU6,2026-01-07 20:00:00+00:00,2026-01-07 20:00:00+00:00,1,0,benign,,,,pre_april
v2_003264,IMURQU6,2026-01-08 11:00:00+00:00,2026-01-08 11:00:00+00:00,1,0,benign,,,,pre_april
v2_003265,IMURQU6,2026-01-09 03:00:00+00:00,2026-01-09 08:00:00+00:00,6,0,borderline_review,,,,pre_april
v2_003266,IMURQU6,2026-01-10 00:00:00+00:00,2026-01-10 03:00:00+00:00,4,0,benign,,,,pre_april
v2_003267,IMURQU6,2026-01-14 01:00:00+00:00,2026-01-14 08:00:00+00:00,8,0,benign,,,,pre_april
v2_003268,IMURQU6,2026-01-20 01:00:00+00:00,2026-01-20 02:00:00+00:00,2,0,benign,,,,pre_april
v2_003269,IMURQU6,2026-01-20 07:00:00+00:00,2026-01-20 16:00:00+00:00,10,0,benign,,,,pre_april
v2_003270,IMURQU6,2026-01-21 04:00:00+00:00,2026-01-21 06:00:00+00:00,3,0,benign,,,,pre_april
v2_003271,IMURQU6,2026-01-31 19:00:00+00:00,2026-01-31 20:00:00+00:00,2,0,benign,,,,pre_april
v2_003272,IMURQU6,2026-02-01 05:00:00+00:00,2026-02-01 05:00:00+00:00,1,0,benign,,,,pre_april
v2_003273,IMURQU6,2026-02-01 08:00:00+00:00,2026-02-01 17:00:00+00:00,10,1,fault,statistical_anomaly,anemometer,statistical_anomaly=windgust_avg_kmh+windgust_high_kmh+windspeed_avg_kmh+windspeed_high_kmh,pre_april
v2_003274,IMURQU6,2026-02-03 11:00:00+00:00,2026-02-03 17:00:00+00:00,7,0,benign,,,,pre_april
v2_003275,IMURQU6,2026-02-06 13:00:00+00:00,2026-02-06 13:00:00+00:00,1,0,benign,,,,pre_april
v2_003276,IMURQU6,2026-02-08 07:00:00+00:00,2026-02-08 07:00:00+00:00,1,0,benign,,,,pre_april
v2_003277,IMURQU6,2026-02-12 15:00:00+00:00,2026-02-12 16:00:00+00:00,2,0,borderline_review,,,,pre_april
v2_003278,IMURQU6,2026-02-14 15:00:00+00:00,2026-02-14 16:00:00+00:00,2,0,borderline_review,,,,pre_april
v2_003279,IMURQU6,2026-02-15 13:00:00+00:00,2026-02-15 13:00:00+00:00,1,0,benign,,,,pre_april
v2_003280,IMURQU6,2026-02-15 20:00:00+00:00,2026-02-15 20:00:00+00:00,1,0,benign,,,,pre_april
v2_003281,IMURQU6,2026-02-17 14:00:00+00:00,2026-02-17 15:00:00+00:00,2,0,borderline_review,,,,pre_april
v2_003282,IMURQU6,2026-03-16 18:00:00+00:00,2026-03-16 18:00:00+00:00,1,1,fault,spike_impossible,barometer,spike_impossible=pressure_trend_hpa,pre_april
v2_003283,IMURQU6,2026-03-18 09:00:00+00:00,2026-03-18 09:00:00+00:00,1,0,benign,,,,pre_april
v2_003284,IMURQU6,2026-03-19 13:00:00+00:00,2026-03-19 13:00:00+00:00,1,0,benign,,,,pre_april
v2_003285,IMURQU6,2026-03-19 14:00:00+00:00,2026-03-19 14:00:00+00:00,1,0,benign,,,,pre_april
v2_003286,IMURQU6,2026-03-20 03:00:00+00:00,2026-03-20 03:00:00+00:00,1,0,benign,,,,pre_april
v2_003287,IMURQU6,2026-04-18 11:00:00+00:00,2026-04-18 11:00:00+00:00,1,0,benign,,,,april_may
v2_003288,IMURQU6,2026-04-18 14:00:00+00:00,2026-04-18 14:00:00+00:00,1,0,benign,,,,april_may
v2_003289,IMURQU6,2026-04-23 11:00:00+00:00,2026-04-23 11:00:00+00:00,1,0,benign,,,,april_may
v2_003290,IMURQU6,2026-04-23 13:00:00+00:00,2026-04-23 13:00:00+00:00,1,0,benign,,,,april_may
v2_003291,IMURQU6,2026-04-24 03:00:00+00:00,2026-04-24 03:00:00+00:00,1,0,benign,,,,april_may
v2_003292,IMURQU6,2026-04-24 10:00:00+00:00,2026-04-24 11:00:00+00:00,2,0,benign,,,,april_may
v2_003293,IMURQU6,2026-04-25 11:00:00+00:00,2026-04-25 11:00:00+00:00,1,0,benign,,,,april_may
v2_003294,IMURQU6,2026-04-26 11:00:00+00:00,2026-04-26 11:00:00+00:00,1,0,benign,,,,april_may
v2_003295,IMURQU6,2026-04-27 10:00:00+00:00,2026-04-27 12:00:00+00:00,3,0,benign,,,,april_may
v2_003296,IMURQU6,2026-04-29 11:00:00+00:00,2026-04-29 11:00:00+00:00,1,0,benign,,,,april_may
v2_003297,IMURQU6,2026-04-29 16:00:00+00:00,2026-04-29 16:00:00+00:00,1,0,benign,,,,april_may
v2_003298,IMURQU6,2026-04-30 06:00:00+00:00,2026-04-30 06:00:00+00:00,1,0,benign,,,,april_may
v2_003299,IMURQU6,2026-04-30 10:00:00+00:00,2026-04-30 11:00:00+00:00,2,0,benign,,,,april_may
v2_003300,IMURQU6,2026-05-02 11:00:00+00:00,2026-05-02 11:00:00+00:00,1,0,benign,,,,april_may
v2_003301,IMURQU6,2026-05-03 02:00:00+00:00,2026-05-03 02:00:00+00:00,1,0,benign,,,,april_may
v2_003302,IMURQU6,2026-05-03 10:00:00+00:00,2026-05-03 11:00:00+00:00,2,0,benign,,,,april_may
v2_003303,IMURQU6,2026-05-04 10:00:00+00:00,2026-05-04 11:00:00+00:00,2,0,benign,,,,april_may
v2_003304,IMURQU6,2026-05-05 10:00:00+00:00,2026-05-05 11:00:00+00:00,2,0,benign,,,,april_may
v2_003305,IMURQU6,2026-05-06 10:00:00+00:00,2026-05-06 12:00:00+00:00,3,1,fault,statistical_anomaly,thermo_hygrometer,statistical_anomaly=humidity_avg_pct+humidity_high_pct,april_may
v2_003306,IMURQU6,2026-05-08 04:00:00+00:00,2026-05-08 04:00:00+00:00,1,0,benign,,,,april_may
v2_003307,IMURQU6,2026-05-08 10:00:00+00:00,2026-05-08 10:00:00+00:00,1,0,benign,,,,april_may
v2_003308,IMURQU6,2026-05-10 08:00:00+00:00,2026-05-10 09:00:00+00:00,2,1,fault,statistical_anomaly,thermo_hygrometer,statistical_anomaly=temp_avg_c+temp_high_c,april_may
v2_003309,IMURQU6,2026-05-10 10:00:00+00:00,2026-05-10 10:00:00+00:00,1,1,fault,spike_impossible,barometer,spike_impossible=pressure_trend_hpa,april_may
v2_003310,IMURQU6,2026-05-11 10:00:00+00:00,2026-05-11 10:00:00+00:00,1,0,benign,,,,april_may
v2_003311,IMURQU6,2026-05-12 05:00:00+00:00,2026-05-12 13:00:00+00:00,9,1,fault,statistical_anomaly,thermo_hygrometer,statistical_anomaly=humidity_avg_pct+humidity_high_pct+temp_avg_c+temp_high_c+temp_low_c,april_may
v2_003312,IMURQU6,2026-05-14 23:00:00+00:00,2026-05-14 23:00:00+00:00,1,0,benign,,,,april_may
v2_003313,IMURQU6,2026-05-15 03:00:00+00:00,2026-05-15 03:00:00+00:00,1,0,benign,,,,april_may
v2_003314,IMURQU6,2026-05-15 06:00:00+00:00,2026-05-15 06:00:00+00:00,1,0,benign,,,,april_may
v2_003315,IMURQU6,2026-05-15 12:00:00+00:00,2026-05-15 16:00:00+00:00,5,1,fault,statistical_anomaly,thermo_hygrometer,statistical_anomaly=temp_avg_c,april_may
v2_003316,IMURQU6,2026-05-16 08:00:00+00:00,2026-05-16 08:00:00+00:00,1,1,fault,statistical_anomaly,barometer,statistical_anomaly=pressure_trend_hpa,april_may
v2_003317,IMURQU6,2026-05-17 00:00:00+00:00,2026-05-17 00:00:00+00:00,1,1,fault,statistical_anomaly,barometer,statistical_anomaly=pressure_trend_hpa,april_may
v2_003318,IMURQU6,2026-05-17 02:00:00+00:00,2026-05-17 04:00:00+00:00,3,1,fault,spike_impossible|statistical_anomaly,barometer,spike_impossible=pressure_trend_hpa|statistical_anomaly=pressure_trend_hpa,april_may
v2_003319,IMURQU6,2026-05-17 09:00:00+00:00,2026-05-17 09:00:00+00:00,1,0,benign,,,,april_may
v2_003320,IMURQU6,2026-05-17 12:00:00+00:00,2026-05-17 12:00:00+00:00,1,1,fault,statistical_anomaly,barometer,statistical_anomaly=pressure_trend_hpa,april_may
v2_003321,IMURQU6,2026-05-17 14:00:00+00:00,2026-05-17 14:00:00+00:00,1,1,fault,statistical_anomaly,barometer,statistical_anomaly=pressure_trend_hpa,april_may
v2_003322,IMURQU6,2026-05-17 16:00:00+00:00,2026-05-17 16:00:00+00:00,1,0,benign,,,,april_may
v2_003323,IMURQU6,2026-05-19 10:00:00+00:00,2026-05-19 11:00:00+00:00,2,0,benign,,,,april_may
v2_003324,IMURQU6,2026-05-20 10:00:00+00:00,2026-05-20 11:00:00+00:00,2,0,benign,,,,april_may
v2_003325,IMURQU6,2026-05-22 10:00:00+00:00,2026-05-22 11:00:00+00:00,2,0,benign,,,,april_may
v2_003326,IMURQU6,2026-05-26 10:00:00+00:00,2026-05-26 11:00:00+00:00,2,0,benign,,,,april_may
v2_003327,IMURQU6,2026-05-26 17:00:00+00:00,2026-05-26 17:00:00+00:00,1,1,fault,statistical_anomaly,light_uv,statistical_anomaly=uv_high,april_may
v2_003328,IMURQU6,2026-05-29 05:00:00+00:00,2026-05-29 05:00:00+00:00,1,0,benign,,,,april_may
v2_003329,IMURQU6,2026-05-29 10:00:00+00:00,2026-05-29 11:00:00+00:00,2,0,benign,,,,april_may
v2_003330,IMURQU6,2026-05-30 10:00:00+00:00,2026-05-30 10:00:00+00:00,1,0,benign,,,,april_may
v2_003331,IMURQU6,2026-06-01 01:00:00+00:00,2026-06-01 01:00:00+00:00,1,0,benign,,,,june
v2_003332,IMURQU6,2026-06-02 05:00:00+00:00,2026-06-02 05:00:00+00:00,1,0,benign,,,,june
v2_003333,IMURQU6,2026-06-02 12:00:00+00:00,2026-06-02 12:00:00+00:00,1,0,benign,,,,june
v2_003334,IMURQU6,2026-06-04 02:00:00+00:00,2026-06-04 02:00:00+00:00,1,0,benign,,,,june
v2_003335,IMURQU6,2026-06-04 07:00:00+00:00,2026-06-04 09:00:00+00:00,3,0,benign,,,,june
v2_003336,IMURQU6,2026-06-05 07:00:00+00:00,2026-06-05 07:00:00+00:00,1,1,fault,spike_impossible,barometer,spike_impossible=pressure_trend_hpa,june
v2_003337,IMURQU6,2026-06-05 11:00:00+00:00,2026-06-05 12:00:00+00:00,2,0,benign,,,,june
v2_003338,IMURQU6,2026-06-06 11:00:00+00:00,2026-06-06 11:00:00+00:00,1,0,benign,,,,june
v2_003339,IMURQU6,2026-06-09 18:00:00+00:00,2026-06-09 18:00:00+00:00,1,1,fault,statistical_anomaly,barometer,statistical_anomaly=pressure_trend_hpa,june
v2_003340,IMURQU6,2026-06-14 10:00:00+00:00,2026-06-14 10:00:00+00:00,1,0,benign,,,,june
v2_003341,IMURQU6,2026-06-15 10:00:00+00:00,2026-06-15 10:00:00+00:00,1,0,benign,,,,june
v2_003342,IMURQU6,2026-06-16 14:00:00+00:00,2026-06-16 14:00:00+00:00,1,1,fault,statistical_anomaly,light_uv,statistical_anomaly=uv_high,june
v2_003343,IMURQU6,2026-06-19 03:00:00+00:00,2026-06-19 03:00:00+00:00,1,0,benign,,,,june
v2_003344,IMURQU6,2026-06-20 05:00:00+00:00,2026-06-20 05:00:00+00:00,1,0,benign,,,,june
v2_003345,IMURQU6,2026-06-22 04:00:00+00:00,2026-06-22 04:00:00+00:00,1,0,benign,,,,june
v2_003346,IMURQU6,2026-06-25 09:00:00+00:00,2026-06-25 09:00:00+00:00,1,0,benign,,,,june
v2_003347,IMURQU6,2026-06-25 10:00:00+00:00,2026-06-25 10:00:00+00:00,1,1,fault,statistical_anomaly,barometer,statistical_anomaly=pressure_trend_hpa,june
v2_003348,IMURQU7,2025-10-10 16:00:00+00:00,2025-10-12 09:00:00+00:00,42,1,fault,stuck_flatline,anemometer,stuck_flatline=windspeed_avg_kmh,pre_april
v2_003349,IMURQU7,2025-10-16 14:00:00+00:00,2025-10-16 14:00:00+00:00,1,0,benign,,,,pre_april
v2_003350,IMURQU7,2025-10-26 11:00:00+00:00,2025-10-26 15:00:00+00:00,5,0,benign,,,,pre_april
v2_003351,IMURQU7,2025-11-13 09:00:00+00:00,2025-11-13 09:00:00+00:00,1,1,fault,statistical_anomaly,barometer,statistical_anomaly=pressure_trend_hpa,pre_april
v2_003352,IMURQU7,2025-11-17 12:00:00+00:00,2025-11-17 15:00:00+00:00,4,0,benign,,,,pre_april
v2_003353,IMURQU7,2025-11-25 12:00:00+00:00,2025-11-25 17:00:00+00:00,6,0,benign,,,,pre_april
v2_003354,IMURQU7,2025-12-01 00:00:00+00:00,2025-12-01 03:00:00+00:00,4,1,fault,statistical_anomaly,thermo_hygrometer,statistical_anomaly=temp_avg_c,pre_april
v2_003355,IMURQU7,2026-01-08 11:00:00+00:00,2026-01-08 23:00:00+00:00,13,1,fault,spike_impossible,rain_gauge,spike_impossible=precip_rate_mmh+precip_total_mm,pre_april
v2_003356,IMURQU7,2026-01-09 21:00:00+00:00,2026-01-09 23:00:00+00:00,3,1,fault,spike_impossible,rain_gauge,spike_impossible=precip_rate_mmh+precip_total_mm,pre_april
v2_003357,IMURQU7,2026-01-10 03:00:00+00:00,2026-01-10 05:00:00+00:00,3,1,fault,statistical_anomaly,thermo_hygrometer,statistical_anomaly=temp_avg_c,pre_april
v2_003358,IMURQU7,2026-01-20 01:00:00+00:00,2026-01-20 16:00:00+00:00,16,0,benign,,,,pre_april
v2_003359,IMURQU7,2026-01-22 07:00:00+00:00,2026-01-22 07:00:00+00:00,1,1,fault,spike_impossible,barometer,spike_impossible=pressure_trend_hpa,pre_april
v2_003360,IMURQU7,2026-01-23 10:00:00+00:00,2026-01-23 10:00:00+00:00,1,0,benign,,,,pre_april
v2_003361,IMURQU7,2026-01-23 11:00:00+00:00,2026-01-23 11:00:00+00:00,1,0,benign,,,,pre_april
v2_003362,IMURQU7,2026-01-23 13:00:00+00:00,2026-01-23 13:00:00+00:00,1,0,benign,,,,pre_april
v2_003363,IMURQU7,2026-01-24 15:00:00+00:00,2026-01-24 15:00:00+00:00,1,0,benign,,,,pre_april
v2_003364,IMURQU7,2026-01-25 02:00:00+00:00,2026-01-25 02:00:00+00:00,1,0,benign,,,,pre_april
v2_003365,IMURQU7,2026-01-25 12:00:00+00:00,2026-01-25 13:00:00+00:00,2,0,benign,,,,pre_april
v2_003366,IMURQU7,2026-01-26 16:00:00+00:00,2026-01-26 16:00:00+00:00,1,0,benign,,,,pre_april
v2_003367,IMURQU7,2026-01-26 17:00:00+00:00,2026-01-26 17:00:00+00:00,1,0,benign,,,,pre_april
v2_003368,IMURQU7,2026-01-26 19:00:00+00:00,2026-01-26 19:00:00+00:00,1,0,benign,,,,pre_april
v2_003369,IMURQU7,2026-01-26 22:00:00+00:00,2026-01-26 22:00:00+00:00,1,1,fault,spike_impossible,rain_gauge,spike_impossible=precip_rate_mmh,pre_april
v2_003370,IMURQU7,2026-01-27 11:00:00+00:00,2026-01-27 11:00:00+00:00,1,1,fault,spike_impossible,rain_gauge,spike_impossible=precip_rate_mmh,pre_april
v2_003371,IMURQU7,2026-01-27 19:00:00+00:00,2026-01-27 19:00:00+00:00,1,1,fault,spike_impossible,rain_gauge,spike_impossible=precip_rate_mmh,pre_april
v2_003372,IMURQU7,2026-01-29 07:00:00+00:00,2026-01-29 07:00:00+00:00,1,1,fault,spike_impossible,rain_gauge,spike_impossible=precip_rate_mmh,pre_april
v2_003373,IMURQU7,2026-01-29 09:00:00+00:00,2026-01-29 09:00:00+00:00,1,1,fault,spike_impossible,rain_gauge,spike_impossible=precip_rate_mmh,pre_april
v2_003374,IMURQU7,2026-01-30 11:00:00+00:00,2026-01-30 11:00:00+00:00,1,0,benign,,,,pre_april
v2_003375,IMURQU7,2026-01-30 14:00:00+00:00,2026-01-30 14:00:00+00:00,1,1,fault,spike_impossible,rain_gauge,spike_impossible=precip_rate_mmh,pre_april
v2_003376,IMURQU7,2026-01-31 13:00:00+00:00,2026-01-31 13:00:00+00:00,1,0,benign,,,,pre_april
v2_003377,IMURQU7,2026-01-31 17:00:00+00:00,2026-01-31 17:00:00+00:00,1,0,benign,,,,pre_april
v2_003378,IMURQU7,2026-01-31 19:00:00+00:00,2026-01-31 20:00:00+00:00,2,0,benign,,,,pre_april
v2_003379,IMURQU7,2026-01-31 23:00:00+00:00,2026-02-01 00:00:00+00:00,2,1,fault,spike_impossible,rain_gauge,spike_impossible=precip_rate_mmh+precip_total_mm,pre_april
v2_003380,IMURQU7,2026-02-01 08:00:00+00:00,2026-02-01 08:00:00+00:00,1,1,fault,spike_impossible|statistical_anomaly,anemometer|rain_gauge,spike_impossible=precip_rate_mmh+precip_total_mm|statistical_anomaly=windgust_avg_kmh,pre_april
v2_003381,IMURQU7,2026-02-01 12:00:00+00:00,2026-02-01 15:00:00+00:00,4,1,fault,spike_impossible,rain_gauge,spike_impossible=precip_total_mm,pre_april
v2_003382,IMURQU7,2026-02-01 17:00:00+00:00,2026-02-01 23:00:00+00:00,7,1,fault,spike_impossible,rain_gauge,spike_impossible=precip_total_mm,pre_april
v2_003383,IMURQU7,2026-02-04 01:00:00+00:00,2026-02-04 04:00:00+00:00,4,0,benign,,,,pre_april
v2_003384,IMURQU7,2026-02-04 05:00:00+00:00,2026-02-04 05:00:00+00:00,1,0,benign,,,,pre_april
v2_003385,IMURQU7,2026-02-04 10:00:00+00:00,2026-02-04 11:00:00+00:00,2,0,benign,,,,pre_april
v2_003386,IMURQU7,2026-02-05 13:00:00+00:00,2026-02-05 13:00:00+00:00,1,0,benign,,,,pre_april
v2_003387,IMURQU7,2026-02-06 17:00:00+00:00,2026-02-06 23:00:00+00:00,7,1,fault,spike_impossible,rain_gauge,spike_impossible=precip_rate_mmh+precip_total_mm,pre_april
v2_003388,IMURQU7,2026-02-08 19:00:00+00:00,2026-02-08 23:00:00+00:00,5,1,fault,spike_impossible,rain_gauge,spike_impossible=precip_rate_mmh+precip_total_mm,pre_april
v2_003389,IMURQU7,2026-02-12 12:00:00+00:00,2026-02-12 12:00:00+00:00,1,0,benign,,,,pre_april
v2_003390,IMURQU7,2026-02-12 13:00:00+00:00,2026-02-12 13:00:00+00:00,1,0,benign,,,,pre_april
v2_003391,IMURQU7,2026-02-12 14:00:00+00:00,2026-02-12 15:00:00+00:00,2,0,benign,,,,pre_april
v2_003392,IMURQU7,2026-02-14 06:00:00+00:00,2026-02-14 08:00:00+00:00,3,0,benign,,,,pre_april
v2_003393,IMURQU7,2026-02-14 11:00:00+00:00,2026-02-14 11:00:00+00:00,1,0,benign,,,,pre_april
v2_003394,IMURQU7,2026-02-17 10:00:00+00:00,2026-02-17 10:00:00+00:00,1,1,fault,spike_impossible,rain_gauge,spike_impossible=precip_rate_mmh,pre_april
v2_003395,IMURQU7,2026-02-18 11:00:00+00:00,2026-02-18 12:00:00+00:00,2,1,fault,spike_impossible,rain_gauge,spike_impossible=precip_rate_mmh,pre_april
v2_003396,IMURQU7,2026-03-16 11:00:00+00:00,2026-03-16 11:00:00+00:00,1,0,borderline_review,,,,pre_april
v2_003397,IMURQU7,2026-03-16 13:00:00+00:00,2026-03-16 13:00:00+00:00,1,0,benign,,,,pre_april
v2_003398,IMURQU7,2026-03-16 20:00:00+00:00,2026-03-16 20:00:00+00:00,1,0,benign,,,,pre_april
v2_003399,IMURQU7,2026-03-16 23:00:00+00:00,2026-03-16 23:00:00+00:00,1,0,benign,,,,pre_april
v2_003400,IMURQU7,2026-03-17 01:00:00+00:00,2026-03-17 03:00:00+00:00,3,0,benign,,,,pre_april
v2_003401,IMURQU7,2026-03-17 11:00:00+00:00,2026-03-17 11:00:00+00:00,1,0,borderline_review,,,,pre_april
v2_003402,IMURQU7,2026-03-18 11:00:00+00:00,2026-03-18 12:00:00+00:00,2,0,borderline_review,,,,pre_april
v2_003403,IMURQU7,2026-03-23 12:00:00+00:00,2026-03-23 12:00:00+00:00,1,0,benign,,,,pre_april
v2_003404,IMURQU7,2026-03-25 12:00:00+00:00,2026-03-25 12:00:00+00:00,1,0,borderline_review,,,,pre_april
v2_003405,IMURQU7,2026-03-27 12:00:00+00:00,2026-03-27 12:00:00+00:00,1,0,borderline_review,,,,pre_april
v2_003406,IMURQU7,2026-03-28 10:00:00+00:00,2026-03-28 10:00:00+00:00,1,0,benign,,,,pre_april
v2_003407,IMURQU7,2026-03-29 13:00:00+00:00,2026-03-29 13:00:00+00:00,1,0,benign,,,,pre_april
v2_003408,IMURQU7,2026-04-02 10:00:00+00:00,2026-04-02 10:00:00+00:00,1,0,benign,,,,april_may
v2_003409,IMURQU7,2026-04-03 10:00:00+00:00,2026-04-03 10:00:00+00:00,1,0,benign,,,,april_may
v2_003410,IMURQU7,2026-04-04 11:00:00+00:00,2026-04-04 11:00:00+00:00,1,0,benign,,,,april_may
v2_003411,IMURQU7,2026-04-05 06:00:00+00:00,2026-04-05 06:00:00+00:00,1,0,benign,,,,april_may
v2_003412,IMURQU7,2026-04-06 08:00:00+00:00,2026-04-06 08:00:00+00:00,1,0,benign,,,,april_may
v2_003413,IMURQU7,2026-04-07 11:00:00+00:00,2026-04-07 11:00:00+00:00,1,0,benign,,,,april_may
v2_003414,IMURQU7,2026-04-08 10:00:00+00:00,2026-04-08 11:00:00+00:00,2,0,benign,,,,april_may
v2_003415,IMURQU7,2026-04-09 12:00:00+00:00,2026-04-09 12:00:00+00:00,1,0,benign,,,,april_may
v2_003416,IMURQU7,2026-04-10 11:00:00+00:00,2026-04-10 11:00:00+00:00,1,0,benign,,,,april_may
v2_003417,IMURQU7,2026-04-11 10:00:00+00:00,2026-04-11 11:00:00+00:00,2,0,benign,,,,april_may
v2_003418,IMURQU7,2026-04-11 12:00:00+00:00,2026-04-11 16:00:00+00:00,5,0,benign,,,,april_may
v2_003419,IMURQU7,2026-04-12 08:00:00+00:00,2026-04-12 08:00:00+00:00,1,0,benign,,,,april_may
v2_003420,IMURQU7,2026-04-12 09:00:00+00:00,2026-04-12 16:00:00+00:00,8,0,benign,,,,april_may
v2_003421,IMURQU7,2026-04-12 18:00:00+00:00,2026-04-12 18:00:00+00:00,1,1,fault,statistical_anomaly,barometer,statistical_anomaly=pressure_trend_hpa,april_may
v2_003422,IMURQU7,2026-04-13 08:00:00+00:00,2026-04-13 08:00:00+00:00,1,0,benign,,,,april_may
v2_003423,IMURQU7,2026-04-13 10:00:00+00:00,2026-04-13 10:00:00+00:00,1,0,benign,,,,april_may
v2_003424,IMURQU7,2026-04-13 17:00:00+00:00,2026-04-13 17:00:00+00:00,1,0,benign,,,,april_may
v2_003425,IMURQU7,2026-04-14 10:00:00+00:00,2026-04-14 10:00:00+00:00,1,0,benign,,,,april_may
v2_003426,IMURQU7,2026-04-15 09:00:00+00:00,2026-04-15 09:00:00+00:00,1,0,benign,,,,april_may
v2_003427,IMURQU7,2026-04-15 10:00:00+00:00,2026-04-15 11:00:00+00:00,2,0,benign,,,,april_may
v2_003428,IMURQU7,2026-04-16 03:00:00+00:00,2026-04-16 03:00:00+00:00,1,0,benign,,,,april_may
v2_003429,IMURQU7,2026-04-16 10:00:00+00:00,2026-04-16 11:00:00+00:00,2,0,benign,,,,april_may
v2_003430,IMURQU7,2026-04-17 18:00:00+00:00,2026-04-17 18:00:00+00:00,1,1,fault,spike_impossible,barometer,spike_impossible=pressure_trend_hpa,april_may
v2_003431,IMURQU7,2026-04-18 10:00:00+00:00,2026-04-18 11:00:00+00:00,2,0,benign,,,,april_may
v2_003432,IMURQU7,2026-04-20 10:00:00+00:00,2026-04-20 11:00:00+00:00,2,0,benign,,,,april_may
v2_003433,IMURQU7,2026-04-21 10:00:00+00:00,2026-04-21 11:00:00+00:00,2,0,benign,,,,april_may
v2_003434,IMURQU7,2026-04-22 10:00:00+00:00,2026-04-22 11:00:00+00:00,2,0,benign,,,,april_may
v2_003435,IMURQU7,2026-04-23 15:00:00+00:00,2026-04-23 15:00:00+00:00,1,0,benign,,,,april_may
v2_003436,IMURQU7,2026-04-24 09:00:00+00:00,2026-04-24 09:00:00+00:00,1,0,borderline_review,,,,april_may
v2_003437,IMURQU7,2026-04-24 10:00:00+00:00,2026-04-24 11:00:00+00:00,2,0,benign,,,,april_may
v2_003438,IMURQU7,2026-04-25 02:00:00+00:00,2026-04-25 02:00:00+00:00,1,0,benign,,,,april_may
v2_003439,IMURQU7,2026-04-25 04:00:00+00:00,2026-04-25 04:00:00+00:00,1,1,fault,statistical_anomaly,barometer,statistical_anomaly=pressure_trend_hpa,april_may
v2_003440,IMURQU7,2026-04-25 10:00:00+00:00,2026-04-25 11:00:00+00:00,2,0,benign,,,,april_may
v2_003441,IMURQU7,2026-04-25 15:00:00+00:00,2026-04-25 15:00:00+00:00,1,1,fault,statistical_anomaly,barometer,statistical_anomaly=pressure_trend_hpa,april_may
v2_003442,IMURQU7,2026-04-26 10:00:00+00:00,2026-04-26 11:00:00+00:00,2,0,benign,,,,april_may
v2_003443,IMURQU7,2026-04-27 10:00:00+00:00,2026-04-27 12:00:00+00:00,3,0,benign,,,,april_may
v2_003444,IMURQU7,2026-04-27 17:00:00+00:00,2026-04-27 17:00:00+00:00,1,1,fault,spike_impossible,barometer,spike_impossible=pressure_trend_hpa,april_may
v2_003445,IMURQU7,2026-04-27 22:00:00+00:00,2026-04-27 22:00:00+00:00,1,0,benign,,,,april_may
v2_003446,IMURQU7,2026-04-30 10:00:00+00:00,2026-04-30 11:00:00+00:00,2,0,benign,,,,april_may
v2_003447,IMURQU7,2026-05-01 12:00:00+00:00,2026-05-01 12:00:00+00:00,1,0,benign,,,,april_may
v2_003448,IMURQU7,2026-05-01 20:00:00+00:00,2026-05-01 20:00:00+00:00,1,1,fault,statistical_anomaly,barometer,statistical_anomaly=pressure_trend_hpa,april_may
v2_003449,IMURQU7,2026-05-02 00:00:00+00:00,2026-05-02 00:00:00+00:00,1,1,fault,statistical_anomaly,barometer,statistical_anomaly=pressure_trend_hpa,april_may
v2_003450,IMURQU7,2026-05-02 10:00:00+00:00,2026-05-02 12:00:00+00:00,3,0,benign,,,,april_may
v2_003451,IMURQU7,2026-05-05 20:00:00+00:00,2026-05-05 20:00:00+00:00,1,0,benign,,,,april_may
v2_003452,IMURQU7,2026-05-06 10:00:00+00:00,2026-05-06 11:00:00+00:00,2,0,benign,,,,april_may
v2_003453,IMURQU7,2026-05-06 12:00:00+00:00,2026-05-06 14:00:00+00:00,3,0,benign,,,,april_may
v2_003454,IMURQU7,2026-05-07 10:00:00+00:00,2026-05-07 12:00:00+00:00,3,0,borderline_review,,,,april_may
v2_003455,IMURQU7,2026-05-08 11:00:00+00:00,2026-05-08 11:00:00+00:00,1,0,benign,,,,april_may
v2_003456,IMURQU7,2026-05-09 10:00:00+00:00,2026-05-09 11:00:00+00:00,2,0,benign,,,,april_may
v2_003457,IMURQU7,2026-05-09 12:00:00+00:00,2026-05-09 13:00:00+00:00,2,0,borderline_review,,,,april_may
v2_003458,IMURQU7,2026-05-09 22:00:00+00:00,2026-05-09 22:00:00+00:00,1,1,fault,statistical_anomaly,barometer,statistical_anomaly=pressure_trend_hpa,april_may
v2_003459,IMURQU7,2026-05-10 07:00:00+00:00,2026-05-10 10:00:00+00:00,4,1,fault,statistical_anomaly,thermo_hygrometer,statistical_anomaly=temp_high_c+temp_low_c,april_may
v2_003460,IMURQU7,2026-05-11 09:00:00+00:00,2026-05-11 12:00:00+00:00,4,0,benign,,,,april_may
v2_003461,IMURQU7,2026-05-12 09:00:00+00:00,2026-05-12 16:00:00+00:00,8,1,fault,spike_impossible|statistical_anomaly,barometer|thermo_hygrometer,spike_impossible=pressure_trend_hpa|statistical_anomaly=temp_avg_c+temp_low_c,april_may
v2_003462,IMURQU7,2026-05-13 08:00:00+00:00,2026-05-13 08:00:00+00:00,1,0,benign,,,,april_may
v2_003463,IMURQU7,2026-05-14 09:00:00+00:00,2026-05-14 12:00:00+00:00,4,0,benign,,,,april_may
v2_003464,IMURQU7,2026-05-14 19:00:00+00:00,2026-05-14 19:00:00+00:00,1,0,benign,,,,april_may
v2_003465,IMURQU7,2026-05-14 21:00:00+00:00,2026-05-14 21:00:00+00:00,1,1,fault,statistical_anomaly,barometer,statistical_anomaly=pressure_trend_hpa,april_may
v2_003466,IMURQU7,2026-05-15 00:00:00+00:00,2026-05-15 00:00:00+00:00,1,1,fault,statistical_anomaly,barometer,statistical_anomaly=pressure_trend_hpa,april_may
v2_003467,IMURQU7,2026-05-15 03:00:00+00:00,2026-05-15 03:00:00+00:00,1,0,benign,,,,april_may
v2_003468,IMURQU7,2026-05-15 08:00:00+00:00,2026-05-15 08:00:00+00:00,1,0,benign,,,,april_may
v2_003469,IMURQU7,2026-05-15 09:00:00+00:00,2026-05-15 09:00:00+00:00,1,0,benign,,,,april_may
v2_003470,IMURQU7,2026-05-15 12:00:00+00:00,2026-05-15 12:00:00+00:00,1,0,benign,,,,april_may
v2_003471,IMURQU7,2026-05-16 11:00:00+00:00,2026-05-16 11:00:00+00:00,1,0,benign,,,,april_may
v2_003472,IMURQU7,2026-05-16 18:00:00+00:00,2026-05-16 18:00:00+00:00,1,1,fault,statistical_anomaly,barometer,statistical_anomaly=pressure_trend_hpa,april_may
v2_003473,IMURQU7,2026-05-17 03:00:00+00:00,2026-05-17 03:00:00+00:00,1,0,benign,,,,april_may
v2_003474,IMURQU7,2026-05-17 06:00:00+00:00,2026-05-17 06:00:00+00:00,1,1,fault,statistical_anomaly,barometer,statistical_anomaly=pressure_trend_hpa,april_may
v2_003475,IMURQU7,2026-05-17 08:00:00+00:00,2026-05-17 08:00:00+00:00,1,1,fault,statistical_anomaly,barometer,statistical_anomaly=pressure_trend_hpa,april_may
v2_003476,IMURQU7,2026-05-17 12:00:00+00:00,2026-05-17 12:00:00+00:00,1,0,borderline_review,,,,april_may
v2_003477,IMURQU7,2026-05-17 20:00:00+00:00,2026-05-17 20:00:00+00:00,1,1,fault,statistical_anomaly,barometer,statistical_anomaly=pressure_trend_hpa,april_may
v2_003478,IMURQU7,2026-05-18 10:00:00+00:00,2026-05-18 11:00:00+00:00,2,0,borderline_review,,,,april_may
v2_003479,IMURQU7,2026-05-18 23:00:00+00:00,2026-05-18 23:00:00+00:00,1,0,benign,,,,april_may
v2_003480,IMURQU7,2026-05-19 10:00:00+00:00,2026-05-19 11:00:00+00:00,2,0,benign,,,,april_may
v2_003481,IMURQU7,2026-05-19 13:00:00+00:00,2026-05-19 13:00:00+00:00,1,0,benign,,,,april_may
v2_003482,IMURQU7,2026-05-20 09:00:00+00:00,2026-05-20 12:00:00+00:00,4,0,benign,,,,april_may
v2_003483,IMURQU7,2026-05-21 09:00:00+00:00,2026-05-21 12:00:00+00:00,4,0,benign,,,,april_may
v2_003484,IMURQU7,2026-05-22 10:00:00+00:00,2026-05-22 11:00:00+00:00,2,0,benign,,,,april_may
v2_003485,IMURQU7,2026-05-22 13:00:00+00:00,2026-05-22 13:00:00+00:00,1,0,benign,,,,april_may
v2_003486,IMURQU7,2026-05-23 10:00:00+00:00,2026-05-23 11:00:00+00:00,2,0,benign,,,,april_may
v2_003487,IMURQU7,2026-05-23 13:00:00+00:00,2026-05-23 13:00:00+00:00,1,0,benign,,,,april_may
v2_003488,IMURQU7,2026-05-26 09:00:00+00:00,2026-05-26 12:00:00+00:00,4,0,benign,,,,april_may
v2_003489,IMURQU7,2026-05-27 09:00:00+00:00,2026-05-27 11:00:00+00:00,3,0,benign,,,,april_may
v2_003490,IMURQU7,2026-05-28 09:00:00+00:00,2026-05-28 11:00:00+00:00,3,0,benign,,,,april_may
v2_003491,IMURQU7,2026-05-28 13:00:00+00:00,2026-05-28 13:00:00+00:00,1,0,benign,,,,april_may
v2_003492,IMURQU7,2026-05-29 08:00:00+00:00,2026-05-29 08:00:00+00:00,1,0,benign,,,,april_may
v2_003493,IMURQU7,2026-05-29 10:00:00+00:00,2026-05-29 12:00:00+00:00,3,0,benign,,,,april_may
v2_003494,IMURQU7,2026-05-31 08:00:00+00:00,2026-05-31 08:00:00+00:00,1,1,fault,statistical_anomaly,barometer,statistical_anomaly=pressure_trend_hpa,april_may
v2_003495,IMURQU7,2026-05-31 10:00:00+00:00,2026-05-31 12:00:00+00:00,3,0,benign,,,,april_may
v2_003496,IMURQU7,2026-06-01 10:00:00+00:00,2026-06-01 12:00:00+00:00,3,0,benign,,,,june
v2_003497,IMURQU7,2026-06-02 10:00:00+00:00,2026-06-02 12:00:00+00:00,3,0,benign,,,,june
v2_003498,IMURQU7,2026-06-03 09:00:00+00:00,2026-06-03 13:00:00+00:00,5,0,benign,,,,june
v2_003499,IMURQU7,2026-06-04 09:00:00+00:00,2026-06-04 14:00:00+00:00,6,1,fault,statistical_anomaly,thermo_hygrometer,statistical_anomaly=temp_high_c,june
v2_003500,IMURQU7,2026-06-04 20:00:00+00:00,2026-06-04 20:00:00+00:00,1,1,fault,spike_impossible,rain_gauge,spike_impossible=precip_rate_mmh,june
v2_003501,IMURQU7,2026-06-05 07:00:00+00:00,2026-06-05 08:00:00+00:00,2,1,fault,spike_impossible|statistical_anomaly,barometer|thermo_hygrometer,spike_impossible=pressure_trend_hpa|statistical_anomaly=temp_avg_c+temp_high_c+temp_low_c,june
v2_003502,IMURQU7,2026-06-05 11:00:00+00:00,2026-06-05 12:00:00+00:00,2,1,fault,spike_impossible|statistical_anomaly,rain_gauge|thermo_hygrometer,spike_impossible=precip_rate_mmh+precip_total_mm|statistical_anomaly=temp_high_c,june
v2_003503,IMURQU7,2026-06-06 09:00:00+00:00,2026-06-06 12:00:00+00:00,4,0,benign,,,,june
v2_003504,IMURQU7,2026-06-07 13:00:00+00:00,2026-06-07 13:00:00+00:00,1,0,benign,,,,june
v2_003505,IMURQU7,2026-06-07 18:00:00+00:00,2026-06-07 21:00:00+00:00,4,1,fault,spike_impossible,rain_gauge,spike_impossible=precip_rate_mmh+precip_total_mm,june
v2_003506,IMURQU7,2026-06-08 10:00:00+00:00,2026-06-08 13:00:00+00:00,4,0,benign,,,,june
v2_003507,IMURQU7,2026-06-09 08:00:00+00:00,2026-06-09 21:00:00+00:00,14,1,fault,spike_impossible,rain_gauge,spike_impossible=precip_rate_mmh+precip_total_mm,june
v2_003508,IMURQU7,2026-06-10 11:00:00+00:00,2026-06-10 13:00:00+00:00,3,0,benign,,,,june
v2_003509,IMURQU7,2026-06-10 18:00:00+00:00,2026-06-10 21:00:00+00:00,4,1,fault,spike_impossible,rain_gauge,spike_impossible=precip_rate_mmh+precip_total_mm,june
v2_003510,IMURQU7,2026-06-10 22:00:00+00:00,2026-06-10 22:00:00+00:00,1,0,benign,,,,june
v2_003511,IMURQU7,2026-06-11 10:00:00+00:00,2026-06-11 14:00:00+00:00,5,0,benign,,,,june
v2_003512,IMURQU7,2026-06-12 05:00:00+00:00,2026-06-12 21:00:00+00:00,17,1,fault,spike_impossible,rain_gauge,spike_impossible=precip_rate_mmh+precip_total_mm,june
v2_003513,IMURQU7,2026-06-13 09:00:00+00:00,2026-06-13 09:00:00+00:00,1,0,benign,,,,june
v2_003514,IMURQU7,2026-06-13 11:00:00+00:00,2026-06-13 11:00:00+00:00,1,0,benign,,,,june
v2_003515,IMURQU7,2026-06-14 09:00:00+00:00,2026-06-14 09:00:00+00:00,1,0,benign,,,,june
v2_003516,IMURQU7,2026-06-14 11:00:00+00:00,2026-06-14 21:00:00+00:00,11,1,fault,spike_impossible|statistical_anomaly,barometer|rain_gauge,spike_impossible=precip_total_mm|statistical_anomaly=pressure_trend_hpa,june
v2_003517,IMURQU7,2026-06-14 19:00:00+00:00,2026-06-14 19:00:00+00:00,1,1,fault,spike_impossible|statistical_anomaly,barometer|rain_gauge,spike_impossible=precip_total_mm|statistical_anomaly=pressure_trend_hpa,june
v2_003518,IMURQU7,2026-06-15 10:00:00+00:00,2026-06-15 15:00:00+00:00,6,0,benign,,,,june
v2_003519,IMURQU7,2026-06-16 11:00:00+00:00,2026-06-16 11:00:00+00:00,1,0,benign,,,,june
v2_003520,IMURQU7,2026-06-16 12:00:00+00:00,2026-06-16 14:00:00+00:00,3,0,benign,,,,june
v2_003521,IMURQU7,2026-06-17 18:00:00+00:00,2026-06-17 21:00:00+00:00,4,1,fault,spike_impossible,rain_gauge,spike_impossible=precip_total_mm,june
v2_003522,IMURQU7,2026-06-18 10:00:00+00:00,2026-06-18 11:00:00+00:00,2,0,benign,,,,june
v2_003523,IMURQU7,2026-06-18 23:00:00+00:00,2026-06-18 23:00:00+00:00,1,1,fault,statistical_anomaly,barometer,statistical_anomaly=pressure_trend_hpa,june
v2_003524,IMURQU7,2026-06-19 11:00:00+00:00,2026-06-19 11:00:00+00:00,1,0,benign,,,,june
v2_003525,IMURQU7,2026-06-20 11:00:00+00:00,2026-06-20 11:00:00+00:00,1,0,benign,,,,june
v2_003526,IMURQU7,2026-06-20 23:00:00+00:00,2026-06-20 23:00:00+00:00,1,0,benign,,,,june
v2_003527,IMURQU7,2026-06-22 11:00:00+00:00,2026-06-22 11:00:00+00:00,1,0,benign,,,,june
v2_003528,IMURQU7,2026-06-23 11:00:00+00:00,2026-06-23 11:00:00+00:00,1,1,fault,spike_impossible,rain_gauge,spike_impossible=precip_rate_mmh,june
v2_003529,IMURQU7,2026-06-24 08:00:00+00:00,2026-06-24 08:00:00+00:00,1,0,borderline_review,,,,june
v2_003530,IMURQU7,2026-06-24 11:00:00+00:00,2026-06-24 12:00:00+00:00,2,0,benign,,,,june
v2_003531,IMURQU7,2026-06-24 13:00:00+00:00,2026-06-24 13:00:00+00:00,1,0,benign,,,,june
v2_003532,IMURQU7,2026-06-24 19:00:00+00:00,2026-06-24 19:00:00+00:00,1,1,fault,spike_impossible,rain_gauge,spike_impossible=precip_rate_mmh,june
v2_003533,IMURQU7,2026-06-25 08:00:00+00:00,2026-06-25 08:00:00+00:00,1,0,borderline_review,,,,june
v2_003534,IMURQU7,2026-06-25 11:00:00+00:00,2026-06-25 13:00:00+00:00,3,0,benign,,,,june
v2_003535,IMURQU7,2026-06-26 07:00:00+00:00,2026-06-26 07:00:00+00:00,1,1,fault,spike_impossible,rain_gauge,spike_impossible=precip_rate_mmh,june
v2_003536,IMURQU7,2026-06-26 08:00:00+00:00,2026-06-26 08:00:00+00:00,1,0,benign,,,,june
v2_003537,IMURQU7,2026-06-26 10:00:00+00:00,2026-06-26 10:00:00+00:00,1,1,fault,spike_impossible,rain_gauge,spike_impossible=precip_rate_mmh,june
v2_003538,IMURQU7,2026-06-26 12:00:00+00:00,2026-06-26 12:00:00+00:00,1,0,borderline_review,,,,june
v2_003539,IMURQU7,2026-06-27 08:00:00+00:00,2026-06-27 08:00:00+00:00,1,0,benign,,,,june
v2_003540,IMURQU7,2026-06-27 16:00:00+00:00,2026-06-27 16:00:00+00:00,1,1,fault,statistical_anomaly,barometer,statistical_anomaly=pressure_trend_hpa,june
v2_003541,IMURQU7,2026-06-29 08:00:00+00:00,2026-06-29 08:00:00+00:00,1,0,borderline_review,,,,june
v2_003542,IMURQU7,2026-06-29 13:00:00+00:00,2026-06-29 13:00:00+00:00,1,1,fault,spike_impossible,rain_gauge,spike_impossible=precip_rate_mmh,june
v2_003543,IMURQU7,2026-06-30 08:00:00+00:00,2026-06-30 08:00:00+00:00,1,0,benign,,,,june
v2_003544,IMURQU7,2026-06-30 10:00:00+00:00,2026-06-30 10:00:00+00:00,1,0,benign,,,,june
v2_003545,INALUT3,2025-10-27 12:00:00+00:00,2025-10-27 12:00:00+00:00,1,0,benign,,,,pre_april
v2_003546,INALUT3,2025-10-30 01:00:00+00:00,2025-10-30 01:00:00+00:00,1,0,borderline_review,,,,pre_april
v2_003547,INALUT3,2025-11-02 05:00:00+00:00,2025-11-02 05:00:00+00:00,1,0,benign,,,,pre_april
v2_003548,INALUT3,2025-11-21 06:00:00+00:00,2025-11-21 06:00:00+00:00,1,0,benign,,,,pre_april
v2_003549,INALUT3,2025-11-24 03:00:00+00:00,2025-11-24 04:00:00+00:00,2,0,benign,,,,pre_april
v2_003550,INALUT3,2025-11-30 04:00:00+00:00,2025-11-30 07:00:00+00:00,4,0,benign,,,,pre_april
v2_003551,INALUT3,2025-12-01 04:00:00+00:00,2025-12-01 04:00:00+00:00,1,0,benign,,,,pre_april
v2_003552,INALUT3,2025-12-11 00:00:00+00:00,2025-12-11 00:00:00+00:00,1,0,benign,,,,pre_april
v2_003553,INALUT3,2025-12-11 04:00:00+00:00,2025-12-11 04:00:00+00:00,1,0,benign,,,,pre_april
v2_003554,INALUT3,2025-12-11 07:00:00+00:00,2025-12-11 07:00:00+00:00,1,0,benign,,,,pre_april
v2_003555,INALUT3,2025-12-15 10:00:00+00:00,2025-12-15 12:00:00+00:00,3,1,fault,statistical_anomaly,anemometer,statistical_anomaly=windspeed_avg_kmh,pre_april
v2_003556,INALUT3,2025-12-24 15:00:00+00:00,2025-12-24 16:00:00+00:00,2,0,benign,,,,pre_april
v2_003557,INALUT3,2025-12-28 15:00:00+00:00,2025-12-28 15:00:00+00:00,1,1,fault,spike_impossible,barometer,spike_impossible=pressure_trend_hpa,pre_april
v2_003558,INALUT3,2026-01-04 12:00:00+00:00,2026-01-05 09:00:00+00:00,22,0,benign,,,,pre_april
v2_003559,INALUT3,2026-01-09 03:00:00+00:00,2026-01-09 07:00:00+00:00,5,0,benign,,,,pre_april
v2_003560,INALUT3,2026-01-21 08:00:00+00:00,2026-01-21 08:00:00+00:00,1,0,benign,,,,pre_april
v2_003561,INALUT3,2026-01-28 23:00:00+00:00,2026-01-28 23:00:00+00:00,1,0,benign,,,,pre_april
v2_003562,INALUT3,2026-01-29 01:00:00+00:00,2026-01-29 01:00:00+00:00,1,0,benign,,,,pre_april
v2_003563,INALUT3,2026-01-31 10:00:00+00:00,2026-01-31 10:00:00+00:00,1,0,benign,,,,pre_april
v2_003564,INALUT3,2026-01-31 18:00:00+00:00,2026-01-31 18:00:00+00:00,1,0,benign,,,,pre_april
v2_003565,INALUT3,2026-02-12 13:00:00+00:00,2026-02-12 13:00:00+00:00,1,0,benign,,,,pre_april
v2_003566,INALUT3,2026-02-12 16:00:00+00:00,2026-02-12 16:00:00+00:00,1,0,benign,,,,pre_april
v2_003567,INALUT3,2026-02-14 04:00:00+00:00,2026-02-14 04:00:00+00:00,1,1,fault,statistical_anomaly,anemometer,statistical_anomaly=windgust_high_kmh+windspeed_high_kmh,pre_april
v2_003568,INALUT3,2026-02-15 10:00:00+00:00,2026-02-15 11:00:00+00:00,2,0,benign,,,,pre_april
v2_003569,INALUT3,2026-02-26 18:00:00+00:00,2026-02-26 18:00:00+00:00,1,1,fault,spike_impossible,barometer,spike_impossible=pressure_trend_hpa,pre_april
v2_003570,INALUT3,2026-03-10 02:00:00+00:00,2026-03-10 07:00:00+00:00,6,0,benign,,,,pre_april
v2_003571,INALUT3,2026-03-11 03:00:00+00:00,2026-03-11 04:00:00+00:00,2,0,benign,,,,pre_april
v2_003572,INALUT3,2026-03-12 06:00:00+00:00,2026-03-12 07:00:00+00:00,2,0,benign,,,,pre_april
v2_003573,INALUT3,2026-03-12 23:00:00+00:00,2026-03-13 08:00:00+00:00,10,0,benign,,,,pre_april
v2_003574,INALUT3,2026-03-14 18:00:00+00:00,2026-03-14 18:00:00+00:00,1,1,fault,statistical_anomaly,anemometer,statistical_anomaly=windgust_high_kmh,pre_april
v2_003575,INALUT3,2026-03-15 23:00:00+00:00,2026-03-16 06:00:00+00:00,8,0,benign,,,,pre_april
v2_003576,INALUT3,2026-03-17 10:00:00+00:00,2026-03-17 10:00:00+00:00,1,0,benign,,,,pre_april
v2_003577,INALUT3,2026-03-17 22:00:00+00:00,2026-03-18 00:00:00+00:00,3,1,fault,statistical_anomaly,anemometer,statistical_anomaly=windgust_high_kmh+windspeed_high_kmh,pre_april
v2_003578,INALUT3,2026-03-20 01:00:00+00:00,2026-03-20 08:00:00+00:00,8,0,benign,,,,pre_april
v2_003579,INALUT3,2026-03-22 01:00:00+00:00,2026-03-22 07:00:00+00:00,7,0,benign,,,,pre_april
v2_003580,INALUT3,2026-03-23 11:00:00+00:00,2026-03-23 12:00:00+00:00,2,0,benign,,,,pre_april
v2_003581,INALUT3,2026-03-24 02:00:00+00:00,2026-03-24 06:00:00+00:00,5,0,benign,,,,pre_april
v2_003582,INALUT3,2026-03-27 12:00:00+00:00,2026-03-27 12:00:00+00:00,1,0,benign,,,,pre_april
v2_003583,INALUT3,2026-03-28 11:00:00+00:00,2026-03-28 12:00:00+00:00,2,0,benign,,,,pre_april
v2_003584,INALUT3,2026-03-29 11:00:00+00:00,2026-03-29 12:00:00+00:00,2,0,benign,,,,pre_april
v2_003585,INALUT3,2026-03-30 12:00:00+00:00,2026-03-30 13:00:00+00:00,2,0,benign,,,,pre_april
v2_003586,INALUT3,2026-03-31 11:00:00+00:00,2026-03-31 11:00:00+00:00,1,0,benign,,,,pre_april
v2_003587,INALUT3,2026-04-01 15:00:00+00:00,2026-04-01 15:00:00+00:00,1,0,benign,,,,april_may
v2_003588,INALUT3,2026-04-02 09:00:00+00:00,2026-04-02 09:00:00+00:00,1,0,benign,,,,april_may
v2_003589,INALUT3,2026-04-02 18:00:00+00:00,2026-04-02 18:00:00+00:00,1,1,fault,statistical_anomaly,barometer,statistical_anomaly=pressure_trend_hpa,april_may
v2_003590,INALUT3,2026-04-04 07:00:00+00:00,2026-04-04 12:00:00+00:00,6,0,benign,,,,april_may
v2_003591,INALUT3,2026-04-05 11:00:00+00:00,2026-04-05 11:00:00+00:00,1,0,benign,,,,april_may
v2_003592,INALUT3,2026-04-06 11:00:00+00:00,2026-04-06 11:00:00+00:00,1,0,benign,,,,april_may
v2_003593,INALUT3,2026-04-06 17:00:00+00:00,2026-04-06 17:00:00+00:00,1,1,fault,spike_impossible,barometer,spike_impossible=pressure_trend_hpa,april_may
v2_003594,INALUT3,2026-04-07 10:00:00+00:00,2026-04-07 11:00:00+00:00,2,0,benign,,,,april_may
v2_003595,INALUT3,2026-04-07 19:00:00+00:00,2026-04-07 19:00:00+00:00,1,1,fault,statistical_anomaly,anemometer,statistical_anomaly=windgust_high_kmh+windspeed_high_kmh,april_may
v2_003596,INALUT3,2026-04-08 10:00:00+00:00,2026-04-08 11:00:00+00:00,2,0,benign,,,,april_may
v2_003597,INALUT3,2026-04-09 10:00:00+00:00,2026-04-09 12:00:00+00:00,3,0,benign,,,,april_may
v2_003598,INALUT3,2026-04-10 17:00:00+00:00,2026-04-10 17:00:00+00:00,1,1,fault,spike_impossible,barometer,spike_impossible=pressure_trend_hpa,april_may
v2_003599,INALUT3,2026-04-11 11:00:00+00:00,2026-04-11 16:00:00+00:00,6,0,benign,,,,april_may
v2_003600,INALUT3,2026-04-12 02:00:00+00:00,2026-04-12 03:00:00+00:00,2,1,fault,statistical_anomaly,anemometer,statistical_anomaly=windgust_avg_kmh+windgust_high_kmh+windspeed_avg_kmh+windspeed_high_kmh,april_may
v2_003601,INALUT3,2026-04-12 13:00:00+00:00,2026-04-12 13:00:00+00:00,1,0,benign,,,,april_may
v2_003602,INALUT3,2026-04-15 02:00:00+00:00,2026-04-15 03:00:00+00:00,2,0,benign,,,,april_may
v2_003603,INALUT3,2026-04-16 11:00:00+00:00,2026-04-16 11:00:00+00:00,1,1,fault,statistical_anomaly,light_uv,statistical_anomaly=uv_high,april_may
v2_003604,INALUT3,2026-04-16 12:00:00+00:00,2026-04-16 12:00:00+00:00,1,1,fault,statistical_anomaly,barometer,statistical_anomaly=pressure_trend_hpa,april_may
v2_003605,INALUT3,2026-04-16 23:00:00+00:00,2026-04-17 07:00:00+00:00,9,0,benign,,,,april_may
v2_003606,INALUT3,2026-04-17 09:00:00+00:00,2026-04-17 10:00:00+00:00,2,0,benign,,,,april_may
v2_003607,INALUT3,2026-04-21 12:00:00+00:00,2026-04-21 12:00:00+00:00,1,0,benign,,,,april_may
v2_003608,INALUT3,2026-04-23 10:00:00+00:00,2026-04-23 11:00:00+00:00,2,0,benign,,,,april_may
v2_003609,INALUT3,2026-04-24 10:00:00+00:00,2026-04-24 12:00:00+00:00,3,0,benign,,,,april_may
v2_003610,INALUT3,2026-04-25 10:00:00+00:00,2026-04-25 12:00:00+00:00,3,0,benign,,,,april_may
v2_003611,INALUT3,2026-04-26 04:00:00+00:00,2026-04-26 04:00:00+00:00,1,1,fault,statistical_anomaly,barometer,statistical_anomaly=pressure_trend_hpa,april_may
v2_003612,INALUT3,2026-04-26 11:00:00+00:00,2026-04-26 12:00:00+00:00,2,0,benign,,,,april_may
v2_003613,INALUT3,2026-04-26 17:00:00+00:00,2026-04-26 17:00:00+00:00,1,1,fault,statistical_anomaly,barometer,statistical_anomaly=pressure_trend_hpa,april_may
v2_003614,INALUT3,2026-04-27 21:00:00+00:00,2026-04-27 21:00:00+00:00,1,1,fault,statistical_anomaly,barometer,statistical_anomaly=pressure_trend_hpa,april_may
v2_003615,INALUT3,2026-04-28 10:00:00+00:00,2026-04-28 11:00:00+00:00,2,0,benign,,,,april_may
v2_003616,INALUT3,2026-04-29 11:00:00+00:00,2026-04-29 11:00:00+00:00,1,0,benign,,,,april_may
v2_003617,INALUT3,2026-04-30 10:00:00+00:00,2026-04-30 12:00:00+00:00,3,0,benign,,,,april_may
v2_003618,INALUT3,2026-05-01 05:00:00+00:00,2026-05-01 05:00:00+00:00,1,0,benign,,,,april_may
v2_003619,INALUT3,2026-05-01 10:00:00+00:00,2026-05-01 11:00:00+00:00,2,0,benign,,,,april_may
v2_003620,INALUT3,2026-05-02 01:00:00+00:00,2026-05-02 03:00:00+00:00,3,0,benign,,,,april_may
v2_003621,INALUT3,2026-05-02 10:00:00+00:00,2026-05-02 12:00:00+00:00,3,1,fault,statistical_anomaly,light_uv,statistical_anomaly=uv_high,april_may
v2_003622,INALUT3,2026-05-03 09:00:00+00:00,2026-05-03 12:00:00+00:00,4,0,benign,,,,april_may
v2_003623,INALUT3,2026-05-04 09:00:00+00:00,2026-05-04 12:00:00+00:00,4,1,fault,statistical_anomaly,light_uv,statistical_anomaly=uv_high,april_may
v2_003624,INALUT3,2026-05-05 00:00:00+00:00,2026-05-05 00:00:00+00:00,1,0,benign,,,,april_may
v2_003625,INALUT3,2026-05-05 06:00:00+00:00,2026-05-05 09:00:00+00:00,4,1,fault,statistical_anomaly,anemometer,statistical_anomaly=windspeed_avg_kmh,april_may
v2_003626,INALUT3,2026-05-05 10:00:00+00:00,2026-05-05 12:00:00+00:00,3,0,benign,,,,april_may
v2_003627,INALUT3,2026-05-05 23:00:00+00:00,2026-05-06 09:00:00+00:00,11,1,fault,statistical_anomaly,anemometer,statistical_anomaly=windgust_avg_kmh+windgust_high_kmh+windgust_low_kmh+windspeed_avg_kmh+windspeed_high_kmh+windspeed_low_kmh,april_may
v2_003628,INALUT3,2026-05-06 07:00:00+00:00,2026-05-06 12:00:00+00:00,6,1,fault,statistical_anomaly,anemometer,statistical_anomaly=windgust_avg_kmh+windgust_high_kmh+windgust_low_kmh+windspeed_avg_kmh+windspeed_high_kmh+windspeed_low_kmh,april_may
v2_003629,INALUT3,2026-05-06 15:00:00+00:00,2026-05-06 16:00:00+00:00,2,0,benign,,,,april_may
v2_003630,INALUT3,2026-05-07 22:00:00+00:00,2026-05-07 22:00:00+00:00,1,1,fault,statistical_anomaly,barometer,statistical_anomaly=pressure_trend_hpa,april_may
v2_003631,INALUT3,2026-05-08 11:00:00+00:00,2026-05-08 12:00:00+00:00,2,0,benign,,,,april_may
v2_003632,INALUT3,2026-05-09 10:00:00+00:00,2026-05-09 12:00:00+00:00,3,0,benign,,,,april_may
v2_003633,INALUT3,2026-05-09 15:00:00+00:00,2026-05-09 15:00:00+00:00,1,0,benign,,,,april_may
v2_003634,INALUT3,2026-05-11 10:00:00+00:00,2026-05-11 12:00:00+00:00,3,0,benign,,,,april_may
v2_003635,INALUT3,2026-05-12 10:00:00+00:00,2026-05-12 11:00:00+00:00,2,0,benign,,,,april_may
v2_003636,INALUT3,2026-05-13 15:00:00+00:00,2026-05-13 15:00:00+00:00,1,1,fault,statistical_anomaly,barometer,statistical_anomaly=pressure_trend_hpa,april_may
v2_003637,INALUT3,2026-05-14 10:00:00+00:00,2026-05-14 12:00:00+00:00,3,0,benign,,,,april_may
v2_003638,INALUT3,2026-05-14 15:00:00+00:00,2026-05-14 15:00:00+00:00,1,1,fault,statistical_anomaly,barometer,statistical_anomaly=pressure_trend_hpa,april_may
v2_003639,INALUT3,2026-05-15 00:00:00+00:00,2026-05-15 00:00:00+00:00,1,1,fault,statistical_anomaly,barometer,statistical_anomaly=pressure_trend_hpa,april_may
v2_003640,INALUT3,2026-05-15 05:00:00+00:00,2026-05-15 05:00:00+00:00,1,1,fault,statistical_anomaly,barometer,statistical_anomaly=pressure_trend_hpa,april_may
v2_003641,INALUT3,2026-05-15 21:00:00+00:00,2026-05-15 21:00:00+00:00,1,1,fault,statistical_anomaly,barometer,statistical_anomaly=pressure_trend_hpa,april_may
v2_003642,INALUT3,2026-05-16 06:00:00+00:00,2026-05-16 06:00:00+00:00,1,1,fault,spike_impossible,barometer,spike_impossible=pressure_trend_hpa,april_may
v2_003643,INALUT3,2026-05-16 21:00:00+00:00,2026-05-16 23:00:00+00:00,3,1,fault,statistical_anomaly,barometer,statistical_anomaly=pressure_trend_hpa,april_may
v2_003644,INALUT3,2026-05-17 01:00:00+00:00,2026-05-17 04:00:00+00:00,4,1,fault,spike_impossible|statistical_anomaly,barometer,spike_impossible=pressure_trend_hpa|statistical_anomaly=pressure_trend_hpa,april_may
v2_003645,INALUT3,2026-05-17 11:00:00+00:00,2026-05-17 11:00:00+00:00,1,1,fault,statistical_anomaly,barometer,statistical_anomaly=pressure_trend_hpa,april_may
v2_003646,INALUT3,2026-05-17 13:00:00+00:00,2026-05-17 13:00:00+00:00,1,1,fault,statistical_anomaly,barometer,statistical_anomaly=pressure_trend_hpa,april_may
v2_003647,INALUT3,2026-05-17 20:00:00+00:00,2026-05-18 08:00:00+00:00,13,1,fault,spike_impossible,barometer,spike_impossible=pressure_trend_hpa,april_may
v2_003648,INALUT3,2026-05-18 05:00:00+00:00,2026-05-18 08:00:00+00:00,4,1,fault,spike_impossible,barometer,spike_impossible=pressure_trend_hpa,april_may
v2_003649,INALUT3,2026-05-18 18:00:00+00:00,2026-05-18 18:00:00+00:00,1,1,fault,statistical_anomaly,barometer,statistical_anomaly=pressure_trend_hpa,april_may
v2_003650,INALUT3,2026-05-19 09:00:00+00:00,2026-05-19 09:00:00+00:00,1,1,fault,spike_impossible,barometer,spike_impossible=pressure_trend_hpa,april_may
v2_003651,INALUT3,2026-05-20 12:00:00+00:00,2026-05-20 12:00:00+00:00,1,0,benign,,,,april_may
v2_003652,INALUT3,2026-05-21 11:00:00+00:00,2026-05-21 11:00:00+00:00,1,0,benign,,,,april_may
v2_003653,INALUT3,2026-05-22 11:00:00+00:00,2026-05-22 11:00:00+00:00,1,0,benign,,,,april_may
v2_003654,INALUT3,2026-05-23 10:00:00+00:00,2026-05-23 11:00:00+00:00,2,0,benign,,,,april_may
v2_003655,INALUT3,2026-05-25 10:00:00+00:00,2026-05-25 11:00:00+00:00,2,0,benign,,,,april_may
v2_003656,INALUT3,2026-05-26 10:00:00+00:00,2026-05-26 10:00:00+00:00,1,0,benign,,,,april_may
v2_003657,INALUT3,2026-05-27 01:00:00+00:00,2026-05-27 02:00:00+00:00,2,0,benign,,,,april_may
v2_003658,INALUT3,2026-05-27 10:00:00+00:00,2026-05-27 12:00:00+00:00,3,1,fault,statistical_anomaly,light_uv,statistical_anomaly=uv_high,april_may
v2_003659,INALUT3,2026-05-28 10:00:00+00:00,2026-05-28 12:00:00+00:00,3,1,fault,statistical_anomaly,light_uv,statistical_anomaly=uv_high,april_may
v2_003660,INALUT3,2026-05-29 09:00:00+00:00,2026-05-29 12:00:00+00:00,4,1,fault,statistical_anomaly,light_uv,statistical_anomaly=uv_high,april_may
v2_003661,INALUT3,2026-05-30 09:00:00+00:00,2026-05-30 10:00:00+00:00,2,0,benign,,,,april_may
v2_003662,INALUT3,2026-05-30 12:00:00+00:00,2026-05-30 12:00:00+00:00,1,0,benign,,,,april_may
v2_003663,INALUT3,2026-05-31 09:00:00+00:00,2026-05-31 09:00:00+00:00,1,1,fault,spike_impossible,barometer,spike_impossible=pressure_trend_hpa,april_may
v2_003664,INALUT3,2026-05-31 10:00:00+00:00,2026-05-31 12:00:00+00:00,3,1,fault,statistical_anomaly,light_uv,statistical_anomaly=uv_high,april_may
v2_003665,INALUT3,2026-06-01 09:00:00+00:00,2026-06-01 12:00:00+00:00,4,1,fault,statistical_anomaly,light_uv,statistical_anomaly=uv_high,june
v2_003666,INALUT3,2026-06-02 09:00:00+00:00,2026-06-02 10:00:00+00:00,2,0,benign,,,,june
v2_003667,INALUT3,2026-06-02 12:00:00+00:00,2026-06-02 12:00:00+00:00,1,0,benign,,,,june
v2_003668,INALUT3,2026-06-03 09:00:00+00:00,2026-06-03 12:00:00+00:00,4,1,fault,statistical_anomaly,light_uv,statistical_anomaly=uv_high,june
v2_003669,INALUT3,2026-06-03 15:00:00+00:00,2026-06-03 15:00:00+00:00,1,1,fault,statistical_anomaly,barometer,statistical_anomaly=pressure_trend_hpa,june
v2_003670,INALUT3,2026-06-04 09:00:00+00:00,2026-06-04 15:00:00+00:00,7,1,fault,statistical_anomaly,light_uv,statistical_anomaly=uv_high,june
v2_003671,INALUT3,2026-06-05 05:00:00+00:00,2026-06-05 05:00:00+00:00,1,0,benign,,,,june
v2_003672,INALUT3,2026-06-05 09:00:00+00:00,2026-06-05 12:00:00+00:00,4,1,fault,statistical_anomaly,light_uv,statistical_anomaly=uv_high,june
v2_003673,INALUT3,2026-06-05 23:00:00+00:00,2026-06-05 23:00:00+00:00,1,1,fault,spike_impossible,barometer,spike_impossible=pressure_trend_hpa,june
v2_003674,INALUT3,2026-06-06 10:00:00+00:00,2026-06-06 12:00:00+00:00,3,0,benign,,,,june
v2_003675,INALUT3,2026-06-09 02:00:00+00:00,2026-06-09 02:00:00+00:00,1,1,fault,statistical_anomaly,barometer,statistical_anomaly=pressure_trend_hpa,june
v2_003676,INALUT3,2026-06-09 10:00:00+00:00,2026-06-09 12:00:00+00:00,3,0,benign,,,,june
v2_003677,INALUT3,2026-06-11 10:00:00+00:00,2026-06-11 12:00:00+00:00,3,0,benign,,,,june
v2_003678,INALUT3,2026-06-12 10:00:00+00:00,2026-06-12 12:00:00+00:00,3,0,benign,,,,june
v2_003679,INALUT3,2026-06-13 10:00:00+00:00,2026-06-13 12:00:00+00:00,3,0,benign,,,,june
v2_003680,INALUT3,2026-06-14 03:00:00+00:00,2026-06-14 06:00:00+00:00,4,0,benign,,,,june
v2_003681,INALUT3,2026-06-14 09:00:00+00:00,2026-06-14 12:00:00+00:00,4,1,fault,statistical_anomaly,light_uv,statistical_anomaly=uv_high,june
v2_003682,INALUT3,2026-06-15 09:00:00+00:00,2026-06-15 12:00:00+00:00,4,1,fault,statistical_anomaly,light_uv,statistical_anomaly=uv_high,june
v2_003683,INALUT3,2026-06-16 02:00:00+00:00,2026-06-16 02:00:00+00:00,1,1,fault,statistical_anomaly,barometer,statistical_anomaly=pressure_trend_hpa,june
v2_003684,INALUT3,2026-06-16 10:00:00+00:00,2026-06-16 11:00:00+00:00,2,0,benign,,,,june
v2_003685,INALUT3,2026-06-17 13:00:00+00:00,2026-06-17 13:00:00+00:00,1,1,fault,statistical_anomaly,barometer,statistical_anomaly=pressure_trend_hpa,june
v2_003686,INALUT3,2026-06-18 04:00:00+00:00,2026-06-18 04:00:00+00:00,1,0,benign,,,,june
v2_003687,INALUT3,2026-06-18 07:00:00+00:00,2026-06-18 07:00:00+00:00,1,1,fault,spike_impossible,barometer,spike_impossible=pressure_trend_hpa,june
v2_003688,INALUT3,2026-06-18 10:00:00+00:00,2026-06-18 12:00:00+00:00,3,0,benign,,,,june
v2_003689,INALUT3,2026-06-19 04:00:00+00:00,2026-06-19 04:00:00+00:00,1,0,benign,,,,june
v2_003690,INALUT3,2026-06-19 10:00:00+00:00,2026-06-19 12:00:00+00:00,3,0,benign,,,,june
v2_003691,INALUT3,2026-06-19 16:00:00+00:00,2026-06-19 16:00:00+00:00,1,1,fault,statistical_anomaly,barometer,statistical_anomaly=pressure_trend_hpa,june
v2_003692,INALUT3,2026-06-20 10:00:00+00:00,2026-06-20 12:00:00+00:00,3,0,benign,,,,june
v2_003693,INALUT3,2026-06-21 10:00:00+00:00,2026-06-21 12:00:00+00:00,3,0,benign,,,,june
v2_003694,INALUT3,2026-06-22 10:00:00+00:00,2026-06-22 12:00:00+00:00,3,0,benign,,,,june
v2_003695,INALUT3,2026-06-23 10:00:00+00:00,2026-06-23 12:00:00+00:00,3,0,benign,,,,june
v2_003696,INALUT3,2026-06-24 10:00:00+00:00,2026-06-24 12:00:00+00:00,3,0,benign,,,,june
v2_003697,INALUT3,2026-06-26 10:00:00+00:00,2026-06-26 12:00:00+00:00,3,0,benign,,,,june
v2_003698,INALUT3,2026-06-27 10:00:00+00:00,2026-06-27 11:00:00+00:00,2,0,benign,,,,june
v2_003699,INALUT3,2026-06-28 10:00:00+00:00,2026-06-28 12:00:00+00:00,3,0,benign,,,,june
v2_003700,INALUT3,2026-06-29 03:00:00+00:00,2026-06-29 03:00:00+00:00,1,0,benign,,,,june
v2_003701,INALUT3,2026-06-29 10:00:00+00:00,2026-06-29 11:00:00+00:00,2,0,benign,,,,june
v2_003702,INALUT3,2026-06-30 10:00:00+00:00,2026-06-30 12:00:00+00:00,3,0,benign,,,,june
v2_003703,INUQAT10,2025-10-12 16:00:00+00:00,2025-10-12 18:00:00+00:00,3,0,benign,,,,pre_april
v2_003704,INUQAT10,2025-10-15 13:00:00+00:00,2025-10-15 14:00:00+00:00,2,0,benign,,,,pre_april
v2_003705,INUQAT10,2025-10-25 12:00:00+00:00,2025-10-25 16:00:00+00:00,5,0,benign,,,,pre_april
v2_003706,INUQAT10,2025-10-26 11:00:00+00:00,2025-10-26 17:00:00+00:00,7,0,benign,,,,pre_april
v2_003707,INUQAT10,2025-10-27 12:00:00+00:00,2025-10-27 12:00:00+00:00,1,0,benign,,,,pre_april
v2_003708,INUQAT10,2025-10-27 14:00:00+00:00,2025-10-27 14:00:00+00:00,1,0,benign,,,,pre_april
v2_003709,INUQAT10,2025-10-29 15:00:00+00:00,2025-10-29 15:00:00+00:00,1,0,benign,,,,pre_april
v2_003710,INUQAT10,2025-10-29 18:00:00+00:00,2025-10-29 18:00:00+00:00,1,0,benign,,,,pre_april
v2_003711,INUQAT10,2025-11-03 17:00:00+00:00,2025-11-05 13:00:00+00:00,45,1,fault,stuck_flatline,anemometer,stuck_flatline=windspeed_avg_kmh,pre_april
v2_003712,INUQAT10,2025-11-05 17:00:00+00:00,2025-11-07 08:00:00+00:00,40,1,fault,stuck_flatline,anemometer,stuck_flatline=windspeed_avg_kmh,pre_april
v2_003713,INUQAT10,2025-11-10 09:00:00+00:00,2025-11-11 12:00:00+00:00,28,1,fault,stuck_flatline,anemometer,stuck_flatline=windspeed_avg_kmh,pre_april
v2_003714,INUQAT10,2025-11-17 13:00:00+00:00,2025-11-18 17:00:00+00:00,29,1,fault,stuck_flatline,anemometer,stuck_flatline=windspeed_avg_kmh,pre_april
v2_003715,INUQAT10,2025-11-19 14:00:00+00:00,2025-11-19 14:00:00+00:00,1,0,benign,,,,pre_april
v2_003716,INUQAT10,2025-11-24 05:00:00+00:00,2025-11-24 06:00:00+00:00,2,0,benign,,,,pre_april
v2_003717,INUQAT10,2025-11-30 05:00:00+00:00,2025-11-30 07:00:00+00:00,3,0,benign,,,,pre_april
v2_003718,INUQAT10,2025-12-01 04:00:00+00:00,2025-12-01 06:00:00+00:00,3,0,benign,,,,pre_april
v2_003719,INUQAT10,2025-12-01 19:00:00+00:00,2025-12-03 04:00:00+00:00,34,1,fault,stuck_flatline,anemometer,stuck_flatline=windspeed_avg_kmh,pre_april
v2_003720,INUQAT10,2025-12-03 09:00:00+00:00,2025-12-03 09:00:00+00:00,1,0,benign,,,,pre_april
v2_003721,INUQAT10,2025-12-03 11:00:00+00:00,2025-12-03 11:00:00+00:00,1,0,benign,,,,pre_april
v2_003722,INUQAT10,2025-12-08 09:00:00+00:00,2025-12-09 08:00:00+00:00,24,1,fault,stuck_flatline,anemometer,stuck_flatline=windspeed_avg_kmh,pre_april
v2_003723,INUQAT10,2025-12-09 10:00:00+00:00,2025-12-10 13:00:00+00:00,28,1,fault,stuck_flatline,anemometer,stuck_flatline=windspeed_avg_kmh,pre_april
v2_003724,INUQAT10,2025-12-10 16:00:00+00:00,2025-12-12 13:00:00+00:00,46,1,fault,stuck_flatline,anemometer,stuck_flatline=windspeed_avg_kmh,pre_april
v2_003725,INUQAT10,2025-12-14 19:00:00+00:00,2025-12-16 12:00:00+00:00,42,1,fault,stuck_flatline,anemometer,stuck_flatline=windspeed_avg_kmh,pre_april
v2_003726,INUQAT10,2025-12-16 04:00:00+00:00,2025-12-16 04:00:00+00:00,1,1,fault,stuck_flatline,anemometer,stuck_flatline=windspeed_avg_kmh,pre_april
v2_003727,INUQAT10,2025-12-16 14:00:00+00:00,2025-12-17 13:00:00+00:00,24,1,fault,stuck_flatline,anemometer,stuck_flatline=windspeed_avg_kmh,pre_april
v2_003728,INUQAT10,2025-12-19 13:00:00+00:00,2025-12-19 13:00:00+00:00,1,1,fault,statistical_anomaly,anemometer|light_uv,statistical_anomaly=uv_high+windgust_high_kmh,pre_april
v2_003729,INUQAT10,2025-12-24 16:00:00+00:00,2025-12-26 06:00:00+00:00,39,1,fault,stuck_flatline,anemometer,stuck_flatline=windspeed_avg_kmh,pre_april
v2_003730,INUQAT10,2026-01-04 00:00:00+00:00,2026-01-04 00:00:00+00:00,1,1,fault,statistical_anomaly,barometer,statistical_anomaly=pressure_trend_hpa,pre_april
v2_003731,INUQAT10,2026-01-10 05:00:00+00:00,2026-01-10 06:00:00+00:00,2,0,benign,,,,pre_april
v2_003732,INUQAT10,2026-01-11 11:00:00+00:00,2026-01-13 15:00:00+00:00,53,1,fault,stuck_flatline,anemometer,stuck_flatline=windspeed_avg_kmh,pre_april
v2_003733,INUQAT10,2026-01-17 13:00:00+00:00,2026-01-18 12:00:00+00:00,24,1,fault,stuck_flatline,anemometer,stuck_flatline=windspeed_avg_kmh,pre_april
v2_003734,INUQAT10,2026-01-20 01:00:00+00:00,2026-01-20 04:00:00+00:00,4,0,benign,,,,pre_april
v2_003735,INUQAT10,2026-01-24 14:00:00+00:00,2026-01-24 16:00:00+00:00,3,0,benign,,,,pre_april
v2_003736,INUQAT10,2026-01-26 10:00:00+00:00,2026-01-26 14:00:00+00:00,5,0,benign,,,,pre_april
v2_003737,INUQAT10,2026-01-31 11:00:00+00:00,2026-01-31 13:00:00+00:00,3,0,benign,,,,pre_april
v2_003738,INUQAT10,2026-02-04 12:00:00+00:00,2026-02-04 13:00:00+00:00,2,0,benign,,,,pre_april
v2_003739,INUQAT10,2026-02-04 15:00:00+00:00,2026-02-04 15:00:00+00:00,1,0,benign,,,,pre_april
v2_003740,INUQAT10,2026-02-05 05:00:00+00:00,2026-02-05 05:00:00+00:00,1,0,benign,,,,pre_april
v2_003741,INUQAT10,2026-02-17 12:00:00+00:00,2026-02-18 14:00:00+00:00,27,1,fault,stuck_flatline,anemometer,stuck_flatline=windspeed_avg_kmh,pre_april
v2_003742,INUQAT10,2026-02-20 22:00:00+00:00,2026-02-22 19:00:00+00:00,46,1,fault,stuck_flatline,anemometer,stuck_flatline=windspeed_avg_kmh,pre_april
v2_003743,INUQAT10,2026-02-27 09:00:00+00:00,2026-02-27 09:00:00+00:00,1,1,fault,statistical_anomaly,anemometer,statistical_anomaly=windgust_high_kmh,pre_april
v2_003744,INUQAT10,2026-03-04 14:00:00+00:00,2026-03-04 14:00:00+00:00,1,0,benign,,,,pre_april
v2_003745,INUQAT10,2026-03-09 14:00:00+00:00,2026-03-09 18:00:00+00:00,5,0,benign,,,,pre_april
v2_003746,INUQAT10,2026-03-10 13:00:00+00:00,2026-03-10 15:00:00+00:00,3,0,benign,,,,pre_april
v2_003747,INUQAT10,2026-03-10 16:00:00+00:00,2026-03-10 16:00:00+00:00,1,0,benign,,,,pre_april
v2_003748,INUQAT10,2026-03-11 12:00:00+00:00,2026-03-11 17:00:00+00:00,6,1,fault,statistical_anomaly,anemometer,statistical_anomaly=windspeed_avg_kmh,pre_april
v2_003749,INUQAT10,2026-03-11 18:00:00+00:00,2026-03-11 20:00:00+00:00,3,0,benign,,,,pre_april
v2_003750,INUQAT10,2026-03-12 10:00:00+00:00,2026-03-12 10:00:00+00:00,1,0,benign,,,,pre_april
v2_003751,INUQAT10,2026-03-12 12:00:00+00:00,2026-03-12 15:00:00+00:00,4,0,benign,,,,pre_april
v2_003752,INUQAT10,2026-03-12 17:00:00+00:00,2026-03-12 17:00:00+00:00,1,0,benign,,,,pre_april
v2_003753,INUQAT10,2026-03-14 04:00:00+00:00,2026-03-14 04:00:00+00:00,1,0,benign,,,,pre_april
v2_003754,INUQAT10,2026-03-15 14:00:00+00:00,2026-03-15 16:00:00+00:00,3,0,benign,,,,pre_april
v2_003755,INUQAT10,2026-03-16 00:00:00+00:00,2026-03-16 02:00:00+00:00,3,0,benign,,,,pre_april
v2_003756,INUQAT10,2026-03-16 04:00:00+00:00,2026-03-16 04:00:00+00:00,1,0,benign,,,,pre_april
v2_003757,INUQAT10,2026-03-16 07:00:00+00:00,2026-03-16 22:00:00+00:00,16,1,fault,statistical_anomaly,barometer,statistical_anomaly=pressure_trend_hpa,pre_april
v2_003758,INUQAT10,2026-03-16 15:00:00+00:00,2026-03-16 15:00:00+00:00,1,1,fault,statistical_anomaly,barometer,statistical_anomaly=pressure_trend_hpa,pre_april
v2_003759,INUQAT10,2026-03-16 16:00:00+00:00,2026-03-16 16:00:00+00:00,1,0,benign,,,,pre_april
v2_003760,INUQAT10,2026-03-16 18:00:00+00:00,2026-03-16 19:00:00+00:00,2,0,benign,,,,pre_april
v2_003761,INUQAT10,2026-03-16 22:00:00+00:00,2026-03-17 09:00:00+00:00,12,0,benign,,,,pre_april
v2_003762,INUQAT10,2026-03-17 11:00:00+00:00,2026-03-17 11:00:00+00:00,1,0,benign,,,,pre_april
v2_003763,INUQAT10,2026-03-17 14:00:00+00:00,2026-03-19 07:00:00+00:00,42,1,fault,stuck_flatline,anemometer,stuck_flatline=windgust_avg_kmh+windspeed_avg_kmh,pre_april
v2_003764,INUQAT10,2026-03-23 17:00:00+00:00,2026-03-26 05:00:00+00:00,61,1,fault,stuck_flatline,anemometer,stuck_flatline=windspeed_avg_kmh,pre_april
v2_003765,INUQAT10,2026-03-25 10:00:00+00:00,2026-03-25 11:00:00+00:00,2,1,fault,stuck_flatline,anemometer,stuck_flatline=windspeed_avg_kmh,pre_april
v2_003766,INUQAT10,2026-03-27 03:00:00+00:00,2026-03-29 13:00:00+00:00,59,1,fault,stuck_flatline,anemometer,stuck_flatline=windspeed_avg_kmh,pre_april
v2_003767,INUQAT10,2026-03-30 22:00:00+00:00,2026-03-31 23:00:00+00:00,26,1,fault,stuck_flatline,anemometer,stuck_flatline=windspeed_avg_kmh,pre_april
v2_003768,INUQAT10,2026-04-01 01:00:00+00:00,2026-04-01 01:00:00+00:00,1,0,benign,,,,april_may
v2_003769,INUQAT10,2026-04-06 03:00:00+00:00,2026-04-06 03:00:00+00:00,1,0,benign,,,,april_may
v2_003770,INUQAT10,2026-04-08 08:00:00+00:00,2026-04-08 08:00:00+00:00,1,1,fault,statistical_anomaly,barometer,statistical_anomaly=pressure_trend_hpa,april_may
v2_003771,INUQAT10,2026-04-09 13:00:00+00:00,2026-04-09 13:00:00+00:00,1,1,fault,statistical_anomaly,barometer,statistical_anomaly=pressure_trend_hpa,april_may
v2_003772,INUQAT10,2026-04-11 10:00:00+00:00,2026-04-11 11:00:00+00:00,2,0,benign,,,,april_may
v2_003773,INUQAT10,2026-04-11 14:00:00+00:00,2026-04-11 14:00:00+00:00,1,0,benign,,,,april_may
v2_003774,INUQAT10,2026-04-12 04:00:00+00:00,2026-04-12 05:00:00+00:00,2,0,benign,,,,april_may
v2_003775,INUQAT10,2026-04-12 07:00:00+00:00,2026-04-12 17:00:00+00:00,11,0,benign,,,,april_may
v2_003776,INUQAT10,2026-04-12 14:00:00+00:00,2026-04-12 16:00:00+00:00,3,0,benign,,,,april_may
v2_003777,INUQAT10,2026-04-15 02:00:00+00:00,2026-04-15 02:00:00+00:00,1,1,fault,statistical_anomaly,barometer,statistical_anomaly=pressure_trend_hpa,april_may
v2_003778,INUQAT10,2026-04-16 10:00:00+00:00,2026-04-16 10:00:00+00:00,1,0,benign,,,,april_may
v2_003779,INUQAT10,2026-04-16 23:00:00+00:00,2026-04-16 23:00:00+00:00,1,1,fault,statistical_anomaly,barometer,statistical_anomaly=pressure_trend_hpa,april_may
v2_003780,INUQAT10,2026-04-18 16:00:00+00:00,2026-04-18 16:00:00+00:00,1,1,fault,statistical_anomaly,barometer,statistical_anomaly=pressure_trend_hpa,april_may
v2_003781,INUQAT10,2026-04-23 12:00:00+00:00,2026-04-23 13:00:00+00:00,2,0,benign,,,,april_may
v2_003782,INUQAT10,2026-04-23 14:00:00+00:00,2026-04-23 14:00:00+00:00,1,0,benign,,,,april_may
v2_003783,INUQAT10,2026-04-24 10:00:00+00:00,2026-04-24 11:00:00+00:00,2,1,fault,statistical_anomaly,light_uv,statistical_anomaly=uv_high,april_may
v2_003784,INUQAT10,2026-04-24 16:00:00+00:00,2026-04-24 16:00:00+00:00,1,0,benign,,,,april_may
v2_003785,INUQAT10,2026-04-25 13:00:00+00:00,2026-04-25 14:00:00+00:00,2,0,benign,,,,april_may
v2_003786,INUQAT10,2026-04-25 15:00:00+00:00,2026-04-25 15:00:00+00:00,1,0,benign,,,,april_may
v2_003787,INUQAT10,2026-04-25 16:00:00+00:00,2026-04-25 16:00:00+00:00,1,0,benign,,,,april_may
v2_003788,INUQAT10,2026-04-26 17:00:00+00:00,2026-04-26 17:00:00+00:00,1,1,fault,spike_impossible,barometer,spike_impossible=pressure_trend_hpa,april_may
v2_003789,INUQAT10,2026-04-27 14:00:00+00:00,2026-04-27 15:00:00+00:00,2,0,benign,,,,april_may
v2_003790,INUQAT10,2026-04-27 16:00:00+00:00,2026-04-27 16:00:00+00:00,1,0,benign,,,,april_may
v2_003791,INUQAT10,2026-04-27 17:00:00+00:00,2026-04-27 18:00:00+00:00,2,0,benign,,,,april_may
v2_003792,INUQAT10,2026-04-27 21:00:00+00:00,2026-04-27 22:00:00+00:00,2,0,benign,,,,april_may
v2_003793,INUQAT10,2026-04-29 23:00:00+00:00,2026-04-29 23:00:00+00:00,1,1,fault,statistical_anomaly,barometer,statistical_anomaly=pressure_trend_hpa,april_may
v2_003794,INUQAT10,2026-04-30 03:00:00+00:00,2026-04-30 03:00:00+00:00,1,0,benign,,,,april_may
v2_003795,INUQAT10,2026-05-01 10:00:00+00:00,2026-05-01 16:00:00+00:00,7,1,fault,statistical_anomaly,anemometer,statistical_anomaly=windspeed_avg_kmh,april_may
v2_003796,INUQAT10,2026-05-01 18:00:00+00:00,2026-05-01 18:00:00+00:00,1,0,benign,,,,april_may
v2_003797,INUQAT10,2026-05-01 20:00:00+00:00,2026-05-01 22:00:00+00:00,3,1,fault,statistical_anomaly,barometer,statistical_anomaly=pressure_trend_hpa,april_may
v2_003798,INUQAT10,2026-05-02 10:00:00+00:00,2026-05-02 11:00:00+00:00,2,0,benign,,,,april_may
v2_003799,INUQAT10,2026-05-03 00:00:00+00:00,2026-05-03 00:00:00+00:00,1,0,benign,,,,april_may
v2_003800,INUQAT10,2026-05-03 10:00:00+00:00,2026-05-03 11:00:00+00:00,2,0,benign,,,,april_may
v2_003801,INUQAT10,2026-05-04 09:00:00+00:00,2026-05-04 11:00:00+00:00,3,1,fault,statistical_anomaly,light_uv,statistical_anomaly=uv_high,april_may
v2_003802,INUQAT10,2026-05-05 09:00:00+00:00,2026-05-05 11:00:00+00:00,3,1,fault,statistical_anomaly,light_uv,statistical_anomaly=uv_high,april_may
v2_003803,INUQAT10,2026-05-06 10:00:00+00:00,2026-05-06 18:00:00+00:00,9,1,fault,statistical_anomaly,thermo_hygrometer,statistical_anomaly=temp_high_c+temp_low_c,april_may
v2_003804,INUQAT10,2026-05-07 12:00:00+00:00,2026-05-07 12:00:00+00:00,1,0,benign,,,,april_may
v2_003805,INUQAT10,2026-05-08 08:00:00+00:00,2026-05-08 10:00:00+00:00,3,1,fault,statistical_anomaly,thermo_hygrometer,statistical_anomaly=temp_high_c+temp_low_c,april_may
v2_003806,INUQAT10,2026-05-09 22:00:00+00:00,2026-05-09 22:00:00+00:00,1,0,benign,,,,april_may
v2_003807,INUQAT10,2026-05-10 13:00:00+00:00,2026-05-10 13:00:00+00:00,1,0,benign,,,,april_may
v2_003808,INUQAT10,2026-05-11 10:00:00+00:00,2026-05-11 11:00:00+00:00,2,0,benign,,,,april_may
v2_003809,INUQAT10,2026-05-12 08:00:00+00:00,2026-05-12 08:00:00+00:00,1,1,fault,statistical_anomaly,thermo_hygrometer,statistical_anomaly=temp_high_c,april_may
v2_003810,INUQAT10,2026-05-13 08:00:00+00:00,2026-05-13 08:00:00+00:00,1,0,benign,,,,april_may
v2_003811,INUQAT10,2026-05-13 18:00:00+00:00,2026-05-13 18:00:00+00:00,1,1,fault,statistical_anomaly,barometer,statistical_anomaly=pressure_trend_hpa,april_may
v2_003812,INUQAT10,2026-05-14 10:00:00+00:00,2026-05-14 10:00:00+00:00,1,0,benign,,,,april_may
v2_003813,INUQAT10,2026-05-14 21:00:00+00:00,2026-05-14 21:00:00+00:00,1,1,fault,statistical_anomaly,barometer,statistical_anomaly=pressure_trend_hpa,april_may
v2_003814,INUQAT10,2026-05-15 06:00:00+00:00,2026-05-15 06:00:00+00:00,1,0,benign,,,,april_may
v2_003815,INUQAT10,2026-05-15 10:00:00+00:00,2026-05-15 13:00:00+00:00,4,1,fault,statistical_anomaly,thermo_hygrometer,statistical_anomaly=temp_avg_c+temp_high_c+temp_low_c,april_may
v2_003816,INUQAT10,2026-05-16 10:00:00+00:00,2026-05-16 11:00:00+00:00,2,0,benign,,,,april_may
v2_003817,INUQAT10,2026-05-16 12:00:00+00:00,2026-05-16 12:00:00+00:00,1,0,benign,,,,april_may
v2_003818,INUQAT10,2026-05-16 23:00:00+00:00,2026-05-16 23:00:00+00:00,1,1,fault,statistical_anomaly,barometer,statistical_anomaly=pressure_trend_hpa,april_may
v2_003819,INUQAT10,2026-05-17 01:00:00+00:00,2026-05-17 01:00:00+00:00,1,1,fault,spike_impossible,barometer,spike_impossible=pressure_trend_hpa,april_may
v2_003820,INUQAT10,2026-05-17 05:00:00+00:00,2026-05-17 06:00:00+00:00,2,1,fault,spike_impossible,barometer,spike_impossible=pressure_trend_hpa,april_may
v2_003821,INUQAT10,2026-05-17 07:00:00+00:00,2026-05-17 07:00:00+00:00,1,0,benign,,,,april_may
v2_003822,INUQAT10,2026-05-17 08:00:00+00:00,2026-05-17 10:00:00+00:00,3,1,fault,spike_impossible|statistical_anomaly,barometer,spike_impossible=pressure_trend_hpa|statistical_anomaly=pressure_trend_hpa,april_may
v2_003823,INUQAT10,2026-05-17 11:00:00+00:00,2026-05-17 11:00:00+00:00,1,0,benign,,,,april_may
v2_003824,INUQAT10,2026-05-17 16:00:00+00:00,2026-05-17 16:00:00+00:00,1,0,benign,,,,april_may
v2_003825,INUQAT10,2026-05-19 10:00:00+00:00,2026-05-19 10:00:00+00:00,1,0,benign,,,,april_may
v2_003826,INUQAT10,2026-05-20 10:00:00+00:00,2026-05-20 11:00:00+00:00,2,0,benign,,,,april_may
v2_003827,INUQAT10,2026-05-21 10:00:00+00:00,2026-05-21 11:00:00+00:00,2,0,benign,,,,april_may
v2_003828,INUQAT10,2026-05-22 10:00:00+00:00,2026-05-22 11:00:00+00:00,2,0,benign,,,,april_may
v2_003829,INUQAT10,2026-05-23 10:00:00+00:00,2026-05-23 11:00:00+00:00,2,0,benign,,,,april_may
v2_003830,INUQAT10,2026-05-25 10:00:00+00:00,2026-05-25 11:00:00+00:00,2,0,benign,,,,april_may
v2_003831,INUQAT10,2026-05-26 10:00:00+00:00,2026-05-26 10:00:00+00:00,1,0,benign,,,,april_may
v2_003832,INUQAT10,2026-05-27 10:00:00+00:00,2026-05-27 10:00:00+00:00,1,0,benign,,,,april_may
v2_003833,INUQAT10,2026-05-27 11:00:00+00:00,2026-05-27 11:00:00+00:00,1,1,fault,statistical_anomaly,barometer,statistical_anomaly=pressure_trend_hpa,april_may
v2_003834,INUQAT10,2026-05-27 16:00:00+00:00,2026-05-27 16:00:00+00:00,1,0,benign,,,,april_may
v2_003835,INUQAT10,2026-05-28 17:00:00+00:00,2026-05-28 17:00:00+00:00,1,1,fault,statistical_anomaly,barometer,statistical_anomaly=pressure_trend_hpa,april_may
v2_003836,INUQAT10,2026-05-30 09:00:00+00:00,2026-05-30 09:00:00+00:00,1,1,fault,spike_impossible,barometer,spike_impossible=pressure_trend_hpa,april_may
v2_003837,INUQAT10,2026-06-01 04:00:00+00:00,2026-06-01 04:00:00+00:00,1,1,fault,statistical_anomaly,barometer,statistical_anomaly=pressure_trend_hpa,june
v2_003838,INUQAT10,2026-06-03 07:00:00+00:00,2026-06-03 16:00:00+00:00,10,1,fault,statistical_anomaly,light_uv|thermo_hygrometer,statistical_anomaly=temp_avg_c+temp_high_c+temp_low_c+uv_high,june
v2_003839,INUQAT10,2026-06-04 13:00:00+00:00,2026-06-04 13:00:00+00:00,1,0,benign,,,,june
v2_003840,INUQAT10,2026-06-04 21:00:00+00:00,2026-06-04 21:00:00+00:00,1,1,fault,statistical_anomaly,barometer,statistical_anomaly=pressure_trend_hpa,june
v2_003841,INUQAT10,2026-06-07 12:00:00+00:00,2026-06-07 12:00:00+00:00,1,0,benign,,,,june
v2_003842,INUQAT10,2026-06-08 08:00:00+00:00,2026-06-08 08:00:00+00:00,1,0,benign,,,,june
v2_003843,INUQAT10,2026-06-09 14:00:00+00:00,2026-06-09 14:00:00+00:00,1,0,benign,,,,june
v2_003844,INUQAT10,2026-06-10 13:00:00+00:00,2026-06-10 13:00:00+00:00,1,0,benign,,,,june
v2_003845,INUQAT10,2026-06-11 10:00:00+00:00,2026-06-11 10:00:00+00:00,1,1,fault,statistical_anomaly,light_uv,statistical_anomaly=uv_high,june
v2_003846,INUQAT10,2026-06-12 09:00:00+00:00,2026-06-12 11:00:00+00:00,3,1,fault,statistical_anomaly,light_uv,statistical_anomaly=uv_high,june
v2_003847,INUQAT10,2026-06-13 09:00:00+00:00,2026-06-13 11:00:00+00:00,3,1,fault,statistical_anomaly,light_uv,statistical_anomaly=uv_high,june
v2_003848,INUQAT10,2026-06-14 10:00:00+00:00,2026-06-14 11:00:00+00:00,2,1,fault,statistical_anomaly,light_uv,statistical_anomaly=uv_high,june
v2_003849,INUQAT10,2026-06-15 09:00:00+00:00,2026-06-15 11:00:00+00:00,3,1,fault,statistical_anomaly,light_uv,statistical_anomaly=uv_high,june
v2_003850,INUQAT10,2026-06-16 10:00:00+00:00,2026-06-16 10:00:00+00:00,1,1,fault,statistical_anomaly,light_uv,statistical_anomaly=uv_high,june
v2_003851,INUQAT10,2026-06-16 12:00:00+00:00,2026-06-16 13:00:00+00:00,2,0,benign,,,,june
v2_003852,INUQAT10,2026-06-17 10:00:00+00:00,2026-06-17 11:00:00+00:00,2,1,fault,statistical_anomaly,light_uv,statistical_anomaly=uv_high,june
v2_003853,INUQAT10,2026-06-17 12:00:00+00:00,2026-06-17 12:00:00+00:00,1,0,benign,,,,june
v2_003854,INUQAT10,2026-06-18 09:00:00+00:00,2026-06-18 11:00:00+00:00,3,1,fault,statistical_anomaly,light_uv,statistical_anomaly=uv_high,june
v2_003855,INUQAT10,2026-06-19 10:00:00+00:00,2026-06-19 11:00:00+00:00,2,1,fault,statistical_anomaly,light_uv,statistical_anomaly=uv_high,june
v2_003856,INUQAT10,2026-06-19 17:00:00+00:00,2026-06-19 17:00:00+00:00,1,0,benign,,,,june
v2_003857,INUQAT10,2026-06-20 10:00:00+00:00,2026-06-20 11:00:00+00:00,2,1,fault,statistical_anomaly,light_uv,statistical_anomaly=uv_high,june
v2_003858,INUQAT10,2026-06-20 16:00:00+00:00,2026-06-20 16:00:00+00:00,1,1,fault,statistical_anomaly,barometer,statistical_anomaly=pressure_trend_hpa,june
v2_003859,INUQAT10,2026-06-22 10:00:00+00:00,2026-06-22 10:00:00+00:00,1,1,fault,spike_impossible|statistical_anomaly,barometer|light_uv,spike_impossible=pressure_trend_hpa|statistical_anomaly=uv_high,june
v2_003860,INUQAT10,2026-06-23 12:00:00+00:00,2026-06-23 12:00:00+00:00,1,0,benign,,,,june
v2_003861,INUQAT10,2026-06-24 10:00:00+00:00,2026-06-24 10:00:00+00:00,1,0,benign,,,,june
v2_003862,INUQAT10,2026-06-24 13:00:00+00:00,2026-06-24 13:00:00+00:00,1,1,fault,statistical_anomaly,anemometer,statistical_anomaly=windgust_high_kmh+windspeed_high_kmh,june
v2_003863,INUQAT10,2026-06-25 08:00:00+00:00,2026-06-25 08:00:00+00:00,1,1,fault,spike_impossible,barometer,spike_impossible=pressure_trend_hpa,june
v2_003864,INUQAT10,2026-06-25 09:00:00+00:00,2026-06-25 12:00:00+00:00,4,1,fault,statistical_anomaly,thermo_hygrometer,statistical_anomaly=temp_low_c,june
v2_003865,INUQAT10,2026-06-25 17:00:00+00:00,2026-06-25 17:00:00+00:00,1,1,fault,spike_impossible,barometer,spike_impossible=pressure_trend_hpa,june
v2_003866,INUQAT10,2026-06-28 04:00:00+00:00,2026-06-28 05:00:00+00:00,2,0,benign,,,,june
v2_003867,INUQAT10,2026-06-28 07:00:00+00:00,2026-06-28 08:00:00+00:00,2,1,fault,spike_impossible,barometer,spike_impossible=pressure_trend_hpa,june
v2_003868,INUQAT10,2026-06-29 02:00:00+00:00,2026-06-29 03:00:00+00:00,2,1,fault,spike_impossible,barometer,spike_impossible=pressure_trend_hpa,june
v2_003869,INUQAT8,2025-10-09 10:00:00+00:00,2025-10-09 10:00:00+00:00,1,0,benign,,,,pre_april
v2_003870,INUQAT8,2025-10-09 11:00:00+00:00,2025-10-12 08:00:00+00:00,70,1,fault,stuck_flatline,anemometer,stuck_flatline=windspeed_avg_kmh,pre_april
v2_003871,INUQAT8,2025-10-18 23:00:00+00:00,2025-10-21 22:00:00+00:00,72,1,fault,stuck_flatline,anemometer,stuck_flatline=windspeed_avg_kmh,pre_april
v2_003872,INUQAT8,2025-10-20 04:00:00+00:00,2025-10-20 05:00:00+00:00,2,1,fault,stuck_flatline,anemometer,stuck_flatline=windspeed_avg_kmh,pre_april
v2_003873,INUQAT8,2025-10-22 23:00:00+00:00,2025-10-25 11:00:00+00:00,61,1,fault,stuck_flatline,anemometer,stuck_flatline=windspeed_avg_kmh,pre_april
v2_003874,INUQAT8,2025-10-25 14:00:00+00:00,2025-10-25 15:00:00+00:00,2,1,fault,statistical_anomaly,thermo_hygrometer,statistical_anomaly=temp_low_c,pre_april
v2_003875,INUQAT8,2025-10-26 13:00:00+00:00,2025-10-26 14:00:00+00:00,2,1,fault,statistical_anomaly,thermo_hygrometer,statistical_anomaly=temp_avg_c+temp_high_c+temp_low_c,pre_april
v2_003876,INUQAT8,2025-10-26 16:00:00+00:00,2025-10-26 16:00:00+00:00,1,1,fault,statistical_anomaly,thermo_hygrometer,statistical_anomaly=temp_high_c+temp_low_c,pre_april
v2_003877,INUQAT8,2025-11-17 13:00:00+00:00,2025-11-17 16:00:00+00:00,4,0,benign,,,,pre_april
v2_003878,INUQAT8,2025-11-18 14:00:00+00:00,2025-11-18 15:00:00+00:00,2,0,benign,,,,pre_april
v2_003879,INUQAT8,2025-11-24 05:00:00+00:00,2025-11-24 07:00:00+00:00,3,0,benign,,,,pre_april
v2_003880,INUQAT8,2025-11-25 13:00:00+00:00,2025-11-25 18:00:00+00:00,6,0,benign,,,,pre_april
v2_003881,INUQAT8,2025-11-30 06:00:00+00:00,2025-11-30 07:00:00+00:00,2,0,benign,,,,pre_april
v2_003882,INUQAT8,2025-12-03 08:00:00+00:00,2025-12-03 08:00:00+00:00,1,0,benign,,,,pre_april
v2_003883,INUQAT8,2025-12-03 18:00:00+00:00,2025-12-03 18:00:00+00:00,1,0,benign,,,,pre_april
v2_003884,INUQAT8,2025-12-05 14:00:00+00:00,2025-12-05 14:00:00+00:00,1,0,benign,,,,pre_april
v2_003885,INUQAT8,2025-12-08 10:00:00+00:00,2025-12-08 10:00:00+00:00,1,0,benign,,,,pre_april
v2_003886,INUQAT8,2025-12-09 11:00:00+00:00,2025-12-09 11:00:00+00:00,1,0,benign,,,,pre_april
v2_003887,INUQAT8,2025-12-09 21:00:00+00:00,2025-12-09 21:00:00+00:00,1,0,benign,,,,pre_april
v2_003888,INUQAT8,2025-12-16 03:00:00+00:00,2025-12-16 03:00:00+00:00,1,0,benign,,,,pre_april
v2_003889,INUQAT8,2026-01-07 14:00:00+00:00,2026-01-07 14:00:00+00:00,1,0,benign,,,,pre_april
v2_003890,INUQAT8,2026-01-09 03:00:00+00:00,2026-01-09 07:00:00+00:00,5,0,benign,,,,pre_april
v2_003891,INUQAT8,2026-01-13 05:00:00+00:00,2026-01-13 07:00:00+00:00,3,0,benign,,,,pre_april
v2_003892,INUQAT8,2026-01-24 14:00:00+00:00,2026-01-24 16:00:00+00:00,3,0,benign,,,,pre_april
v2_003893,INUQAT8,2026-01-26 11:00:00+00:00,2026-01-26 14:00:00+00:00,4,1,fault,statistical_anomaly,anemometer,statistical_anomaly=windspeed_avg_kmh,pre_april
v2_003894,INUQAT8,2026-01-31 12:00:00+00:00,2026-01-31 20:00:00+00:00,9,1,fault,statistical_anomaly,anemometer,statistical_anomaly=windgust_high_kmh+windspeed_avg_kmh,pre_april
v2_003895,INUQAT8,2026-02-01 02:00:00+00:00,2026-02-01 02:00:00+00:00,1,0,benign,,,,pre_april
v2_003896,INUQAT8,2026-02-01 09:00:00+00:00,2026-02-01 09:00:00+00:00,1,0,benign,,,,pre_april
v2_003897,INUQAT8,2026-02-01 10:00:00+00:00,2026-02-01 13:00:00+00:00,4,0,benign,,,,pre_april
v2_003898,INUQAT8,2026-02-12 13:00:00+00:00,2026-02-12 13:00:00+00:00,1,0,benign,,,,pre_april
v2_003899,INUQAT8,2026-02-12 15:00:00+00:00,2026-02-12 15:00:00+00:00,1,0,benign,,,,pre_april
v2_003900,INUQAT8,2026-02-14 02:00:00+00:00,2026-02-14 14:00:00+00:00,13,0,benign,,,,pre_april
v2_003901,INUQAT8,2026-02-15 11:00:00+00:00,2026-02-15 14:00:00+00:00,4,0,benign,,,,pre_april
v2_003902,INUQAT8,2026-02-17 13:00:00+00:00,2026-02-17 14:00:00+00:00,2,1,fault,statistical_anomaly,anemometer,statistical_anomaly=windspeed_avg_kmh,pre_april
v2_003903,INUQAT8,2026-03-06 07:00:00+00:00,2026-03-06 07:00:00+00:00,1,0,benign,,,,pre_april
v2_003904,INUQAT8,2026-03-09 15:00:00+00:00,2026-03-09 15:00:00+00:00,1,0,benign,,,,pre_april
v2_003905,INUQAT8,2026-03-10 15:00:00+00:00,2026-03-10 15:00:00+00:00,1,0,benign,,,,pre_april
v2_003906,INUQAT8,2026-03-11 10:00:00+00:00,2026-03-11 10:00:00+00:00,1,0,benign,,,,pre_april
v2_003907,INUQAT8,2026-03-11 13:00:00+00:00,2026-03-11 16:00:00+00:00,4,0,benign,,,,pre_april
v2_003908,INUQAT8,2026-03-11 18:00:00+00:00,2026-03-11 18:00:00+00:00,1,0,benign,,,,pre_april
v2_003909,INUQAT8,2026-03-14 03:00:00+00:00,2026-03-14 03:00:00+00:00,1,0,benign,,,,pre_april
v2_003910,INUQAT8,2026-03-15 23:00:00+00:00,2026-03-15 23:00:00+00:00,1,1,fault,statistical_anomaly,barometer,statistical_anomaly=pressure_trend_hpa,pre_april
v2_003911,INUQAT8,2026-03-16 00:00:00+00:00,2026-03-16 02:00:00+00:00,3,0,benign,,,,pre_april
v2_003912,INUQAT8,2026-03-16 04:00:00+00:00,2026-03-16 22:00:00+00:00,19,0,benign,,,,pre_april
v2_003913,INUQAT8,2026-03-16 17:00:00+00:00,2026-03-16 18:00:00+00:00,2,0,benign,,,,pre_april
v2_003914,INUQAT8,2026-03-16 21:00:00+00:00,2026-03-16 21:00:00+00:00,1,0,benign,,,,pre_april
v2_003915,INUQAT8,2026-03-16 22:00:00+00:00,2026-03-16 22:00:00+00:00,1,0,benign,,,,pre_april
v2_003916,INUQAT8,2026-03-16 23:00:00+00:00,2026-03-17 02:00:00+00:00,4,0,benign,,,,pre_april
v2_003917,INUQAT8,2026-03-17 06:00:00+00:00,2026-03-17 22:00:00+00:00,17,0,benign,,,,pre_april
v2_003918,INUQAT8,2026-04-01 14:00:00+00:00,2026-04-01 14:00:00+00:00,1,0,benign,,,,april_may
v2_003919,INUQAT8,2026-04-01 15:00:00+00:00,2026-04-01 15:00:00+00:00,1,0,benign,,,,april_may
v2_003920,INUQAT8,2026-04-02 10:00:00+00:00,2026-04-02 10:00:00+00:00,1,0,benign,,,,april_may
v2_003921,INUQAT8,2026-04-02 12:00:00+00:00,2026-04-02 12:00:00+00:00,1,0,benign,,,,april_may
v2_003922,INUQAT8,2026-04-02 13:00:00+00:00,2026-04-02 13:00:00+00:00,1,0,benign,,,,april_may
v2_003923,INUQAT8,2026-04-06 14:00:00+00:00,2026-04-06 14:00:00+00:00,1,1,fault,spike_impossible,barometer,spike_impossible=pressure_trend_hpa,april_may
v2_003924,INUQAT8,2026-04-11 10:00:00+00:00,2026-04-11 12:00:00+00:00,3,0,benign,,,,april_may
v2_003925,INUQAT8,2026-04-12 01:00:00+00:00,2026-04-12 09:00:00+00:00,9,1,fault,statistical_anomaly,barometer,statistical_anomaly=pressure_max_hpa,april_may
v2_003926,INUQAT8,2026-04-12 09:00:00+00:00,2026-04-12 09:00:00+00:00,1,0,benign,,,,april_may
v2_003927,INUQAT8,2026-04-12 12:00:00+00:00,2026-04-12 16:00:00+00:00,5,0,benign,,,,april_may
v2_003928,INUQAT8,2026-04-16 10:00:00+00:00,2026-04-16 10:00:00+00:00,1,0,benign,,,,april_may
v2_003929,INUQAT8,2026-04-16 11:00:00+00:00,2026-04-16 11:00:00+00:00,1,1,fault,statistical_anomaly,light_uv,statistical_anomaly=uv_high,april_may
v2_003930,INUQAT8,2026-04-17 10:00:00+00:00,2026-04-17 10:00:00+00:00,1,1,fault,statistical_anomaly,light_uv,statistical_anomaly=uv_high,april_may
v2_003931,INUQAT8,2026-04-24 10:00:00+00:00,2026-04-24 11:00:00+00:00,2,1,fault,statistical_anomaly,light_uv,statistical_anomaly=uv_high,april_may
v2_003932,INUQAT8,2026-04-26 12:00:00+00:00,2026-04-26 12:00:00+00:00,1,0,benign,,,,april_may
v2_003933,INUQAT8,2026-04-30 01:00:00+00:00,2026-04-30 01:00:00+00:00,1,0,benign,,,,april_may
v2_003934,INUQAT8,2026-04-30 03:00:00+00:00,2026-04-30 03:00:00+00:00,1,0,benign,,,,april_may
v2_003935,INUQAT8,2026-04-30 11:00:00+00:00,2026-04-30 11:00:00+00:00,1,1,fault,statistical_anomaly,light_uv,statistical_anomaly=uv_high,april_may
v2_003936,INUQAT8,2026-05-01 10:00:00+00:00,2026-05-01 10:00:00+00:00,1,0,benign,,,,april_may
v2_003937,INUQAT8,2026-05-01 11:00:00+00:00,2026-05-01 11:00:00+00:00,1,0,benign,,,,april_may
v2_003938,INUQAT8,2026-05-01 14:00:00+00:00,2026-05-01 14:00:00+00:00,1,0,benign,,,,april_may
v2_003939,INUQAT8,2026-05-01 17:00:00+00:00,2026-05-01 20:00:00+00:00,4,0,benign,,,,april_may
v2_003940,INUQAT8,2026-05-02 10:00:00+00:00,2026-05-02 11:00:00+00:00,2,0,benign,,,,april_may
v2_003941,INUQAT8,2026-05-03 10:00:00+00:00,2026-05-03 11:00:00+00:00,2,0,benign,,,,april_may
v2_003942,INUQAT8,2026-05-04 10:00:00+00:00,2026-05-04 12:00:00+00:00,3,1,fault,statistical_anomaly,light_uv,statistical_anomaly=uv_high,april_may
v2_003943,INUQAT8,2026-05-05 10:00:00+00:00,2026-05-05 11:00:00+00:00,2,0,benign,,,,april_may
v2_003944,INUQAT8,2026-05-06 09:00:00+00:00,2026-05-06 09:00:00+00:00,1,0,benign,,,,april_may
v2_003945,INUQAT8,2026-05-06 10:00:00+00:00,2026-05-06 15:00:00+00:00,6,1,fault,statistical_anomaly,thermo_hygrometer,statistical_anomaly=temp_high_c+temp_low_c,april_may
v2_003946,INUQAT8,2026-05-09 04:00:00+00:00,2026-05-09 04:00:00+00:00,1,0,benign,,,,april_may
v2_003947,INUQAT8,2026-05-09 10:00:00+00:00,2026-05-09 10:00:00+00:00,1,0,benign,,,,april_may
v2_003948,INUQAT8,2026-05-09 23:00:00+00:00,2026-05-09 23:00:00+00:00,1,1,fault,spike_impossible,barometer,spike_impossible=pressure_trend_hpa,april_may
v2_003949,INUQAT8,2026-05-10 05:00:00+00:00,2026-05-10 05:00:00+00:00,1,0,benign,,,,april_may
v2_003950,INUQAT8,2026-05-10 10:00:00+00:00,2026-05-10 10:00:00+00:00,1,0,benign,,,,april_may
v2_003951,INUQAT8,2026-05-11 10:00:00+00:00,2026-05-11 11:00:00+00:00,2,0,benign,,,,april_may
v2_003952,INUQAT8,2026-05-12 07:00:00+00:00,2026-05-12 07:00:00+00:00,1,1,fault,statistical_anomaly,barometer,statistical_anomaly=pressure_trend_hpa,april_may
v2_003953,INUQAT8,2026-05-14 08:00:00+00:00,2026-05-14 08:00:00+00:00,1,0,benign,,,,april_may
v2_003954,INUQAT8,2026-05-15 01:00:00+00:00,2026-05-15 01:00:00+00:00,1,1,fault,statistical_anomaly,barometer,statistical_anomaly=pressure_trend_hpa,april_may
v2_003955,INUQAT8,2026-05-15 11:00:00+00:00,2026-05-15 13:00:00+00:00,3,1,fault,statistical_anomaly,thermo_hygrometer,statistical_anomaly=temp_high_c+temp_low_c,april_may
v2_003956,INUQAT8,2026-05-17 03:00:00+00:00,2026-05-17 03:00:00+00:00,1,0,benign,,,,april_may
v2_003957,INUQAT8,2026-05-17 05:00:00+00:00,2026-05-17 05:00:00+00:00,1,1,fault,statistical_anomaly,barometer,statistical_anomaly=pressure_trend_hpa,april_may
v2_003958,INUQAT8,2026-05-17 07:00:00+00:00,2026-05-17 07:00:00+00:00,1,0,benign,,,,april_may
v2_003959,INUQAT8,2026-05-17 10:00:00+00:00,2026-05-17 10:00:00+00:00,1,0,borderline_review,,,,april_may
v2_003960,INUQAT8,2026-05-18 11:00:00+00:00,2026-05-18 11:00:00+00:00,1,0,benign,,,,april_may
v2_003961,INUQAT8,2026-05-20 11:00:00+00:00,2026-05-20 11:00:00+00:00,1,0,benign,,,,april_may
v2_003962,INUQAT8,2026-05-21 06:00:00+00:00,2026-05-21 06:00:00+00:00,1,0,benign,,,,april_may
v2_003963,INUQAT8,2026-05-21 11:00:00+00:00,2026-05-21 11:00:00+00:00,1,0,benign,,,,april_may
v2_003964,INUQAT8,2026-05-22 10:00:00+00:00,2026-05-22 11:00:00+00:00,2,0,benign,,,,april_may
v2_003965,INUQAT8,2026-05-23 10:00:00+00:00,2026-05-23 11:00:00+00:00,2,0,benign,,,,april_may
v2_003966,INUQAT8,2026-05-24 10:00:00+00:00,2026-05-24 11:00:00+00:00,2,0,benign,,,,april_may
v2_003967,INUQAT8,2026-05-26 11:00:00+00:00,2026-05-26 11:00:00+00:00,1,0,benign,,,,april_may
v2_003968,INUQAT8,2026-05-27 10:00:00+00:00,2026-05-27 11:00:00+00:00,2,0,benign,,,,april_may
v2_003969,INUQAT8,2026-05-28 11:00:00+00:00,2026-05-28 11:00:00+00:00,1,0,benign,,,,april_may
v2_003970,INUQAT8,2026-05-30 10:00:00+00:00,2026-05-30 11:00:00+00:00,2,0,benign,,,,april_may
v2_003971,INUQAT8,2026-05-31 11:00:00+00:00,2026-05-31 11:00:00+00:00,1,0,benign,,,,april_may
v2_003972,INUQAT8,2026-06-01 10:00:00+00:00,2026-06-01 11:00:00+00:00,2,1,fault,statistical_anomaly,light_uv,statistical_anomaly=uv_high,june
v2_003973,INUQAT8,2026-06-03 08:00:00+00:00,2026-06-03 12:00:00+00:00,5,1,fault,statistical_anomaly,light_uv|thermo_hygrometer,statistical_anomaly=temp_avg_c+temp_high_c+temp_low_c+uv_high,june
v2_003974,INUQAT8,2026-06-03 15:00:00+00:00,2026-06-03 16:00:00+00:00,2,1,fault,statistical_anomaly,thermo_hygrometer,statistical_anomaly=temp_avg_c+temp_high_c+temp_low_c,june
v2_003975,INUQAT8,2026-06-04 08:00:00+00:00,2026-06-04 08:00:00+00:00,1,0,benign,,,,june
v2_003976,INUQAT8,2026-06-04 19:00:00+00:00,2026-06-04 19:00:00+00:00,1,0,benign,,,,june
v2_003977,INUQAT8,2026-06-05 11:00:00+00:00,2026-06-05 11:00:00+00:00,1,1,fault,statistical_anomaly,light_uv,statistical_anomaly=uv_high,june
v2_003978,INUQAT8,2026-06-06 14:00:00+00:00,2026-06-06 14:00:00+00:00,1,0,benign,,,,june
v2_003979,INUQAT8,2026-06-11 08:00:00+00:00,2026-06-11 08:00:00+00:00,1,0,benign,,,,june
v2_003980,INUQAT8,2026-06-13 10:00:00+00:00,2026-06-13 11:00:00+00:00,2,1,fault,statistical_anomaly,light_uv,statistical_anomaly=uv_high,june
v2_003981,INUQAT8,2026-06-14 11:00:00+00:00,2026-06-14 11:00:00+00:00,1,1,fault,statistical_anomaly,light_uv,statistical_anomaly=uv_high,june
v2_003982,INUQAT8,2026-06-15 10:00:00+00:00,2026-06-15 12:00:00+00:00,3,1,fault,statistical_anomaly,light_uv|thermo_hygrometer,statistical_anomaly=temp_high_c+uv_high,june
v2_003983,INUQAT8,2026-06-16 11:00:00+00:00,2026-06-16 11:00:00+00:00,1,1,fault,statistical_anomaly,light_uv,statistical_anomaly=uv_high,june
v2_003984,INUQAT8,2026-06-17 11:00:00+00:00,2026-06-17 11:00:00+00:00,1,1,fault,spike_impossible,barometer,spike_impossible=pressure_trend_hpa,june
v2_003985,INUQAT8,2026-06-18 08:00:00+00:00,2026-06-18 08:00:00+00:00,1,0,benign,,,,june
v2_003986,INUQAT8,2026-06-18 16:00:00+00:00,2026-06-18 16:00:00+00:00,1,1,fault,statistical_anomaly,barometer,statistical_anomaly=pressure_trend_hpa,june
v2_003987,INUQAT8,2026-06-19 08:00:00+00:00,2026-06-19 08:00:00+00:00,1,0,benign,,,,june
v2_003988,INUQAT8,2026-06-19 10:00:00+00:00,2026-06-19 11:00:00+00:00,2,1,fault,statistical_anomaly,light_uv,statistical_anomaly=uv_high,june
v2_003989,INUQAT8,2026-06-19 15:00:00+00:00,2026-06-19 15:00:00+00:00,1,0,benign,,,,june
v2_003990,INUQAT8,2026-06-22 11:00:00+00:00,2026-06-22 11:00:00+00:00,1,1,fault,statistical_anomaly,light_uv,statistical_anomaly=uv_high,june
v2_003991,INUQAT8,2026-06-22 12:00:00+00:00,2026-06-22 12:00:00+00:00,1,0,benign,,,,june
v2_003992,INUQAT8,2026-06-23 08:00:00+00:00,2026-06-23 08:00:00+00:00,1,0,benign,,,,june
v2_003993,INUQAT8,2026-06-23 11:00:00+00:00,2026-06-23 11:00:00+00:00,1,1,fault,statistical_anomaly,light_uv,statistical_anomaly=uv_high,june
v2_003994,INUQAT8,2026-06-23 12:00:00+00:00,2026-06-23 12:00:00+00:00,1,0,benign,,,,june
v2_003995,INUQAT8,2026-06-23 21:00:00+00:00,2026-06-23 21:00:00+00:00,1,0,benign,,,,june
v2_003996,INUQAT8,2026-06-24 08:00:00+00:00,2026-06-24 08:00:00+00:00,1,0,benign,,,,june
v2_003997,INUQAT8,2026-06-24 09:00:00+00:00,2026-06-24 10:00:00+00:00,2,1,fault,statistical_anomaly,thermo_hygrometer,statistical_anomaly=temp_high_c,june
v2_003998,INUQAT8,2026-06-25 09:00:00+00:00,2026-06-25 09:00:00+00:00,1,1,fault,spike_impossible,barometer,spike_impossible=pressure_trend_hpa,june
v2_003999,INUQAT8,2026-06-26 10:00:00+00:00,2026-06-26 10:00:00+00:00,1,1,fault,spike_impossible,barometer,spike_impossible=pressure_trend_hpa,june
v2_004000,INUQAT8,2026-06-27 10:00:00+00:00,2026-06-27 10:00:00+00:00,1,1,fault,spike_impossible,barometer,spike_impossible=pressure_trend_hpa,june
v2_004001,INUQAT8,2026-06-30 11:00:00+00:00,2026-06-30 11:00:00+00:00,1,1,fault,spike_impossible,barometer,spike_impossible=pressure_trend_hpa,june
v2_004002,INUQAT9,2025-10-18 23:00:00+00:00,2025-10-20 18:00:00+00:00,44,1,fault,stuck_flatline,anemometer,stuck_flatline=windspeed_avg_kmh,pre_april
v2_004003,INUQAT9,2025-10-19 14:00:00+00:00,2025-10-19 22:00:00+00:00,9,1,fault,stuck_flatline,anemometer,stuck_flatline=windspeed_avg_kmh,pre_april
v2_004004,INUQAT9,2025-10-20 03:00:00+00:00,2025-10-20 04:00:00+00:00,2,1,fault,stuck_flatline,anemometer,stuck_flatline=windspeed_avg_kmh,pre_april
v2_004005,INUQAT9,2025-10-25 15:00:00+00:00,2025-10-25 15:00:00+00:00,1,0,benign,,,,pre_april
v2_004006,INUQAT9,2025-10-26 12:00:00+00:00,2025-10-26 16:00:00+00:00,5,0,benign,,,,pre_april
v2_004007,INUQAT9,2025-10-27 06:00:00+00:00,2025-10-27 06:00:00+00:00,1,0,benign,,,,pre_april
v2_004008,INUQAT9,2025-10-30 20:00:00+00:00,2025-10-30 20:00:00+00:00,1,1,fault,spike_impossible,barometer,spike_impossible=pressure_trend_hpa,pre_april
v2_004009,INUQAT9,2025-11-17 15:00:00+00:00,2025-11-17 15:00:00+00:00,1,0,benign,,,,pre_april
v2_004010,INUQAT9,2025-11-18 15:00:00+00:00,2025-11-18 15:00:00+00:00,1,0,benign,,,,pre_april
v2_004011,INUQAT9,2025-11-18 16:00:00+00:00,2025-11-18 16:00:00+00:00,1,0,benign,,,,pre_april
v2_004012,INUQAT9,2025-11-24 05:00:00+00:00,2025-11-24 05:00:00+00:00,1,0,borderline_review,,,,pre_april
v2_004013,INUQAT9,2025-11-30 05:00:00+00:00,2025-11-30 07:00:00+00:00,3,0,borderline_review,,,,pre_april
v2_004014,INUQAT9,2025-12-01 01:00:00+00:00,2025-12-01 07:00:00+00:00,7,0,borderline_review,,,,pre_april
v2_004015,INUQAT9,2025-12-03 09:00:00+00:00,2025-12-03 22:00:00+00:00,14,0,benign,,,,pre_april
v2_004016,INUQAT9,2025-12-07 23:00:00+00:00,2025-12-09 13:00:00+00:00,39,1,fault,stuck_flatline,anemometer,stuck_flatline=windspeed_avg_kmh,pre_april
v2_004017,INUQAT9,2025-12-09 16:00:00+00:00,2025-12-10 19:00:00+00:00,28,1,fault,stuck_flatline,anemometer,stuck_flatline=windspeed_avg_kmh,pre_april
v2_004018,INUQAT9,2025-12-10 21:00:00+00:00,2025-12-12 12:00:00+00:00,40,1,fault,stuck_flatline,anemometer,stuck_flatline=windspeed_avg_kmh,pre_april
v2_004019,INUQAT9,2025-12-16 11:00:00+00:00,2025-12-18 09:00:00+00:00,47,1,fault,stuck_flatline,anemometer,stuck_flatline=windspeed_avg_kmh,pre_april
v2_004020,INUQAT9,2025-12-22 22:00:00+00:00,2025-12-22 22:00:00+00:00,1,0,benign,,,,pre_april
v2_004021,INUQAT9,2025-12-29 06:00:00+00:00,2025-12-29 07:00:00+00:00,2,0,benign,,,,pre_april
v2_004022,INUQAT9,2026-01-10 17:00:00+00:00,2026-01-12 21:00:00+00:00,53,1,fault,stuck_flatline,anemometer,stuck_flatline=windspeed_avg_kmh,pre_april
v2_004023,INUQAT9,2026-01-17 11:00:00+00:00,2026-01-18 11:00:00+00:00,25,1,fault,stuck_flatline,anemometer,stuck_flatline=windspeed_avg_kmh,pre_april
v2_004024,INUQAT9,2026-01-20 01:00:00+00:00,2026-01-20 05:00:00+00:00,5,1,fault,statistical_anomaly,anemometer,statistical_anomaly=windgust_high_kmh+windspeed_high_kmh,pre_april
v2_004025,INUQAT9,2026-01-24 14:00:00+00:00,2026-01-24 16:00:00+00:00,3,0,benign,,,,pre_april
v2_004026,INUQAT9,2026-02-14 02:00:00+00:00,2026-02-14 15:00:00+00:00,14,0,benign,,,,pre_april
v2_004027,INUQAT9,2026-02-22 17:00:00+00:00,2026-02-24 07:00:00+00:00,39,1,fault,stuck_flatline,anemometer,stuck_flatline=windspeed_avg_kmh,pre_april
v2_004028,INUQAT9,2026-03-16 17:00:00+00:00,2026-03-16 22:00:00+00:00,6,0,benign,,,,pre_april
v2_004029,INUQAT9,2026-03-16 23:00:00+00:00,2026-03-17 01:00:00+00:00,3,0,benign,,,,pre_april
v2_004030,INUQAT9,2026-03-17 04:00:00+00:00,2026-03-17 22:00:00+00:00,19,0,benign,,,,pre_april
v2_004031,INUQAT9,2026-03-18 11:00:00+00:00,2026-03-18 12:00:00+00:00,2,0,benign,,,,pre_april
v2_004032,INUQAT9,2026-03-19 12:00:00+00:00,2026-03-19 12:00:00+00:00,1,0,benign,,,,pre_april
v2_004033,INUQAT9,2026-03-23 10:00:00+00:00,2026-03-23 10:00:00+00:00,1,0,benign,,,,pre_april
v2_004034,INUQAT9,2026-03-25 11:00:00+00:00,2026-03-25 11:00:00+00:00,1,0,benign,,,,pre_april
v2_004035,INUQAT9,2026-03-28 10:00:00+00:00,2026-03-28 12:00:00+00:00,3,0,benign,,,,pre_april
v2_004036,INUQAT9,2026-03-29 10:00:00+00:00,2026-03-29 12:00:00+00:00,3,0,benign,,,,pre_april
v2_004037,INUQAT9,2026-03-30 11:00:00+00:00,2026-03-30 12:00:00+00:00,2,0,benign,,,,pre_april
v2_004038,INUQAT9,2026-03-31 10:00:00+00:00,2026-03-31 12:00:00+00:00,3,0,benign,,,,pre_april
v2_004039,INUQAT9,2026-04-01 09:00:00+00:00,2026-04-01 11:00:00+00:00,3,0,benign,,,,april_may
v2_004040,INUQAT9,2026-04-02 05:00:00+00:00,2026-04-02 05:00:00+00:00,1,0,benign,,,,april_may
v2_004041,INUQAT9,2026-04-02 09:00:00+00:00,2026-04-02 09:00:00+00:00,1,0,benign,,,,april_may
v2_004042,INUQAT9,2026-04-02 10:00:00+00:00,2026-04-02 10:00:00+00:00,1,0,benign,,,,april_may
v2_004043,INUQAT9,2026-04-02 12:00:00+00:00,2026-04-02 12:00:00+00:00,1,0,benign,,,,april_may
v2_004044,INUQAT9,2026-04-03 09:00:00+00:00,2026-04-03 11:00:00+00:00,3,0,benign,,,,april_may
v2_004045,INUQAT9,2026-04-04 02:00:00+00:00,2026-04-04 02:00:00+00:00,1,1,fault,statistical_anomaly,barometer,statistical_anomaly=pressure_trend_hpa,april_may
v2_004046,INUQAT9,2026-04-04 06:00:00+00:00,2026-04-04 06:00:00+00:00,1,1,fault,spike_impossible,barometer,spike_impossible=pressure_trend_hpa,april_may
v2_004047,INUQAT9,2026-04-05 09:00:00+00:00,2026-04-05 11:00:00+00:00,3,0,benign,,,,april_may
v2_004048,INUQAT9,2026-04-07 10:00:00+00:00,2026-04-07 10:00:00+00:00,1,0,benign,,,,april_may
v2_004049,INUQAT9,2026-04-07 14:00:00+00:00,2026-04-07 14:00:00+00:00,1,1,fault,statistical_anomaly,barometer,statistical_anomaly=pressure_trend_hpa,april_may
v2_004050,INUQAT9,2026-04-08 10:00:00+00:00,2026-04-08 10:00:00+00:00,1,0,benign,,,,april_may
v2_004051,INUQAT9,2026-04-09 05:00:00+00:00,2026-04-09 05:00:00+00:00,1,1,fault,statistical_anomaly,anemometer,statistical_anomaly=windgust_high_kmh,april_may
v2_004052,INUQAT9,2026-04-09 10:00:00+00:00,2026-04-09 10:00:00+00:00,1,0,benign,,,,april_may
v2_004053,INUQAT9,2026-04-11 10:00:00+00:00,2026-04-11 12:00:00+00:00,3,0,benign,,,,april_may
v2_004054,INUQAT9,2026-04-12 07:00:00+00:00,2026-04-12 08:00:00+00:00,2,1,fault,statistical_anomaly,barometer,statistical_anomaly=pressure_trend_hpa,april_may
v2_004055,INUQAT9,2026-04-12 13:00:00+00:00,2026-04-12 17:00:00+00:00,5,0,benign,,,,april_may
v2_004056,INUQAT9,2026-04-14 17:00:00+00:00,2026-04-14 17:00:00+00:00,1,0,benign,,,,april_may
v2_004057,INUQAT9,2026-04-18 16:00:00+00:00,2026-04-18 16:00:00+00:00,1,1,fault,statistical_anomaly,barometer,statistical_anomaly=pressure_trend_hpa,april_may
v2_004058,INUQAT9,2026-04-21 10:00:00+00:00,2026-04-21 10:00:00+00:00,1,0,benign,,,,april_may
v2_004059,INUQAT9,2026-04-22 10:00:00+00:00,2026-04-22 10:00:00+00:00,1,0,benign,,,,april_may
v2_004060,INUQAT9,2026-04-23 10:00:00+00:00,2026-04-23 10:00:00+00:00,1,0,benign,,,,april_may
v2_004061,INUQAT9,2026-04-23 11:00:00+00:00,2026-04-23 11:00:00+00:00,1,1,fault,statistical_anomaly,barometer,statistical_anomaly=pressure_trend_hpa,april_may
v2_004062,INUQAT9,2026-04-25 22:00:00+00:00,2026-04-25 22:00:00+00:00,1,1,fault,statistical_anomaly,barometer,statistical_anomaly=pressure_trend_hpa,april_may
v2_004063,INUQAT9,2026-05-01 23:00:00+00:00,2026-05-02 05:00:00+00:00,7,0,benign,,,,april_may
v2_004064,INUQAT9,2026-05-02 09:00:00+00:00,2026-05-02 09:00:00+00:00,1,1,fault,statistical_anomaly,barometer,statistical_anomaly=pressure_trend_hpa,april_may
v2_004065,INUQAT9,2026-05-02 11:00:00+00:00,2026-05-02 11:00:00+00:00,1,0,benign,,,,april_may
v2_004066,INUQAT9,2026-05-02 21:00:00+00:00,2026-05-02 21:00:00+00:00,1,1,fault,statistical_anomaly,barometer,statistical_anomaly=pressure_trend_hpa,april_may
v2_004067,INUQAT9,2026-05-03 10:00:00+00:00,2026-05-03 11:00:00+00:00,2,0,benign,,,,april_may
v2_004068,INUQAT9,2026-05-04 10:00:00+00:00,2026-05-04 11:00:00+00:00,2,0,benign,,,,april_may
v2_004069,INUQAT9,2026-05-05 10:00:00+00:00,2026-05-05 11:00:00+00:00,2,0,benign,,,,april_may
v2_004070,INUQAT9,2026-05-06 10:00:00+00:00,2026-05-06 17:00:00+00:00,8,1,fault,statistical_anomaly,barometer|thermo_hygrometer,statistical_anomaly=pressure_trend_hpa+temp_high_c+temp_low_c,april_may
v2_004071,INUQAT9,2026-05-06 19:00:00+00:00,2026-05-06 19:00:00+00:00,1,0,benign,,,,april_may
v2_004072,INUQAT9,2026-05-08 08:00:00+00:00,2026-05-08 11:00:00+00:00,4,1,fault,statistical_anomaly,thermo_hygrometer,statistical_anomaly=temp_avg_c+temp_high_c+temp_low_c,april_may
v2_004073,INUQAT9,2026-05-09 04:00:00+00:00,2026-05-09 04:00:00+00:00,1,0,benign,,,,april_may
v2_004074,INUQAT9,2026-05-10 00:00:00+00:00,2026-05-10 00:00:00+00:00,1,1,fault,statistical_anomaly,barometer,statistical_anomaly=pressure_trend_hpa,april_may
v2_004075,INUQAT9,2026-05-11 10:00:00+00:00,2026-05-11 11:00:00+00:00,2,0,benign,,,,april_may
v2_004076,INUQAT9,2026-05-12 03:00:00+00:00,2026-05-12 03:00:00+00:00,1,1,fault,statistical_anomaly,barometer,statistical_anomaly=pressure_trend_hpa,april_may
v2_004077,INUQAT9,2026-05-12 08:00:00+00:00,2026-05-12 08:00:00+00:00,1,1,fault,statistical_anomaly,thermo_hygrometer,statistical_anomaly=temp_high_c,april_may
v2_004078,INUQAT9,2026-05-15 07:00:00+00:00,2026-05-15 07:00:00+00:00,1,0,benign,,,,april_may
v2_004079,INUQAT9,2026-05-15 11:00:00+00:00,2026-05-15 14:00:00+00:00,4,1,fault,statistical_anomaly,thermo_hygrometer,statistical_anomaly=temp_avg_c+temp_high_c+temp_low_c,april_may
v2_004080,INUQAT9,2026-05-15 21:00:00+00:00,2026-05-15 21:00:00+00:00,1,1,fault,statistical_anomaly,barometer,statistical_anomaly=pressure_trend_hpa,april_may
v2_004081,INUQAT9,2026-05-16 11:00:00+00:00,2026-05-16 11:00:00+00:00,1,1,fault,statistical_anomaly,barometer,statistical_anomaly=pressure_trend_hpa,april_may
v2_004082,INUQAT9,2026-05-16 23:00:00+00:00,2026-05-17 00:00:00+00:00,2,1,fault,statistical_anomaly,barometer,statistical_anomaly=pressure_trend_hpa,april_may
v2_004083,INUQAT9,2026-05-17 03:00:00+00:00,2026-05-17 05:00:00+00:00,3,1,fault,statistical_anomaly,barometer,statistical_anomaly=pressure_trend_hpa,april_may
v2_004084,INUQAT9,2026-05-17 09:00:00+00:00,2026-05-17 09:00:00+00:00,1,1,fault,spike_impossible,barometer,spike_impossible=pressure_trend_hpa,april_may
v2_004085,INUQAT9,2026-05-17 23:00:00+00:00,2026-05-17 23:00:00+00:00,1,1,fault,statistical_anomaly,barometer,statistical_anomaly=pressure_trend_hpa,april_may
v2_004086,INUQAT9,2026-05-19 09:00:00+00:00,2026-05-19 11:00:00+00:00,3,0,benign,,,,april_may
v2_004087,INUQAT9,2026-05-19 17:00:00+00:00,2026-05-19 17:00:00+00:00,1,1,fault,statistical_anomaly,barometer,statistical_anomaly=pressure_trend_hpa,april_may
v2_004088,INUQAT9,2026-05-20 09:00:00+00:00,2026-05-20 11:00:00+00:00,3,0,benign,,,,april_may
v2_004089,INUQAT9,2026-05-21 09:00:00+00:00,2026-05-21 11:00:00+00:00,3,0,benign,,,,april_may
v2_004090,INUQAT9,2026-05-22 09:00:00+00:00,2026-05-22 11:00:00+00:00,3,0,benign,,,,april_may
v2_004091,INUQAT9,2026-05-23 09:00:00+00:00,2026-05-23 11:00:00+00:00,3,0,benign,,,,april_may
v2_004092,INUQAT9,2026-05-24 09:00:00+00:00,2026-05-24 11:00:00+00:00,3,0,benign,,,,april_may
v2_004093,INUQAT9,2026-05-25 10:00:00+00:00,2026-05-25 11:00:00+00:00,2,0,benign,,,,april_may
v2_004094,INUQAT9,2026-05-26 03:00:00+00:00,2026-05-26 03:00:00+00:00,1,1,fault,statistical_anomaly,barometer,statistical_anomaly=pressure_trend_hpa,april_may
v2_004095,INUQAT9,2026-05-26 10:00:00+00:00,2026-05-26 11:00:00+00:00,2,0,benign,,,,april_may
v2_004096,INUQAT9,2026-05-27 11:00:00+00:00,2026-05-27 11:00:00+00:00,1,0,benign,,,,april_may
v2_004097,INUQAT9,2026-05-27 14:00:00+00:00,2026-05-27 14:00:00+00:00,1,1,fault,spike_impossible,barometer,spike_impossible=pressure_trend_hpa,april_may
v2_004098,INUQAT9,2026-05-28 10:00:00+00:00,2026-05-28 11:00:00+00:00,2,0,benign,,,,april_may
v2_004099,INUQAT9,2026-05-30 10:00:00+00:00,2026-05-30 10:00:00+00:00,1,0,benign,,,,april_may
v2_004100,INUQAT9,2026-05-31 07:00:00+00:00,2026-05-31 07:00:00+00:00,1,1,fault,statistical_anomaly,barometer,statistical_anomaly=pressure_trend_hpa,april_may
v2_004101,INUQAT9,2026-05-31 10:00:00+00:00,2026-05-31 10:00:00+00:00,1,0,benign,,,,april_may
v2_004102,INUQAT9,2026-06-01 10:00:00+00:00,2026-06-01 10:00:00+00:00,1,0,benign,,,,june
v2_004103,INUQAT9,2026-06-02 03:00:00+00:00,2026-06-02 03:00:00+00:00,1,1,fault,statistical_anomaly,barometer,statistical_anomaly=pressure_trend_hpa,june
v2_004104,INUQAT9,2026-06-02 10:00:00+00:00,2026-06-02 10:00:00+00:00,1,0,benign,,,,june
v2_004105,INUQAT9,2026-06-03 08:00:00+00:00,2026-06-03 12:00:00+00:00,5,1,fault,statistical_anomaly,thermo_hygrometer,statistical_anomaly=temp_avg_c+temp_high_c+temp_low_c,june
v2_004106,INUQAT9,2026-06-04 10:00:00+00:00,2026-06-04 10:00:00+00:00,1,0,benign,,,,june
v2_004107,INUQAT9,2026-06-06 10:00:00+00:00,2026-06-06 10:00:00+00:00,1,0,benign,,,,june
v2_004108,INUQAT9,2026-06-07 04:00:00+00:00,2026-06-07 10:00:00+00:00,7,0,benign,,,,june
v2_004109,INUQAT9,2026-06-07 13:00:00+00:00,2026-06-07 20:00:00+00:00,8,0,benign,,,,june
v2_004110,INUQAT9,2026-06-07 22:00:00+00:00,2026-06-07 23:00:00+00:00,2,0,benign,,,,june
v2_004111,INUQAT9,2026-06-08 07:00:00+00:00,2026-06-08 08:00:00+00:00,2,0,benign,,,,june
v2_004112,INUQAT9,2026-06-08 10:00:00+00:00,2026-06-08 14:00:00+00:00,5,0,borderline_review,,,,june
v2_004113,INUQAT9,2026-06-08 17:00:00+00:00,2026-06-08 19:00:00+00:00,3,0,benign,,,,june
v2_004114,INUQAT9,2026-06-08 22:00:00+00:00,2026-06-09 00:00:00+00:00,3,0,benign,,,,june
v2_004115,INUQAT9,2026-06-09 04:00:00+00:00,2026-06-09 04:00:00+00:00,1,0,benign,,,,june
v2_004116,INUQAT9,2026-06-09 09:00:00+00:00,2026-06-09 10:00:00+00:00,2,1,fault,statistical_anomaly,barometer,statistical_anomaly=pressure_trend_hpa,june
v2_004117,INUQAT9,2026-06-09 12:00:00+00:00,2026-06-09 18:00:00+00:00,7,1,fault,statistical_anomaly,anemometer,statistical_anomaly=windgust_high_kmh+windspeed_high_kmh,june
v2_004118,INUQAT9,2026-06-09 20:00:00+00:00,2026-06-09 21:00:00+00:00,2,0,benign,,,,june
v2_004119,INUQAT9,2026-06-10 06:00:00+00:00,2026-06-10 06:00:00+00:00,1,1,fault,spike_impossible,barometer,spike_impossible=pressure_trend_hpa,june
v2_004120,INUQAT9,2026-06-10 13:00:00+00:00,2026-06-10 18:00:00+00:00,6,0,benign,,,,june
v2_004121,INUQAT9,2026-06-12 09:00:00+00:00,2026-06-12 19:00:00+00:00,11,0,benign,,,,june
v2_004122,INUQAT9,2026-06-13 07:00:00+00:00,2026-06-13 19:00:00+00:00,13,0,benign,,,,june
v2_004123,INUQAT9,2026-06-14 06:00:00+00:00,2026-06-14 18:00:00+00:00,13,0,borderline_review,,,,june
v2_004124,INUQAT9,2026-06-14 21:00:00+00:00,2026-06-14 21:00:00+00:00,1,0,benign,,,,june
v2_004125,INUQAT9,2026-06-15 05:00:00+00:00,2026-06-15 09:00:00+00:00,5,0,benign,,,,june
v2_004126,INUQAT9,2026-06-15 11:00:00+00:00,2026-06-15 19:00:00+00:00,9,0,borderline_review,,,,june
v2_004127,INUQAT9,2026-06-16 02:00:00+00:00,2026-06-17 03:00:00+00:00,26,1,fault,statistical_anomaly,anemometer,statistical_anomaly=windgust_high_kmh+windspeed_avg_kmh+windspeed_high_kmh,june
v2_004128,INUQAT9,2026-06-16 09:00:00+00:00,2026-06-17 00:00:00+00:00,16,0,borderline_review,,,,june
v2_004129,INUQAT9,2026-06-17 03:00:00+00:00,2026-06-17 03:00:00+00:00,1,0,benign,,,,june
v2_004130,INUQAT9,2026-06-17 05:00:00+00:00,2026-06-17 23:00:00+00:00,19,0,benign,,,,june
v2_004131,INUQAT9,2026-06-17 12:00:00+00:00,2026-06-17 16:00:00+00:00,5,0,benign,,,,june
v2_004132,INUQAT9,2026-06-18 06:00:00+00:00,2026-06-18 21:00:00+00:00,16,0,benign,,,,june
v2_004133,INUQAT9,2026-06-18 15:00:00+00:00,2026-06-18 15:00:00+00:00,1,0,benign,,,,june
v2_004134,INUQAT9,2026-06-18 17:00:00+00:00,2026-06-18 17:00:00+00:00,1,0,benign,,,,june
v2_004135,INUQAT9,2026-06-19 05:00:00+00:00,2026-06-19 20:00:00+00:00,16,1,fault,statistical_anomaly,anemometer,statistical_anomaly=windgust_avg_kmh+windgust_high_kmh+windspeed_high_kmh,june
v2_004136,INUQAT9,2026-06-19 12:00:00+00:00,2026-06-19 12:00:00+00:00,1,0,benign,,,,june
v2_004137,INUQAT9,2026-06-19 14:00:00+00:00,2026-06-19 15:00:00+00:00,2,1,fault,statistical_anomaly,anemometer,statistical_anomaly=windgust_high_kmh+windspeed_high_kmh,june
v2_004138,INUQAT9,2026-06-19 17:00:00+00:00,2026-06-19 17:00:00+00:00,1,0,benign,,,,june
v2_004139,INUQAT9,2026-06-20 07:00:00+00:00,2026-06-20 22:00:00+00:00,16,0,benign,,,,june
v2_004140,INUQAT9,2026-06-20 14:00:00+00:00,2026-06-20 14:00:00+00:00,1,0,benign,,,,june
v2_004141,INUQAT9,2026-06-20 17:00:00+00:00,2026-06-20 17:00:00+00:00,1,0,benign,,,,june
v2_004142,INUQAT9,2026-06-21 07:00:00+00:00,2026-06-21 20:00:00+00:00,14,0,benign,,,,june
v2_004143,INUQAT9,2026-06-21 15:00:00+00:00,2026-06-21 15:00:00+00:00,1,0,benign,,,,june
v2_004144,INUQAT9,2026-06-22 06:00:00+00:00,2026-06-22 19:00:00+00:00,14,0,benign,,,,june
v2_004145,INUQAT9,2026-06-22 14:00:00+00:00,2026-06-22 15:00:00+00:00,2,0,benign,,,,june
v2_004146,INUQAT9,2026-06-22 19:00:00+00:00,2026-06-22 19:00:00+00:00,1,0,benign,,,,june
v2_004147,INUQAT9,2026-06-22 21:00:00+00:00,2026-06-22 21:00:00+00:00,1,0,benign,,,,june
v2_004148,INUQAT9,2026-06-23 08:00:00+00:00,2026-06-23 20:00:00+00:00,13,0,benign,,,,june
v2_004149,INUQAT9,2026-06-24 07:00:00+00:00,2026-06-24 07:00:00+00:00,1,1,fault,statistical_anomaly,barometer,statistical_anomaly=pressure_trend_hpa,june
v2_004150,INUQAT9,2026-06-24 08:00:00+00:00,2026-06-24 08:00:00+00:00,1,0,benign,,,,june
v2_004151,INUQAT9,2026-06-24 09:00:00+00:00,2026-06-24 12:00:00+00:00,4,0,borderline_review,,,,june
v2_004152,INUQAT9,2026-06-24 15:00:00+00:00,2026-06-24 19:00:00+00:00,5,0,benign,,,,june
v2_004153,INUQAT9,2026-06-24 22:00:00+00:00,2026-06-24 23:00:00+00:00,2,0,benign,,,,june
v2_004154,INUQAT9,2026-06-25 07:00:00+00:00,2026-06-25 14:00:00+00:00,8,0,benign,,,,june
v2_004155,INUQAT9,2026-06-25 21:00:00+00:00,2026-06-26 00:00:00+00:00,4,0,benign,,,,june
v2_004156,INUQAT9,2026-06-26 06:00:00+00:00,2026-06-26 07:00:00+00:00,2,0,benign,,,,june
v2_004157,INUQAT9,2026-06-26 09:00:00+00:00,2026-06-26 19:00:00+00:00,11,0,benign,,,,june
v2_004158,INUQAT9,2026-06-27 06:00:00+00:00,2026-06-27 17:00:00+00:00,12,1,fault,statistical_anomaly,barometer,statistical_anomaly=pressure_trend_hpa,june
v2_004159,INUQAT9,2026-06-27 17:00:00+00:00,2026-06-27 17:00:00+00:00,1,1,fault,statistical_anomaly,barometer,statistical_anomaly=pressure_trend_hpa,june
v2_004160,INUQAT9,2026-06-28 04:00:00+00:00,2026-06-28 04:00:00+00:00,1,0,benign,,,,june
v2_004161,INUQAT9,2026-06-28 07:00:00+00:00,2026-06-28 19:00:00+00:00,13,0,benign,,,,june
v2_004162,INUQAT9,2026-06-28 15:00:00+00:00,2026-06-28 15:00:00+00:00,1,0,benign,,,,june
v2_004163,INUQAT9,2026-06-28 20:00:00+00:00,2026-06-28 20:00:00+00:00,1,0,benign,,,,june
v2_004164,INUQAT9,2026-06-29 07:00:00+00:00,2026-06-29 10:00:00+00:00,4,0,benign,,,,june
v2_004165,INUQAT9,2026-06-29 13:00:00+00:00,2026-06-29 18:00:00+00:00,6,0,benign,,,,june
v2_004166,INUQAT9,2026-06-30 08:00:00+00:00,2026-06-30 17:00:00+00:00,10,0,benign,,,,june
v2_004167,INUQAT9,2026-06-30 19:00:00+00:00,2026-06-30 19:00:00+00:00,1,0,benign,,,,june
v2_004168,ITAHLI1,2025-10-08 13:00:00+00:00,2025-10-09 23:00:00+00:00,35,1,fault,stuck_flatline,anemometer,stuck_flatline=windspeed_avg_kmh,pre_april
v2_004169,ITAHLI1,2025-10-11 01:00:00+00:00,2025-10-11 01:00:00+00:00,1,0,benign,,,,pre_april
v2_004170,ITAHLI1,2025-10-16 14:00:00+00:00,2025-10-16 14:00:00+00:00,1,0,benign,,,,pre_april
v2_004171,ITAHLI1,2025-10-18 23:00:00+00:00,2025-10-20 10:00:00+00:00,36,1,fault,stuck_flatline,anemometer,stuck_flatline=windspeed_avg_kmh,pre_april
v2_004172,ITAHLI1,2025-10-20 14:00:00+00:00,2025-10-20 14:00:00+00:00,1,0,benign,,,,pre_april
v2_004173,ITAHLI1,2025-10-22 23:00:00+00:00,2025-10-24 09:00:00+00:00,35,1,fault,stuck_flatline,anemometer,stuck_flatline=windspeed_avg_kmh,pre_april
v2_004174,ITAHLI1,2025-10-27 23:00:00+00:00,2025-10-28 22:00:00+00:00,24,1,fault,stuck_flatline,anemometer,stuck_flatline=windspeed_avg_kmh,pre_april
v2_004175,ITAHLI1,2025-11-05 11:00:00+00:00,2025-11-06 19:00:00+00:00,33,1,fault,stuck_flatline,anemometer,stuck_flatline=windspeed_avg_kmh,pre_april
v2_004176,ITAHLI1,2025-11-08 14:00:00+00:00,2025-11-08 14:00:00+00:00,1,0,benign,,,,pre_april
v2_004177,ITAHLI1,2025-11-11 16:00:00+00:00,2025-11-13 22:00:00+00:00,55,1,fault,stuck_flatline,anemometer,stuck_flatline=windspeed_avg_kmh,pre_april
v2_004178,ITAHLI1,2025-11-15 23:00:00+00:00,2025-11-17 11:00:00+00:00,37,1,fault,stuck_flatline,anemometer,stuck_flatline=windspeed_avg_kmh,pre_april
v2_004179,ITAHLI1,2025-11-17 11:00:00+00:00,2025-11-17 13:00:00+00:00,3,1,fault,stuck_flatline,anemometer,stuck_flatline=windspeed_avg_kmh,pre_april
v2_004180,ITAHLI1,2025-11-27 09:00:00+00:00,2025-11-27 09:00:00+00:00,1,0,benign,,,,pre_april
v2_004181,ITAHLI1,2025-11-28 14:00:00+00:00,2025-11-28 14:00:00+00:00,1,0,benign,,,,pre_april
v2_004182,ITAHLI1,2025-11-28 15:00:00+00:00,2025-11-28 15:00:00+00:00,1,0,benign,,,,pre_april
v2_004183,ITAHLI1,2025-11-30 05:00:00+00:00,2025-11-30 07:00:00+00:00,3,0,borderline_review,,,,pre_april
v2_004184,ITAHLI1,2025-12-03 14:00:00+00:00,2025-12-03 14:00:00+00:00,1,0,benign,,,,pre_april
v2_004185,ITAHLI1,2025-12-05 11:00:00+00:00,2025-12-05 11:00:00+00:00,1,0,benign,,,,pre_april
v2_004186,ITAHLI1,2025-12-05 12:00:00+00:00,2025-12-05 12:00:00+00:00,1,0,benign,,,,pre_april
v2_004187,ITAHLI1,2025-12-06 13:00:00+00:00,2025-12-06 13:00:00+00:00,1,0,benign,,,,pre_april
v2_004188,ITAHLI1,2025-12-09 12:00:00+00:00,2025-12-10 17:00:00+00:00,30,1,fault,stuck_flatline,anemometer,stuck_flatline=windspeed_avg_kmh,pre_april
v2_004189,ITAHLI1,2025-12-10 19:00:00+00:00,2025-12-12 00:00:00+00:00,30,1,fault,stuck_flatline,anemometer,stuck_flatline=windspeed_avg_kmh,pre_april
v2_004190,ITAHLI1,2025-12-14 08:00:00+00:00,2025-12-16 01:00:00+00:00,42,1,fault,stuck_flatline,anemometer,stuck_flatline=windspeed_avg_kmh,pre_april
v2_004191,ITAHLI1,2025-12-17 21:00:00+00:00,2025-12-17 21:00:00+00:00,1,0,benign,,,,pre_april
v2_004192,ITAHLI1,2025-12-18 10:00:00+00:00,2025-12-18 13:00:00+00:00,4,0,benign,,,,pre_april
v2_004193,ITAHLI1,2025-12-19 00:00:00+00:00,2025-12-19 00:00:00+00:00,1,0,benign,,,,pre_april
v2_004194,ITAHLI1,2025-12-20 12:00:00+00:00,2025-12-20 12:00:00+00:00,1,0,benign,,,,pre_april
v2_004195,ITAHLI1,2025-12-25 05:00:00+00:00,2025-12-25 06:00:00+00:00,2,0,benign,,,,pre_april
v2_004196,ITAHLI1,2025-12-26 12:00:00+00:00,2025-12-26 12:00:00+00:00,1,0,benign,,,,pre_april
v2_004197,ITAHLI1,2025-12-26 14:00:00+00:00,2025-12-26 14:00:00+00:00,1,0,benign,,,,pre_april
v2_004198,ITAHLI1,2025-12-28 09:00:00+00:00,2025-12-28 09:00:00+00:00,1,0,benign,,,,pre_april
v2_004199,ITAHLI1,2025-12-29 04:00:00+00:00,2025-12-29 05:00:00+00:00,2,0,benign,,,,pre_april
v2_004200,ITAHLI1,2025-12-31 11:00:00+00:00,2025-12-31 11:00:00+00:00,1,0,benign,,,,pre_april
v2_004201,ITAHLI1,2026-01-05 14:00:00+00:00,2026-01-05 14:00:00+00:00,1,0,benign,,,,pre_april
v2_004202,ITAHLI1,2026-01-07 14:00:00+00:00,2026-01-07 14:00:00+00:00,1,0,benign,,,,pre_april
v2_004203,ITAHLI1,2026-01-07 15:00:00+00:00,2026-01-07 15:00:00+00:00,1,0,benign,,,,pre_april
v2_004204,ITAHLI1,2026-01-07 16:00:00+00:00,2026-01-07 17:00:00+00:00,2,0,benign,,,,pre_april
v2_004205,ITAHLI1,2026-01-08 11:00:00+00:00,2026-01-08 13:00:00+00:00,3,0,benign,,,,pre_april
v2_004206,ITAHLI1,2026-01-08 15:00:00+00:00,2026-01-08 15:00:00+00:00,1,0,benign,,,,pre_april
v2_004207,ITAHLI1,2026-01-09 05:00:00+00:00,2026-01-09 07:00:00+00:00,3,0,benign,,,,pre_april
v2_004208,ITAHLI1,2026-01-10 02:00:00+00:00,2026-01-10 05:00:00+00:00,4,0,borderline_review,,,,pre_april
v2_004209,ITAHLI1,2026-01-10 10:00:00+00:00,2026-01-10 10:00:00+00:00,1,0,benign,,,,pre_april
v2_004210,ITAHLI1,2026-01-10 12:00:00+00:00,2026-01-10 12:00:00+00:00,1,0,benign,,,,pre_april
v2_004211,ITAHLI1,2026-01-12 18:00:00+00:00,2026-01-13 19:00:00+00:00,26,1,fault,stuck_flatline,anemometer,stuck_flatline=windspeed_avg_kmh,pre_april
v2_004212,ITAHLI1,2026-01-13 05:00:00+00:00,2026-01-13 05:00:00+00:00,1,1,fault,stuck_flatline,anemometer,stuck_flatline=windspeed_avg_kmh,pre_april
v2_004213,ITAHLI1,2026-01-18 15:00:00+00:00,2026-01-18 16:00:00+00:00,2,0,benign,,,,pre_april
v2_004214,ITAHLI1,2026-01-18 19:00:00+00:00,2026-01-18 22:00:00+00:00,4,1,fault,statistical_anomaly,anemometer,statistical_anomaly=windspeed_avg_kmh,pre_april
v2_004215,ITAHLI1,2026-01-19 01:00:00+00:00,2026-01-19 02:00:00+00:00,2,1,fault,statistical_anomaly,anemometer,statistical_anomaly=windspeed_avg_kmh,pre_april
v2_004216,ITAHLI1,2026-01-19 10:00:00+00:00,2026-01-19 10:00:00+00:00,1,0,benign,,,,pre_april
v2_004217,ITAHLI1,2026-01-19 15:00:00+00:00,2026-01-19 15:00:00+00:00,1,0,benign,,,,pre_april
v2_004218,ITAHLI1,2026-01-20 14:00:00+00:00,2026-01-20 14:00:00+00:00,1,0,benign,,,,pre_april
v2_004219,ITAHLI1,2026-01-21 05:00:00+00:00,2026-01-21 05:00:00+00:00,1,1,fault,statistical_anomaly,anemometer,statistical_anomaly=windgust_high_kmh,pre_april
v2_004220,ITAHLI1,2026-01-22 00:00:00+00:00,2026-01-22 00:00:00+00:00,1,0,benign,,,,pre_april
v2_004221,ITAHLI1,2026-01-22 13:00:00+00:00,2026-01-22 13:00:00+00:00,1,0,benign,,,,pre_april
v2_004222,ITAHLI1,2026-01-22 14:00:00+00:00,2026-01-22 14:00:00+00:00,1,0,benign,,,,pre_april
v2_004223,ITAHLI1,2026-01-22 15:00:00+00:00,2026-01-22 15:00:00+00:00,1,0,benign,,,,pre_april
v2_004224,ITAHLI1,2026-01-23 09:00:00+00:00,2026-01-23 09:00:00+00:00,1,0,benign,,,,pre_april
v2_004225,ITAHLI1,2026-01-23 10:00:00+00:00,2026-01-23 10:00:00+00:00,1,0,benign,,,,pre_april
v2_004226,ITAHLI1,2026-01-23 12:00:00+00:00,2026-01-23 14:00:00+00:00,3,0,benign,,,,pre_april
v2_004227,ITAHLI1,2026-01-23 19:00:00+00:00,2026-01-25 02:00:00+00:00,32,1,fault,stuck_flatline,anemometer,stuck_flatline=windspeed_avg_kmh,pre_april
v2_004228,ITAHLI1,2026-01-25 10:00:00+00:00,2026-01-25 10:00:00+00:00,1,0,benign,,,,pre_april
v2_004229,ITAHLI1,2026-01-25 11:00:00+00:00,2026-01-25 17:00:00+00:00,7,1,fault,statistical_anomaly,anemometer,statistical_anomaly=windgust_avg_kmh+windspeed_avg_kmh,pre_april
v2_004230,ITAHLI1,2026-01-26 11:00:00+00:00,2026-01-26 11:00:00+00:00,1,0,benign,,,,pre_april
v2_004231,ITAHLI1,2026-01-26 19:00:00+00:00,2026-01-26 20:00:00+00:00,2,0,benign,,,,pre_april
v2_004232,ITAHLI1,2026-01-29 11:00:00+00:00,2026-01-29 12:00:00+00:00,2,0,benign,,,,pre_april
v2_004233,ITAHLI1,2026-01-29 13:00:00+00:00,2026-01-29 13:00:00+00:00,1,0,benign,,,,pre_april
v2_004234,ITAHLI1,2026-01-29 14:00:00+00:00,2026-01-29 14:00:00+00:00,1,0,benign,,,,pre_april
v2_004235,ITAHLI1,2026-01-31 17:00:00+00:00,2026-01-31 19:00:00+00:00,3,0,benign,,,,pre_april
v2_004236,ITAHLI1,2026-01-31 21:00:00+00:00,2026-01-31 22:00:00+00:00,2,1,fault,statistical_anomaly,anemometer,statistical_anomaly=windgust_avg_kmh,pre_april
v2_004237,ITAHLI1,2026-02-02 15:00:00+00:00,2026-02-03 17:00:00+00:00,27,1,fault,stuck_flatline,anemometer,stuck_flatline=windspeed_avg_kmh,pre_april
v2_004238,ITAHLI1,2026-02-04 12:00:00+00:00,2026-02-04 12:00:00+00:00,1,0,benign,,,,pre_april
v2_004239,ITAHLI1,2026-02-05 12:00:00+00:00,2026-02-05 12:00:00+00:00,1,0,benign,,,,pre_april
v2_004240,ITAHLI1,2026-02-05 14:00:00+00:00,2026-02-05 15:00:00+00:00,2,0,benign,,,,pre_april
v2_004241,ITAHLI1,2026-02-06 18:00:00+00:00,2026-02-09 05:00:00+00:00,60,1,fault,stuck_flatline,anemometer,stuck_flatline=windspeed_avg_kmh,pre_april
v2_004242,ITAHLI1,2026-02-14 13:00:00+00:00,2026-02-14 13:00:00+00:00,1,0,benign,,,,pre_april
v2_004243,ITAHLI1,2026-02-16 06:00:00+00:00,2026-02-16 11:00:00+00:00,6,0,benign,,,,pre_april
v2_004244,ITAHLI1,2026-02-17 17:00:00+00:00,2026-02-19 13:00:00+00:00,45,1,fault,spike_impossible|statistical_anomaly|stuck_flatline,anemometer|barometer,spike_impossible=pressure_trend_hpa|statistical_anomaly=pressure_max_hpa|stuck_flatline=windspeed_avg_kmh,pre_april
v2_004245,ITAHLI1,2026-02-19 00:00:00+00:00,2026-02-19 00:00:00+00:00,1,1,fault,spike_impossible|statistical_anomaly|stuck_flatline,anemometer|barometer,spike_impossible=pressure_trend_hpa|statistical_anomaly=pressure_max_hpa|stuck_flatline=windspeed_avg_kmh,pre_april
v2_004246,ITAHLI1,2026-02-19 15:00:00+00:00,2026-02-21 08:00:00+00:00,42,1,fault,stuck_flatline,anemometer,stuck_flatline=windspeed_avg_kmh,pre_april
v2_004247,ITAHLI1,2026-02-22 14:00:00+00:00,2026-02-24 11:00:00+00:00,46,1,fault,stuck_flatline,anemometer,stuck_flatline=windspeed_avg_kmh,pre_april
v2_004248,ITAHLI1,2026-02-24 13:00:00+00:00,2026-02-28 11:00:00+00:00,95,1,fault,stuck_flatline,anemometer,stuck_flatline=windgust_avg_kmh+windspeed_avg_kmh,pre_april
v2_004249,ITAHLI1,2026-02-26 00:00:00+00:00,2026-02-26 23:00:00+00:00,24,1,fault,stuck_flatline,anemometer,stuck_flatline=windgust_avg_kmh+windspeed_avg_kmh,pre_april
v2_004250,ITAHLI1,2026-03-07 00:00:00+00:00,2026-03-08 22:00:00+00:00,47,1,fault,stuck_flatline,anemometer,stuck_flatline=windspeed_avg_kmh,pre_april
v2_004251,ITAHLI1,2026-03-09 14:00:00+00:00,2026-03-10 21:00:00+00:00,32,1,fault,stuck_flatline,anemometer,stuck_flatline=windgust_avg_kmh+windspeed_avg_kmh,pre_april
v2_004252,ITAHLI1,2026-03-10 12:00:00+00:00,2026-03-10 12:00:00+00:00,1,1,fault,stuck_flatline,anemometer,stuck_flatline=windgust_avg_kmh+windspeed_avg_kmh,pre_april
v2_004253,ITAHLI1,2026-03-11 12:00:00+00:00,2026-03-12 11:00:00+00:00,24,1,fault,stuck_flatline,anemometer,stuck_flatline=windspeed_avg_kmh,pre_april
v2_004254,ITAHLI1,2026-03-12 11:00:00+00:00,2026-03-12 12:00:00+00:00,2,1,fault,stuck_flatline,anemometer,stuck_flatline=windspeed_avg_kmh,pre_april
v2_004255,ITAHLI1,2026-03-12 14:00:00+00:00,2026-03-14 05:00:00+00:00,40,1,fault,stuck_flatline,anemometer,stuck_flatline=windgust_avg_kmh+windspeed_avg_kmh,pre_april
v2_004256,ITAHLI1,2026-03-13 11:00:00+00:00,2026-03-13 11:00:00+00:00,1,1,fault,stuck_flatline,anemometer,stuck_flatline=windgust_avg_kmh+windspeed_avg_kmh,pre_april
v2_004257,ITAHLI1,2026-03-13 13:00:00+00:00,2026-03-13 13:00:00+00:00,1,1,fault,stuck_flatline,anemometer,stuck_flatline=windgust_avg_kmh+windspeed_avg_kmh,pre_april
v2_004258,ITAHLI1,2026-03-16 14:00:00+00:00,2026-03-16 14:00:00+00:00,1,0,benign,,,,pre_april
v2_004259,ITAHLI1,2026-03-16 17:00:00+00:00,2026-03-16 17:00:00+00:00,1,0,benign,,,,pre_april
v2_004260,ITAHLI1,2026-03-16 22:00:00+00:00,2026-03-16 22:00:00+00:00,1,0,benign,,,,pre_april
v2_004261,ITAHLI1,2026-03-17 23:00:00+00:00,2026-03-17 23:00:00+00:00,1,0,benign,,,,pre_april
v2_004262,ITAHLI1,2026-03-19 12:00:00+00:00,2026-03-19 12:00:00+00:00,1,0,benign,,,,pre_april
v2_004263,ITAHLI1,2026-03-19 15:00:00+00:00,2026-03-21 20:00:00+00:00,54,1,fault,stuck_flatline,anemometer,stuck_flatline=windspeed_avg_kmh,pre_april
v2_004264,ITAHLI1,2026-03-20 13:00:00+00:00,2026-03-20 13:00:00+00:00,1,1,fault,stuck_flatline,anemometer,stuck_flatline=windspeed_avg_kmh,pre_april
v2_004265,ITAHLI1,2026-03-22 04:00:00+00:00,2026-03-22 04:00:00+00:00,1,0,benign,,,,pre_april
v2_004266,ITAHLI1,2026-03-22 08:00:00+00:00,2026-03-24 12:00:00+00:00,53,1,fault,stuck_flatline,anemometer,stuck_flatline=windspeed_avg_kmh,pre_april
v2_004267,ITAHLI1,2026-03-23 13:00:00+00:00,2026-03-23 13:00:00+00:00,1,1,fault,stuck_flatline,anemometer,stuck_flatline=windspeed_avg_kmh,pre_april
v2_004268,ITAHLI1,2026-03-25 11:00:00+00:00,2026-03-25 11:00:00+00:00,1,0,borderline_review,,,,pre_april
v2_004269,ITAHLI1,2026-03-28 10:00:00+00:00,2026-03-28 10:00:00+00:00,1,0,benign,,,,pre_april
v2_004270,ITAHLI1,2026-03-28 12:00:00+00:00,2026-03-28 12:00:00+00:00,1,0,benign,,,,pre_april
v2_004271,ITAHLI1,2026-03-29 10:00:00+00:00,2026-03-29 10:00:00+00:00,1,0,benign,,,,pre_april
v2_004272,ITAHLI1,2026-03-30 10:00:00+00:00,2026-03-30 10:00:00+00:00,1,0,benign,,,,pre_april
v2_004273,ITAHLI1,2026-03-30 13:00:00+00:00,2026-03-30 13:00:00+00:00,1,0,benign,,,,pre_april
v2_004274,ITAHLI1,2026-03-31 13:00:00+00:00,2026-03-31 13:00:00+00:00,1,0,benign,,,,pre_april
v2_004275,ITAHLI1,2026-04-01 08:00:00+00:00,2026-04-01 09:00:00+00:00,2,0,benign,,,,april_may
v2_004276,ITAHLI1,2026-04-01 11:00:00+00:00,2026-04-01 11:00:00+00:00,1,0,benign,,,,april_may
v2_004277,ITAHLI1,2026-04-01 13:00:00+00:00,2026-04-01 19:00:00+00:00,7,1,fault,statistical_anomaly,anemometer,statistical_anomaly=windspeed_avg_kmh,april_may
v2_004278,ITAHLI1,2026-04-02 02:00:00+00:00,2026-04-02 03:00:00+00:00,2,0,benign,,,,april_may
v2_004279,ITAHLI1,2026-04-02 09:00:00+00:00,2026-04-02 10:00:00+00:00,2,0,benign,,,,april_may
v2_004280,ITAHLI1,2026-04-02 11:00:00+00:00,2026-04-02 11:00:00+00:00,1,0,benign,,,,april_may
v2_004281,ITAHLI1,2026-04-02 12:00:00+00:00,2026-04-02 12:00:00+00:00,1,0,benign,,,,april_may
v2_004282,ITAHLI1,2026-04-02 13:00:00+00:00,2026-04-02 14:00:00+00:00,2,1,fault,statistical_anomaly,anemometer,statistical_anomaly=windspeed_avg_kmh,april_may
v2_004283,ITAHLI1,2026-04-11 05:00:00+00:00,2026-04-11 05:00:00+00:00,1,1,fault,spike_impossible,barometer,spike_impossible=pressure_trend_hpa,april_may
v2_004284,ITAHLI1,2026-04-11 13:00:00+00:00,2026-04-11 15:00:00+00:00,3,0,benign,,,,april_may
v2_004285,ITAHLI1,2026-04-12 08:00:00+00:00,2026-04-12 09:00:00+00:00,2,0,benign,,,,april_may
v2_004286,ITAHLI1,2026-04-13 13:00:00+00:00,2026-04-13 13:00:00+00:00,1,0,benign,,,,april_may
v2_004287,ITAHLI1,2026-04-13 21:00:00+00:00,2026-04-13 21:00:00+00:00,1,1,fault,statistical_anomaly,anemometer,statistical_anomaly=windgust_high_kmh+windspeed_high_kmh,april_may
v2_004288,ITAHLI1,2026-04-14 13:00:00+00:00,2026-04-14 13:00:00+00:00,1,0,benign,,,,april_may
v2_004289,ITAHLI1,2026-04-16 11:00:00+00:00,2026-04-16 11:00:00+00:00,1,1,fault,statistical_anomaly,light_uv,statistical_anomaly=uv_high,april_may
v2_004290,ITAHLI1,2026-04-16 13:00:00+00:00,2026-04-16 13:00:00+00:00,1,0,benign,,,,april_may
v2_004291,ITAHLI1,2026-04-20 10:00:00+00:00,2026-04-20 10:00:00+00:00,1,1,fault,statistical_anomaly,light_uv,statistical_anomaly=uv_high,april_may
v2_004292,ITAHLI1,2026-04-21 10:00:00+00:00,2026-04-21 11:00:00+00:00,2,1,fault,statistical_anomaly,light_uv,statistical_anomaly=uv_high,april_may
v2_004293,ITAHLI1,2026-04-24 10:00:00+00:00,2026-04-24 11:00:00+00:00,2,1,fault,statistical_anomaly,light_uv,statistical_anomaly=uv_high,april_may
v2_004294,ITAHLI1,2026-04-25 10:00:00+00:00,2026-04-25 11:00:00+00:00,2,1,fault,statistical_anomaly,light_uv,statistical_anomaly=uv_high,april_may
v2_004295,ITAHLI1,2026-04-26 11:00:00+00:00,2026-04-26 11:00:00+00:00,1,1,fault,statistical_anomaly,light_uv,statistical_anomaly=uv_high,april_may
v2_004296,ITAHLI1,2026-04-27 10:00:00+00:00,2026-04-27 11:00:00+00:00,2,1,fault,statistical_anomaly,light_uv,statistical_anomaly=uv_high,april_may
v2_004297,ITAHLI1,2026-04-28 02:00:00+00:00,2026-04-28 02:00:00+00:00,1,0,benign,,,,april_may
v2_004298,ITAHLI1,2026-04-28 04:00:00+00:00,2026-04-28 04:00:00+00:00,1,0,benign,,,,april_may
v2_004299,ITAHLI1,2026-04-28 07:00:00+00:00,2026-04-28 08:00:00+00:00,2,0,benign,,,,april_may
v2_004300,ITAHLI1,2026-04-29 05:00:00+00:00,2026-04-29 05:00:00+00:00,1,0,benign,,,,april_may
v2_004301,ITAHLI1,2026-04-30 05:00:00+00:00,2026-04-30 05:00:00+00:00,1,0,benign,,,,april_may
v2_004302,ITAHLI1,2026-04-30 23:00:00+00:00,2026-04-30 23:00:00+00:00,1,1,fault,spike_impossible,barometer,spike_impossible=pressure_trend_hpa,april_may
v2_004303,ITAHLI1,2026-05-02 10:00:00+00:00,2026-05-02 11:00:00+00:00,2,1,fault,statistical_anomaly,light_uv,statistical_anomaly=uv_high,april_may
v2_004304,ITAHLI1,2026-05-03 10:00:00+00:00,2026-05-03 11:00:00+00:00,2,1,fault,statistical_anomaly,light_uv,statistical_anomaly=uv_high,april_may
v2_004305,ITAHLI1,2026-05-04 10:00:00+00:00,2026-05-04 12:00:00+00:00,3,1,fault,statistical_anomaly,light_uv,statistical_anomaly=uv_high,april_may
v2_004306,ITAHLI1,2026-05-05 10:00:00+00:00,2026-05-05 12:00:00+00:00,3,1,fault,statistical_anomaly,light_uv,statistical_anomaly=uv_high,april_may
v2_004307,ITAHLI1,2026-05-05 19:00:00+00:00,2026-05-05 22:00:00+00:00,4,0,benign,,,,april_may
v2_004308,ITAHLI1,2026-05-05 23:00:00+00:00,2026-05-06 02:00:00+00:00,4,0,benign,,,,april_may
v2_004309,ITAHLI1,2026-05-06 11:00:00+00:00,2026-05-06 11:00:00+00:00,1,0,benign,,,,april_may
v2_004310,ITAHLI1,2026-05-06 12:00:00+00:00,2026-05-06 17:00:00+00:00,6,0,benign,,,,april_may
v2_004311,ITAHLI1,2026-05-06 19:00:00+00:00,2026-05-06 19:00:00+00:00,1,0,benign,,,,april_may
v2_004312,ITAHLI1,2026-05-07 14:00:00+00:00,2026-05-07 14:00:00+00:00,1,1,fault,spike_impossible,barometer,spike_impossible=pressure_trend_hpa,april_may
v2_004313,ITAHLI1,2026-05-07 19:00:00+00:00,2026-05-07 19:00:00+00:00,1,0,benign,,,,april_may
v2_004314,ITAHLI1,2026-05-08 04:00:00+00:00,2026-05-08 04:00:00+00:00,1,0,benign,,,,april_may
v2_004315,ITAHLI1,2026-05-09 10:00:00+00:00,2026-05-09 16:00:00+00:00,7,1,fault,statistical_anomaly,light_uv|thermo_hygrometer,statistical_anomaly=temp_avg_c+temp_high_c+temp_low_c+uv_high,april_may
v2_004316,ITAHLI1,2026-05-09 18:00:00+00:00,2026-05-09 20:00:00+00:00,3,0,benign,,,,april_may
v2_004317,ITAHLI1,2026-05-09 22:00:00+00:00,2026-05-09 22:00:00+00:00,1,0,benign,,,,april_may
v2_004318,ITAHLI1,2026-05-10 04:00:00+00:00,2026-05-10 04:00:00+00:00,1,0,benign,,,,april_may
v2_004319,ITAHLI1,2026-05-10 09:00:00+00:00,2026-05-10 09:00:00+00:00,1,0,benign,,,,april_may
v2_004320,ITAHLI1,2026-05-11 09:00:00+00:00,2026-05-11 09:00:00+00:00,1,0,benign,,,,april_may
v2_004321,ITAHLI1,2026-05-11 10:00:00+00:00,2026-05-11 11:00:00+00:00,2,1,fault,statistical_anomaly,light_uv,statistical_anomaly=uv_high,april_may
v2_004322,ITAHLI1,2026-05-12 09:00:00+00:00,2026-05-12 11:00:00+00:00,3,1,fault,statistical_anomaly,thermo_hygrometer,statistical_anomaly=temp_low_c,april_may
v2_004323,ITAHLI1,2026-05-13 09:00:00+00:00,2026-05-13 09:00:00+00:00,1,0,benign,,,,april_may
v2_004324,ITAHLI1,2026-05-13 11:00:00+00:00,2026-05-13 11:00:00+00:00,1,0,benign,,,,april_may
v2_004325,ITAHLI1,2026-05-14 09:00:00+00:00,2026-05-14 09:00:00+00:00,1,0,benign,,,,april_may
v2_004326,ITAHLI1,2026-05-14 10:00:00+00:00,2026-05-14 11:00:00+00:00,2,1,fault,statistical_anomaly,light_uv,statistical_anomaly=uv_high,april_may
v2_004327,ITAHLI1,2026-05-15 09:00:00+00:00,2026-05-15 09:00:00+00:00,1,0,benign,,,,april_may
v2_004328,ITAHLI1,2026-05-15 10:00:00+00:00,2026-05-15 10:00:00+00:00,1,0,benign,,,,april_may
v2_004329,ITAHLI1,2026-05-15 13:00:00+00:00,2026-05-15 13:00:00+00:00,1,0,benign,,,,april_may
v2_004330,ITAHLI1,2026-05-16 13:00:00+00:00,2026-05-16 13:00:00+00:00,1,0,benign,,,,april_may
v2_004331,ITAHLI1,2026-05-16 14:00:00+00:00,2026-05-16 14:00:00+00:00,1,1,fault,spike_impossible,barometer,spike_impossible=pressure_trend_hpa,april_may
v2_004332,ITAHLI1,2026-05-16 23:00:00+00:00,2026-05-16 23:00:00+00:00,1,0,benign,,,,april_may
v2_004333,ITAHLI1,2026-05-17 05:00:00+00:00,2026-05-17 05:00:00+00:00,1,0,benign,,,,april_may
v2_004334,ITAHLI1,2026-05-17 09:00:00+00:00,2026-05-17 09:00:00+00:00,1,0,benign,,,,april_may
v2_004335,ITAHLI1,2026-05-17 12:00:00+00:00,2026-05-17 12:00:00+00:00,1,0,borderline_review,,,,april_may
v2_004336,ITAHLI1,2026-05-17 15:00:00+00:00,2026-05-17 16:00:00+00:00,2,0,benign,,,,april_may
v2_004337,ITAHLI1,2026-05-18 12:00:00+00:00,2026-05-18 12:00:00+00:00,1,0,borderline_review,,,,april_may
v2_004338,ITAHLI1,2026-05-19 12:00:00+00:00,2026-05-19 12:00:00+00:00,1,0,benign,,,,april_may
v2_004339,ITAHLI1,2026-05-20 10:00:00+00:00,2026-05-20 11:00:00+00:00,2,1,fault,statistical_anomaly,light_uv,statistical_anomaly=uv_high,april_may
v2_004340,ITAHLI1,2026-05-21 04:00:00+00:00,2026-05-21 04:00:00+00:00,1,1,fault,spike_impossible,barometer,spike_impossible=pressure_trend_hpa,april_may
v2_004341,ITAHLI1,2026-05-21 11:00:00+00:00,2026-05-21 11:00:00+00:00,1,0,benign,,,,april_may
v2_004342,ITAHLI1,2026-05-22 05:00:00+00:00,2026-05-22 05:00:00+00:00,1,0,benign,,,,april_may
v2_004343,ITAHLI1,2026-05-26 11:00:00+00:00,2026-05-26 11:00:00+00:00,1,0,benign,,,,april_may
v2_004344,ITAHLI1,2026-05-29 21:00:00+00:00,2026-05-29 21:00:00+00:00,1,0,benign,,,,april_may
v2_004345,ITAHLI1,2026-05-31 11:00:00+00:00,2026-05-31 11:00:00+00:00,1,0,benign,,,,april_may
v2_004346,ITAHLI1,2026-05-31 13:00:00+00:00,2026-05-31 13:00:00+00:00,1,0,benign,,,,april_may
v2_004347,ITAHLI1,2026-06-01 09:00:00+00:00,2026-06-01 09:00:00+00:00,1,0,benign,,,,june
v2_004348,ITAHLI1,2026-06-01 10:00:00+00:00,2026-06-01 10:00:00+00:00,1,0,benign,,,,june
v2_004349,ITAHLI1,2026-06-01 13:00:00+00:00,2026-06-01 13:00:00+00:00,1,0,benign,,,,june
v2_004350,ITAHLI1,2026-06-01 21:00:00+00:00,2026-06-01 21:00:00+00:00,1,1,fault,statistical_anomaly,anemometer,statistical_anomaly=windgust_high_kmh+windspeed_high_kmh,june
v2_004351,ITAHLI1,2026-06-03 11:00:00+00:00,2026-06-03 11:00:00+00:00,1,1,fault,statistical_anomaly,light_uv,statistical_anomaly=uv_high,june
v2_004352,ITAHLI1,2026-06-04 10:00:00+00:00,2026-06-04 13:00:00+00:00,4,0,benign,,,,june
v2_004353,ITAHLI1,2026-06-05 10:00:00+00:00,2026-06-05 10:00:00+00:00,1,0,benign,,,,june
v2_004354,ITAHLI1,2026-06-05 11:00:00+00:00,2026-06-05 11:00:00+00:00,1,0,benign,,,,june
v2_004355,ITAHLI1,2026-06-05 12:00:00+00:00,2026-06-05 13:00:00+00:00,2,0,benign,,,,june
v2_004356,ITAHLI1,2026-06-06 10:00:00+00:00,2026-06-06 10:00:00+00:00,1,0,benign,,,,june
v2_004357,ITAHLI1,2026-06-07 13:00:00+00:00,2026-06-07 13:00:00+00:00,1,0,benign,,,,june
v2_004358,ITAHLI1,2026-06-08 08:00:00+00:00,2026-06-08 08:00:00+00:00,1,0,benign,,,,june
v2_004359,ITAHLI1,2026-06-09 06:00:00+00:00,2026-06-09 06:00:00+00:00,1,0,benign,,,,june
v2_004360,ITAHLI1,2026-06-09 10:00:00+00:00,2026-06-09 10:00:00+00:00,1,1,fault,statistical_anomaly,light_uv,statistical_anomaly=uv_high,june
v2_004361,ITAHLI1,2026-06-09 11:00:00+00:00,2026-06-09 12:00:00+00:00,2,0,benign,,,,june
v2_004362,ITAHLI1,2026-06-10 10:00:00+00:00,2026-06-10 10:00:00+00:00,1,0,benign,,,,june
v2_004363,ITAHLI1,2026-06-10 12:00:00+00:00,2026-06-10 12:00:00+00:00,1,0,benign,,,,june
v2_004364,ITAHLI1,2026-06-10 13:00:00+00:00,2026-06-10 13:00:00+00:00,1,0,benign,,,,june
v2_004365,ITAHLI1,2026-06-11 10:00:00+00:00,2026-06-11 10:00:00+00:00,1,0,benign,,,,june
v2_004366,ITAHLI1,2026-06-12 22:00:00+00:00,2026-06-12 22:00:00+00:00,1,0,benign,,,,june
v2_004367,ITAHLI1,2026-06-16 10:00:00+00:00,2026-06-16 10:00:00+00:00,1,0,benign,,,,june
v2_004368,ITAHLI1,2026-06-16 12:00:00+00:00,2026-06-16 15:00:00+00:00,4,1,fault,statistical_anomaly,thermo_hygrometer,statistical_anomaly=temp_avg_c,june
v2_004369,ITAHLI1,2026-06-18 10:00:00+00:00,2026-06-18 10:00:00+00:00,1,0,borderline_review,,,,june
v2_004370,ITAHLI1,2026-06-18 16:00:00+00:00,2026-06-18 16:00:00+00:00,1,1,fault,spike_impossible,barometer,spike_impossible=pressure_trend_hpa,june
v2_004371,ITAHLI1,2026-06-19 10:00:00+00:00,2026-06-19 10:00:00+00:00,1,0,benign,,,,june
v2_004372,ITAHLI1,2026-06-20 10:00:00+00:00,2026-06-20 10:00:00+00:00,1,0,benign,,,,june
v2_004373,ITAHLI1,2026-06-21 10:00:00+00:00,2026-06-21 10:00:00+00:00,1,0,benign,,,,june
v2_004374,ITAHLI1,2026-06-21 11:00:00+00:00,2026-06-21 11:00:00+00:00,1,1,fault,spike_impossible,barometer,spike_impossible=pressure_trend_hpa,june
v2_004375,ITAHLI1,2026-06-22 10:00:00+00:00,2026-06-22 10:00:00+00:00,1,1,fault,spike_impossible,barometer,spike_impossible=pressure_trend_hpa,june
v2_004376,ITAHLI1,2026-06-23 10:00:00+00:00,2026-06-23 10:00:00+00:00,1,0,benign,,,,june
v2_004377,ITAHLI1,2026-06-23 12:00:00+00:00,2026-06-23 12:00:00+00:00,1,1,fault,spike_impossible,barometer,spike_impossible=pressure_trend_hpa,june
v2_004378,ITAHLI1,2026-06-26 08:00:00+00:00,2026-06-26 08:00:00+00:00,1,0,benign,,,,june
v2_004379,ITAHLI1,2026-06-26 10:00:00+00:00,2026-06-26 10:00:00+00:00,1,0,benign,,,,june
v2_004380,ITAHLI1,2026-06-27 06:00:00+00:00,2026-06-28 10:00:00+00:00,29,1,fault,stuck_flatline,anemometer,stuck_flatline=windspeed_avg_kmh,june
v2_004381,ITAHLI1,2026-06-29 09:00:00+00:00,2026-06-29 10:00:00+00:00,2,0,benign,,,,june
v2_004382,ITAHLI1,2026-06-30 10:00:00+00:00,2026-06-30 10:00:00+00:00,1,0,benign,,,,june
v2_004383,ITRIPO32,2025-10-19 11:00:00+00:00,2025-10-19 11:00:00+00:00,1,0,benign,,,,pre_april
v2_004384,ITRIPO32,2025-10-25 10:00:00+00:00,2025-10-25 11:00:00+00:00,2,0,benign,,,,pre_april
v2_004385,ITRIPO32,2025-10-25 12:00:00+00:00,2025-10-25 16:00:00+00:00,5,0,benign,,,,pre_april
v2_004386,ITRIPO32,2025-10-26 09:00:00+00:00,2025-10-26 10:00:00+00:00,2,0,benign,,,,pre_april
v2_004387,ITRIPO32,2025-10-26 15:00:00+00:00,2025-10-26 18:00:00+00:00,4,0,benign,,,,pre_april
v2_004388,ITRIPO32,2025-10-26 20:00:00+00:00,2025-10-26 20:00:00+00:00,1,0,benign,,,,pre_april
v2_004389,ITRIPO32,2025-11-01 11:00:00+00:00,2025-11-01 11:00:00+00:00,1,0,benign,,,,pre_april
v2_004390,ITRIPO32,2025-11-16 11:00:00+00:00,2025-11-16 11:00:00+00:00,1,0,benign,,,,pre_april
v2_004391,ITRIPO32,2025-11-18 08:00:00+00:00,2025-11-18 08:00:00+00:00,1,0,benign,,,,pre_april
v2_004392,ITRIPO32,2025-11-18 11:00:00+00:00,2025-11-18 14:00:00+00:00,4,1,fault,statistical_anomaly,thermo_hygrometer,statistical_anomaly=humidity_high_pct+humidity_low_pct,pre_april
v2_004393,ITRIPO32,2025-11-27 19:00:00+00:00,2025-11-27 19:00:00+00:00,1,0,benign,,,,pre_april
v2_004394,ITRIPO32,2025-12-05 21:00:00+00:00,2025-12-05 21:00:00+00:00,1,0,benign,,,,pre_april
v2_004395,ITRIPO32,2025-12-05 22:00:00+00:00,2025-12-05 22:00:00+00:00,1,1,fault,statistical_anomaly,anemometer,statistical_anomaly=windgust_high_kmh,pre_april
v2_004396,ITRIPO32,2025-12-06 04:00:00+00:00,2025-12-06 04:00:00+00:00,1,1,fault,statistical_anomaly,anemometer,statistical_anomaly=windspeed_avg_kmh,pre_april
v2_004397,ITRIPO32,2025-12-19 14:00:00+00:00,2025-12-19 14:00:00+00:00,1,0,benign,,,,pre_april
v2_004398,ITRIPO32,2025-12-19 20:00:00+00:00,2025-12-19 20:00:00+00:00,1,0,benign,,,,pre_april
v2_004399,ITRIPO32,2025-12-21 15:00:00+00:00,2025-12-21 15:00:00+00:00,1,0,benign,,,,pre_april
v2_004400,ITRIPO32,2025-12-28 06:00:00+00:00,2025-12-28 07:00:00+00:00,2,0,benign,,,,pre_april
v2_004401,ITRIPO32,2025-12-29 05:00:00+00:00,2025-12-29 05:00:00+00:00,1,0,benign,,,,pre_april
v2_004402,ITRIPO32,2026-01-15 16:00:00+00:00,2026-01-15 16:00:00+00:00,1,0,benign,,,,pre_april
v2_004403,ITRIPO32,2026-01-15 17:00:00+00:00,2026-01-15 17:00:00+00:00,1,0,benign,,,,pre_april
v2_004404,ITRIPO32,2026-01-16 17:00:00+00:00,2026-01-16 17:00:00+00:00,1,0,benign,,,,pre_april
v2_004405,ITRIPO32,2026-01-31 18:00:00+00:00,2026-01-31 18:00:00+00:00,1,0,benign,,,,pre_april
v2_004406,ITRIPO32,2026-01-31 19:00:00+00:00,2026-01-31 19:00:00+00:00,1,0,benign,,,,pre_april
v2_004407,ITRIPO32,2026-01-31 21:00:00+00:00,2026-01-31 21:00:00+00:00,1,0,benign,,,,pre_april
v2_004408,ITRIPO32,2026-02-01 05:00:00+00:00,2026-02-01 05:00:00+00:00,1,0,benign,,,,pre_april
v2_004409,ITRIPO32,2026-02-01 09:00:00+00:00,2026-02-01 09:00:00+00:00,1,0,benign,,,,pre_april
v2_004410,ITRIPO32,2026-02-01 11:00:00+00:00,2026-02-01 13:00:00+00:00,3,0,benign,,,,pre_april
v2_004411,ITRIPO32,2026-02-03 10:00:00+00:00,2026-02-03 10:00:00+00:00,1,0,benign,,,,pre_april
v2_004412,ITRIPO32,2026-02-03 20:00:00+00:00,2026-02-04 00:00:00+00:00,5,0,benign,,,,pre_april
v2_004413,ITRIPO32,2026-02-04 02:00:00+00:00,2026-02-04 04:00:00+00:00,3,0,benign,,,,pre_april
v2_004414,ITRIPO32,2026-02-06 11:00:00+00:00,2026-02-06 11:00:00+00:00,1,0,benign,,,,pre_april
v2_004415,ITRIPO32,2026-02-06 13:00:00+00:00,2026-02-06 13:00:00+00:00,1,0,benign,,,,pre_april
v2_004416,ITRIPO32,2026-03-16 02:00:00+00:00,2026-03-16 10:00:00+00:00,9,0,benign,,,,pre_april
v2_004417,ITRIPO32,2026-03-16 21:00:00+00:00,2026-03-17 00:00:00+00:00,4,0,benign,,,,pre_april
v2_004418,ITRIPO32,2026-03-17 10:00:00+00:00,2026-03-17 13:00:00+00:00,4,0,benign,,,,pre_april
v2_004419,ITRIPO32,2026-03-17 20:00:00+00:00,2026-03-17 20:00:00+00:00,1,0,benign,,,,pre_april
v2_004420,ITRIPO32,2026-03-26 10:00:00+00:00,2026-03-26 13:00:00+00:00,4,0,benign,,,,pre_april
v2_004421,ITRIPO32,2026-03-27 10:00:00+00:00,2026-03-27 13:00:00+00:00,4,0,benign,,,,pre_april
v2_004422,ITRIPO32,2026-04-01 21:00:00+00:00,2026-04-01 21:00:00+00:00,1,0,benign,,,,april_may
v2_004423,ITRIPO32,2026-04-02 09:00:00+00:00,2026-04-02 12:00:00+00:00,4,0,benign,,,,april_may
v2_004424,ITRIPO32,2026-04-02 13:00:00+00:00,2026-04-02 13:00:00+00:00,1,0,benign,,,,april_may
v2_004425,ITRIPO32,2026-04-03 13:00:00+00:00,2026-04-03 13:00:00+00:00,1,0,benign,,,,april_may
v2_004426,ITRIPO32,2026-04-04 09:00:00+00:00,2026-04-04 13:00:00+00:00,5,0,benign,,,,april_may
v2_004427,ITRIPO32,2026-04-13 09:00:00+00:00,2026-04-13 09:00:00+00:00,1,0,benign,,,,april_may
v2_004428,ITRIPO32,2026-04-15 08:00:00+00:00,2026-04-15 13:00:00+00:00,6,0,benign,,,,april_may
v2_004429,ITRIPO32,2026-04-16 06:00:00+00:00,2026-04-16 06:00:00+00:00,1,0,benign,,,,april_may
v2_004430,ITRIPO32,2026-04-16 09:00:00+00:00,2026-04-16 13:00:00+00:00,5,0,benign,,,,april_may
v2_004431,ITRIPO32,2026-04-20 03:00:00+00:00,2026-04-20 03:00:00+00:00,1,0,benign,,,,april_may
v2_004432,ITRIPO32,2026-04-20 08:00:00+00:00,2026-04-20 13:00:00+00:00,6,0,benign,,,,april_may
v2_004433,ITRIPO32,2026-04-20 21:00:00+00:00,2026-04-20 21:00:00+00:00,1,1,fault,statistical_anomaly,barometer,statistical_anomaly=pressure_trend_hpa,april_may
v2_004434,ITRIPO32,2026-04-22 08:00:00+00:00,2026-04-22 13:00:00+00:00,6,0,benign,,,,april_may
v2_004435,ITRIPO32,2026-04-22 15:00:00+00:00,2026-04-22 15:00:00+00:00,1,1,fault,spike_impossible,barometer,spike_impossible=pressure_trend_hpa,april_may
v2_004436,ITRIPO32,2026-04-23 07:00:00+00:00,2026-04-23 07:00:00+00:00,1,0,benign,,,,april_may
v2_004437,ITRIPO32,2026-04-23 13:00:00+00:00,2026-04-23 13:00:00+00:00,1,0,benign,,,,april_may
v2_004438,ITRIPO32,2026-04-23 16:00:00+00:00,2026-04-23 16:00:00+00:00,1,0,benign,,,,april_may
v2_004439,ITRIPO32,2026-04-24 09:00:00+00:00,2026-04-24 13:00:00+00:00,5,0,benign,,,,april_may
v2_004440,ITRIPO32,2026-04-25 17:00:00+00:00,2026-04-25 17:00:00+00:00,1,0,benign,,,,april_may
v2_004441,ITRIPO32,2026-05-19 08:00:00+00:00,2026-05-19 13:00:00+00:00,6,0,benign,,,,april_may
v2_004442,ITRIPO32,2026-05-20 08:00:00+00:00,2026-05-20 13:00:00+00:00,6,0,benign,,,,april_may
v2_004443,ITRIPO32,2026-05-21 08:00:00+00:00,2026-05-21 13:00:00+00:00,6,0,benign,,,,april_may
v2_004444,ITRIPO32,2026-05-22 08:00:00+00:00,2026-05-22 13:00:00+00:00,6,0,benign,,,,april_may
v2_004445,ITRIPO32,2026-05-24 08:00:00+00:00,2026-05-24 13:00:00+00:00,6,0,benign,,,,april_may
v2_004446,ITRIPO32,2026-06-18 08:00:00+00:00,2026-06-18 13:00:00+00:00,6,0,benign,,,,june
v2_004447,ITRIPO32,2026-06-19 05:00:00+00:00,2026-06-19 05:00:00+00:00,1,0,benign,,,,june
v2_004448,ITRIPO33,2025-10-11 20:00:00+00:00,2025-10-12 22:00:00+00:00,27,1,fault,stuck_flatline,anemometer,stuck_flatline=windgust_avg_kmh+windgust_high_kmh+windspeed_avg_kmh+windspeed_high_kmh,pre_april
v2_004449,ITRIPO33,2025-10-13 23:00:00+00:00,2025-10-16 22:00:00+00:00,72,1,fault,stuck_flatline,anemometer,stuck_flatline=windgust_avg_kmh+windgust_high_kmh+windspeed_avg_kmh+windspeed_high_kmh,pre_april
v2_004450,ITRIPO33,2025-10-23 12:00:00+00:00,2025-10-26 22:00:00+00:00,83,1,fault,stuck_flatline,anemometer|thermo_hygrometer,stuck_flatline=temp_low_c+windgust_avg_kmh+windgust_high_kmh+windspeed_avg_kmh+windspeed_high_kmh,pre_april
v2_004451,ITRIPO33,2025-11-03 08:00:00+00:00,2025-11-03 09:00:00+00:00,2,0,benign,,,,pre_april
v2_004452,ITRIPO33,2025-11-09 09:00:00+00:00,2025-11-09 09:00:00+00:00,1,0,benign,,,,pre_april
v2_004453,ITRIPO33,2025-11-17 23:00:00+00:00,2025-11-18 00:00:00+00:00,2,0,benign,,,,pre_april
v2_004454,ITRIPO33,2025-11-18 13:00:00+00:00,2025-11-18 16:00:00+00:00,4,0,benign,,,,pre_april
v2_004455,ITRIPO33,2025-11-19 20:00:00+00:00,2025-11-19 20:00:00+00:00,1,0,benign,,,,pre_april
v2_004456,ITRIPO33,2025-11-28 18:00:00+00:00,2025-11-28 18:00:00+00:00,1,0,benign,,,,pre_april
v2_004457,ITRIPO33,2025-12-01 14:00:00+00:00,2025-12-01 16:00:00+00:00,3,0,benign,,,,pre_april
v2_004458,ITRIPO33,2025-12-03 17:00:00+00:00,2025-12-03 17:00:00+00:00,1,0,benign,,,,pre_april
v2_004459,ITRIPO33,2025-12-05 22:00:00+00:00,2025-12-05 23:00:00+00:00,2,0,benign,,,,pre_april
v2_004460,ITRIPO33,2025-12-06 01:00:00+00:00,2025-12-06 01:00:00+00:00,1,0,benign,,,,pre_april
v2_004461,ITRIPO33,2025-12-09 09:00:00+00:00,2025-12-09 09:00:00+00:00,1,0,benign,,,,pre_april
v2_004462,ITRIPO33,2025-12-09 10:00:00+00:00,2025-12-09 10:00:00+00:00,1,0,benign,,,,pre_april
v2_004463,ITRIPO33,2025-12-09 21:00:00+00:00,2025-12-10 07:00:00+00:00,11,0,benign,,,,pre_april
v2_004464,ITRIPO33,2025-12-10 06:00:00+00:00,2025-12-10 06:00:00+00:00,1,0,benign,,,,pre_april
v2_004465,ITRIPO33,2025-12-16 05:00:00+00:00,2025-12-16 06:00:00+00:00,2,0,benign,,,,pre_april
v2_004466,ITRIPO33,2025-12-19 13:00:00+00:00,2025-12-19 22:00:00+00:00,10,0,benign,,,,pre_april
v2_004467,ITRIPO33,2025-12-28 06:00:00+00:00,2025-12-28 13:00:00+00:00,8,0,benign,,,,pre_april
v2_004468,ITRIPO33,2025-12-28 15:00:00+00:00,2025-12-28 22:00:00+00:00,8,0,benign,,,,pre_april
v2_004469,ITRIPO33,2026-01-01 17:00:00+00:00,2026-01-01 17:00:00+00:00,1,0,benign,,,,pre_april
v2_004470,ITRIPO33,2026-01-03 22:00:00+00:00,2026-01-03 22:00:00+00:00,1,0,benign,,,,pre_april
v2_004471,ITRIPO33,2026-01-04 08:00:00+00:00,2026-01-04 08:00:00+00:00,1,0,benign,,,,pre_april
v2_004472,ITRIPO33,2026-01-04 12:00:00+00:00,2026-01-04 12:00:00+00:00,1,0,benign,,,,pre_april
v2_004473,ITRIPO33,2026-01-04 18:00:00+00:00,2026-01-04 19:00:00+00:00,2,0,benign,,,,pre_april
v2_004474,ITRIPO33,2026-01-07 22:00:00+00:00,2026-01-07 22:00:00+00:00,1,0,benign,,,,pre_april
v2_004475,ITRIPO33,2026-01-08 06:00:00+00:00,2026-01-08 06:00:00+00:00,1,0,benign,,,,pre_april
v2_004476,ITRIPO33,2026-01-09 16:00:00+00:00,2026-01-09 16:00:00+00:00,1,0,benign,,,,pre_april
v2_004477,ITRIPO33,2026-01-09 19:00:00+00:00,2026-01-09 19:00:00+00:00,1,0,benign,,,,pre_april
v2_004478,ITRIPO33,2026-01-20 16:00:00+00:00,2026-01-20 17:00:00+00:00,2,0,benign,,,,pre_april
v2_004479,ITRIPO33,2026-01-22 06:00:00+00:00,2026-01-22 06:00:00+00:00,1,0,benign,,,,pre_april
v2_004480,ITRIPO33,2026-01-24 12:00:00+00:00,2026-01-24 18:00:00+00:00,7,1,fault,statistical_anomaly,thermo_hygrometer,statistical_anomaly=humidity_avg_pct+humidity_high_pct,pre_april
v2_004481,ITRIPO33,2026-01-24 22:00:00+00:00,2026-01-24 23:00:00+00:00,2,0,benign,,,,pre_april
v2_004482,ITRIPO33,2026-01-25 10:00:00+00:00,2026-01-25 10:00:00+00:00,1,0,benign,,,,pre_april
v2_004483,ITRIPO33,2026-01-25 17:00:00+00:00,2026-01-25 17:00:00+00:00,1,0,benign,,,,pre_april
v2_004484,ITRIPO33,2026-01-26 10:00:00+00:00,2026-01-26 15:00:00+00:00,6,1,fault,statistical_anomaly,anemometer,statistical_anomaly=windgust_avg_kmh+windgust_high_kmh,pre_april
v2_004485,ITRIPO33,2026-01-26 20:00:00+00:00,2026-01-26 21:00:00+00:00,2,1,fault,statistical_anomaly,anemometer,statistical_anomaly=windgust_high_kmh+windspeed_avg_kmh,pre_april
v2_004486,ITRIPO33,2026-01-27 00:00:00+00:00,2026-01-27 00:00:00+00:00,1,0,benign,,,,pre_april
v2_004487,ITRIPO33,2026-01-29 00:00:00+00:00,2026-01-29 02:00:00+00:00,3,0,benign,,,,pre_april
v2_004488,ITRIPO33,2026-01-31 18:00:00+00:00,2026-02-01 01:00:00+00:00,8,1,fault,statistical_anomaly,anemometer,statistical_anomaly=windgust_avg_kmh+windgust_high_kmh+windspeed_avg_kmh+windspeed_high_kmh,pre_april
v2_004489,ITRIPO33,2026-02-01 01:00:00+00:00,2026-02-01 01:00:00+00:00,1,0,benign,,,,pre_april
v2_004490,ITRIPO33,2026-02-01 03:00:00+00:00,2026-02-01 10:00:00+00:00,8,1,fault,statistical_anomaly,anemometer,statistical_anomaly=windgust_avg_kmh+windgust_high_kmh+windspeed_avg_kmh,pre_april
v2_004491,ITRIPO33,2026-02-03 11:00:00+00:00,2026-02-03 22:00:00+00:00,12,1,fault,statistical_anomaly,thermo_hygrometer,statistical_anomaly=humidity_avg_pct+humidity_high_pct+humidity_low_pct,pre_april
v2_004492,ITRIPO33,2026-02-12 13:00:00+00:00,2026-02-12 13:00:00+00:00,1,1,fault,statistical_anomaly,anemometer|thermo_hygrometer,statistical_anomaly=humidity_high_pct+windgust_high_kmh,pre_april
v2_004493,ITRIPO33,2026-02-18 10:00:00+00:00,2026-02-18 11:00:00+00:00,2,0,benign,,,,pre_april
v2_004494,ITRIPO33,2026-03-06 05:00:00+00:00,2026-03-06 06:00:00+00:00,2,0,benign,,,,pre_april
v2_004495,ITRIPO33,2026-03-06 10:00:00+00:00,2026-03-06 10:00:00+00:00,1,0,benign,,,,pre_april
v2_004496,ITRIPO33,2026-03-12 23:00:00+00:00,2026-03-12 23:00:00+00:00,1,0,benign,,,,pre_april
v2_004497,ITRIPO33,2026-03-14 05:00:00+00:00,2026-03-14 05:00:00+00:00,1,0,benign,,,,pre_april
v2_004498,ITRIPO33,2026-03-16 02:00:00+00:00,2026-03-16 02:00:00+00:00,1,0,benign,,,,pre_april
v2_004499,ITRIPO33,2026-03-16 21:00:00+00:00,2026-03-16 22:00:00+00:00,2,0,benign,,,,pre_april
v2_004500,ITRIPO33,2026-03-17 11:00:00+00:00,2026-03-17 12:00:00+00:00,2,0,benign,,,,pre_april
v2_004501,ITRIPO33,2026-03-17 13:00:00+00:00,2026-03-17 13:00:00+00:00,1,0,benign,,,,pre_april
v2_004502,ITRIPO33,2026-03-17 20:00:00+00:00,2026-03-17 20:00:00+00:00,1,0,benign,,,,pre_april
v2_004503,ITRIPO33,2026-03-25 13:00:00+00:00,2026-03-25 13:00:00+00:00,1,1,fault,statistical_anomaly,barometer,statistical_anomaly=pressure_max_hpa,pre_april
v2_004504,ITRIPO33,2026-03-28 17:00:00+00:00,2026-03-28 17:00:00+00:00,1,1,fault,spike_impossible,barometer,spike_impossible=pressure_trend_hpa,pre_april
v2_004505,ITRIPO33,2026-04-01 09:00:00+00:00,2026-04-01 09:00:00+00:00,1,1,fault,statistical_anomaly,anemometer,statistical_anomaly=windgust_avg_kmh+windgust_low_kmh+windspeed_avg_kmh,april_may
v2_004506,ITRIPO33,2026-04-01 11:00:00+00:00,2026-04-01 11:00:00+00:00,1,0,benign,,,,april_may
v2_004507,ITRIPO33,2026-04-04 07:00:00+00:00,2026-04-04 07:00:00+00:00,1,0,benign,,,,april_may
v2_004508,ITRIPO33,2026-04-05 08:00:00+00:00,2026-04-05 08:00:00+00:00,1,0,benign,,,,april_may
v2_004509,ITRIPO33,2026-04-06 12:00:00+00:00,2026-04-06 12:00:00+00:00,1,1,fault,spike_impossible,barometer,spike_impossible=pressure_trend_hpa,april_may
v2_004510,ITRIPO33,2026-04-11 09:00:00+00:00,2026-04-11 10:00:00+00:00,2,1,fault,statistical_anomaly,thermo_hygrometer,statistical_anomaly=temp_avg_c,april_may
v2_004511,ITRIPO33,2026-04-11 13:00:00+00:00,2026-04-11 14:00:00+00:00,2,0,benign,,,,april_may
v2_004512,ITRIPO33,2026-04-12 07:00:00+00:00,2026-04-12 12:00:00+00:00,6,1,fault,statistical_anomaly,thermo_hygrometer,statistical_anomaly=humidity_avg_pct+humidity_high_pct+humidity_low_pct+temp_avg_c+temp_high_c+temp_low_c,april_may
v2_004513,ITRIPO33,2026-04-16 10:00:00+00:00,2026-04-16 11:00:00+00:00,2,1,fault,statistical_anomaly,light_uv,statistical_anomaly=uv_high,april_may
v2_004514,ITRIPO33,2026-04-18 10:00:00+00:00,2026-04-18 10:00:00+00:00,1,1,fault,statistical_anomaly,light_uv,statistical_anomaly=uv_high,april_may
v2_004515,ITRIPO33,2026-04-18 16:00:00+00:00,2026-04-18 16:00:00+00:00,1,0,benign,,,,april_may
v2_004516,ITRIPO33,2026-04-19 10:00:00+00:00,2026-04-19 10:00:00+00:00,1,1,fault,statistical_anomaly,light_uv,statistical_anomaly=uv_high,april_may
v2_004517,ITRIPO33,2026-04-23 11:00:00+00:00,2026-04-23 11:00:00+00:00,1,1,fault,spike_impossible,barometer,spike_impossible=pressure_trend_hpa,april_may
v2_004518,ITRIPO33,2026-04-25 10:00:00+00:00,2026-04-25 11:00:00+00:00,2,1,fault,statistical_anomaly,light_uv,statistical_anomaly=uv_high,april_may
v2_004519,ITRIPO33,2026-04-27 11:00:00+00:00,2026-04-27 11:00:00+00:00,1,1,fault,statistical_anomaly,light_uv,statistical_anomaly=uv_high,april_may
v2_004520,ITRIPO33,2026-04-28 09:00:00+00:00,2026-04-28 10:00:00+00:00,2,1,fault,statistical_anomaly,thermo_hygrometer,statistical_anomaly=temp_avg_c,april_may
v2_004521,ITRIPO33,2026-05-01 11:00:00+00:00,2026-05-01 11:00:00+00:00,1,0,benign,,,,april_may
v2_004522,ITRIPO33,2026-05-01 17:00:00+00:00,2026-05-01 17:00:00+00:00,1,1,fault,statistical_anomaly,barometer,statistical_anomaly=pressure_trend_hpa,april_may
v2_004523,ITRIPO33,2026-05-01 20:00:00+00:00,2026-05-01 20:00:00+00:00,1,0,benign,,,,april_may
v2_004524,ITRIPO33,2026-05-02 10:00:00+00:00,2026-05-02 11:00:00+00:00,2,1,fault,statistical_anomaly,light_uv,statistical_anomaly=uv_high,april_may
v2_004525,ITRIPO33,2026-05-03 10:00:00+00:00,2026-05-03 11:00:00+00:00,2,1,fault,statistical_anomaly,light_uv,statistical_anomaly=uv_high,april_may
v2_004526,ITRIPO33,2026-05-04 10:00:00+00:00,2026-05-04 11:00:00+00:00,2,1,fault,statistical_anomaly,light_uv,statistical_anomaly=uv_high,april_may
v2_004527,ITRIPO33,2026-05-05 09:00:00+00:00,2026-05-05 11:00:00+00:00,3,1,fault,statistical_anomaly,light_uv,statistical_anomaly=uv_high,april_may
v2_004528,ITRIPO33,2026-05-06 07:00:00+00:00,2026-05-06 16:00:00+00:00,10,1,fault,statistical_anomaly,light_uv|thermo_hygrometer,statistical_anomaly=humidity_avg_pct+humidity_high_pct+humidity_low_pct+temp_avg_c+temp_high_c+temp_low_c+uv_high,april_may
v2_004529,ITRIPO33,2026-05-08 09:00:00+00:00,2026-05-08 16:00:00+00:00,8,1,fault,statistical_anomaly,thermo_hygrometer,statistical_anomaly=temp_avg_c+temp_high_c+temp_low_c,april_may
v2_004530,ITRIPO33,2026-05-09 10:00:00+00:00,2026-05-09 10:00:00+00:00,1,1,fault,statistical_anomaly,light_uv,statistical_anomaly=uv_high,april_may
v2_004531,ITRIPO33,2026-05-11 10:00:00+00:00,2026-05-11 11:00:00+00:00,2,1,fault,statistical_anomaly,light_uv,statistical_anomaly=uv_high,april_may
v2_004532,ITRIPO33,2026-05-12 07:00:00+00:00,2026-05-12 08:00:00+00:00,2,1,fault,statistical_anomaly,thermo_hygrometer,statistical_anomaly=temp_high_c,april_may
v2_004533,ITRIPO33,2026-05-12 10:00:00+00:00,2026-05-12 10:00:00+00:00,1,0,benign,,,,april_may
v2_004534,ITRIPO33,2026-05-12 11:00:00+00:00,2026-05-12 11:00:00+00:00,1,0,benign,,,,april_may
v2_004535,ITRIPO33,2026-05-14 10:00:00+00:00,2026-05-14 11:00:00+00:00,2,1,fault,statistical_anomaly,light_uv,statistical_anomaly=uv_high,april_may
v2_004536,ITRIPO33,2026-05-15 05:00:00+00:00,2026-05-15 05:00:00+00:00,1,0,benign,,,,april_may
v2_004537,ITRIPO33,2026-05-15 07:00:00+00:00,2026-05-15 07:00:00+00:00,1,0,benign,,,,april_may
v2_004538,ITRIPO33,2026-05-15 10:00:00+00:00,2026-05-15 14:00:00+00:00,5,1,fault,statistical_anomaly,thermo_hygrometer,statistical_anomaly=temp_avg_c+temp_high_c+temp_low_c,april_may
v2_004539,ITRIPO33,2026-05-17 00:00:00+00:00,2026-05-17 00:00:00+00:00,1,0,benign,,,,april_may
v2_004540,ITRIPO33,2026-05-17 02:00:00+00:00,2026-05-17 03:00:00+00:00,2,1,fault,spike_impossible,barometer,spike_impossible=pressure_trend_hpa,april_may
v2_004541,ITRIPO33,2026-05-17 05:00:00+00:00,2026-05-17 05:00:00+00:00,1,1,fault,spike_impossible,barometer,spike_impossible=pressure_trend_hpa,april_may
v2_004542,ITRIPO33,2026-05-17 11:00:00+00:00,2026-05-17 11:00:00+00:00,1,0,benign,,,,april_may
v2_004543,ITRIPO33,2026-05-17 12:00:00+00:00,2026-05-17 12:00:00+00:00,1,0,benign,,,,april_may
v2_004544,ITRIPO33,2026-05-17 14:00:00+00:00,2026-05-17 14:00:00+00:00,1,0,benign,,,,april_may
v2_004545,ITRIPO33,2026-05-17 18:00:00+00:00,2026-05-17 18:00:00+00:00,1,0,benign,,,,april_may
v2_004546,ITRIPO33,2026-05-20 11:00:00+00:00,2026-05-20 11:00:00+00:00,1,0,benign,,,,april_may
v2_004547,ITRIPO33,2026-05-29 23:00:00+00:00,2026-05-29 23:00:00+00:00,1,0,benign,,,,april_may
v2_004548,ITRIPO33,2026-06-02 15:00:00+00:00,2026-06-02 16:00:00+00:00,2,0,benign,,,,june
v2_004549,ITRIPO33,2026-06-03 07:00:00+00:00,2026-06-03 16:00:00+00:00,10,1,fault,statistical_anomaly,thermo_hygrometer,statistical_anomaly=temp_avg_c+temp_high_c+temp_low_c,june
v2_004550,ITRIPO33,2026-06-04 12:00:00+00:00,2026-06-04 13:00:00+00:00,2,0,benign,,,,june
v2_004551,ITRIPO33,2026-06-09 08:00:00+00:00,2026-06-09 08:00:00+00:00,1,0,benign,,,,june
v2_004552,ITRIPO33,2026-06-10 12:00:00+00:00,2026-06-10 16:00:00+00:00,5,0,benign,,,,june
v2_004553,ITRIPO33,2026-06-11 07:00:00+00:00,2026-06-11 09:00:00+00:00,3,1,fault,statistical_anomaly,thermo_hygrometer,statistical_anomaly=temp_avg_c+temp_high_c+temp_low_c,june
v2_004554,ITRIPO33,2026-06-16 10:00:00+00:00,2026-06-16 13:00:00+00:00,4,0,benign,,,,june
v2_004555,ITRIPO33,2026-06-22 03:00:00+00:00,2026-06-22 03:00:00+00:00,1,0,benign,,,,june
v2_004556,ITRIPO33,2026-06-24 07:00:00+00:00,2026-06-24 08:00:00+00:00,2,1,fault,statistical_anomaly,thermo_hygrometer,statistical_anomaly=temp_avg_c,june
v2_004557,ITRIPO33,2026-06-24 14:00:00+00:00,2026-06-24 16:00:00+00:00,3,0,benign,,,,june
v2_004558,ITRIPO33,2026-06-25 07:00:00+00:00,2026-06-25 16:00:00+00:00,10,1,fault,statistical_anomaly,thermo_hygrometer,statistical_anomaly=temp_avg_c+temp_low_c,june
v2_004559,ITRIPO33,2026-06-25 14:00:00+00:00,2026-06-25 14:00:00+00:00,1,0,benign,,,,june
v2_004560,ITRIPO33,2026-06-26 07:00:00+00:00,2026-06-26 09:00:00+00:00,3,1,fault,statistical_anomaly,thermo_hygrometer,statistical_anomaly=temp_avg_c+temp_low_c,june
v2_004561,ITRIPO33,2026-06-29 07:00:00+00:00,2026-06-29 07:00:00+00:00,1,0,benign,,,,june
v2_004562,ITRIPO33,2026-06-30 12:00:00+00:00,2026-06-30 12:00:00+00:00,1,1,fault,spike_impossible,barometer,spike_impossible=pressure_trend_hpa,june
v2_004563,IZAWIY5,2025-10-06 14:00:00+00:00,2025-10-07 22:00:00+00:00,33,1,fault,stuck_flatline,anemometer,stuck_flatline=windspeed_avg_kmh,pre_april
v2_004564,IZAWIY5,2025-10-18 23:00:00+00:00,2025-10-19 22:00:00+00:00,24,1,fault,stuck_flatline,anemometer,stuck_flatline=windspeed_avg_kmh,pre_april
v2_004565,IZAWIY5,2025-10-19 11:00:00+00:00,2025-10-19 11:00:00+00:00,1,1,fault,stuck_flatline,anemometer,stuck_flatline=windspeed_avg_kmh,pre_april
v2_004566,IZAWIY5,2025-10-19 14:00:00+00:00,2025-10-19 14:00:00+00:00,1,1,fault,stuck_flatline,anemometer,stuck_flatline=windspeed_avg_kmh,pre_april
v2_004567,IZAWIY5,2025-10-19 16:00:00+00:00,2025-10-19 16:00:00+00:00,1,1,fault,stuck_flatline,anemometer,stuck_flatline=windspeed_avg_kmh,pre_april
v2_004568,IZAWIY5,2025-10-20 12:00:00+00:00,2025-10-21 12:00:00+00:00,25,1,fault,stuck_flatline,anemometer,stuck_flatline=windspeed_avg_kmh,pre_april
v2_004569,IZAWIY5,2025-10-22 23:00:00+00:00,2025-10-25 08:00:00+00:00,58,1,fault,stuck_flatline,anemometer,stuck_flatline=windspeed_avg_kmh,pre_april
v2_004570,IZAWIY5,2025-10-25 15:00:00+00:00,2025-10-25 15:00:00+00:00,1,0,benign,,,,pre_april
v2_004571,IZAWIY5,2025-10-26 12:00:00+00:00,2025-10-26 16:00:00+00:00,5,1,fault,statistical_anomaly,thermo_hygrometer,statistical_anomaly=temp_high_c+temp_low_c,pre_april
v2_004572,IZAWIY5,2025-11-17 11:00:00+00:00,2025-11-17 11:00:00+00:00,1,1,fault,spike_impossible,barometer,spike_impossible=pressure_trend_hpa,pre_april
v2_004573,IZAWIY5,2025-11-17 13:00:00+00:00,2025-11-17 13:00:00+00:00,1,0,benign,,,,pre_april
v2_004574,IZAWIY5,2025-11-17 14:00:00+00:00,2025-11-17 14:00:00+00:00,1,0,benign,,,,pre_april
v2_004575,IZAWIY5,2025-11-24 05:00:00+00:00,2025-11-24 06:00:00+00:00,2,1,fault,statistical_anomaly,thermo_hygrometer,statistical_anomaly=temp_avg_c,pre_april
v2_004576,IZAWIY5,2025-11-25 12:00:00+00:00,2025-11-25 16:00:00+00:00,5,0,benign,,,,pre_april
v2_004577,IZAWIY5,2025-11-30 06:00:00+00:00,2025-11-30 07:00:00+00:00,2,0,benign,,,,pre_april
v2_004578,IZAWIY5,2025-12-01 03:00:00+00:00,2025-12-01 07:00:00+00:00,5,0,benign,,,,pre_april
v2_004579,IZAWIY5,2025-12-03 11:00:00+00:00,2025-12-03 12:00:00+00:00,2,0,benign,,,,pre_april
v2_004580,IZAWIY5,2025-12-03 14:00:00+00:00,2025-12-03 14:00:00+00:00,1,0,benign,,,,pre_april
v2_004581,IZAWIY5,2025-12-03 17:00:00+00:00,2025-12-03 17:00:00+00:00,1,0,benign,,,,pre_april
v2_004582,IZAWIY5,2025-12-20 14:00:00+00:00,2025-12-20 14:00:00+00:00,1,0,benign,,,,pre_april
v2_004583,IZAWIY5,2026-01-10 00:00:00+00:00,2026-01-10 00:00:00+00:00,1,0,benign,,,,pre_april
v2_004584,IZAWIY5,2026-01-10 07:00:00+00:00,2026-01-10 07:00:00+00:00,1,0,benign,,,,pre_april
v2_004585,IZAWIY5,2026-01-14 10:00:00+00:00,2026-01-14 10:00:00+00:00,1,0,benign,,,,pre_april
v2_004586,IZAWIY5,2026-01-20 15:00:00+00:00,2026-01-20 15:00:00+00:00,1,0,benign,,,,pre_april
v2_004587,IZAWIY5,2026-01-21 22:00:00+00:00,2026-01-21 22:00:00+00:00,1,0,benign,,,,pre_april
v2_004588,IZAWIY5,2026-01-22 13:00:00+00:00,2026-01-22 13:00:00+00:00,1,0,benign,,,,pre_april
v2_004589,IZAWIY5,2026-01-24 14:00:00+00:00,2026-01-24 16:00:00+00:00,3,0,benign,,,,pre_april
v2_004590,IZAWIY5,2026-01-25 11:00:00+00:00,2026-01-25 12:00:00+00:00,2,0,benign,,,,pre_april
v2_004591,IZAWIY5,2026-01-25 13:00:00+00:00,2026-01-25 13:00:00+00:00,1,0,benign,,,,pre_april
v2_004592,IZAWIY5,2026-01-25 14:00:00+00:00,2026-01-25 14:00:00+00:00,1,0,benign,,,,pre_april
v2_004593,IZAWIY5,2026-01-25 15:00:00+00:00,2026-01-25 15:00:00+00:00,1,0,benign,,,,pre_april
v2_004594,IZAWIY5,2026-01-26 11:00:00+00:00,2026-01-26 14:00:00+00:00,4,0,borderline_review,,,,pre_april
v2_004595,IZAWIY5,2026-01-26 20:00:00+00:00,2026-01-26 20:00:00+00:00,1,0,benign,,,,pre_april
v2_004596,IZAWIY5,2026-01-31 11:00:00+00:00,2026-01-31 14:00:00+00:00,4,0,benign,,,,pre_april
v2_004597,IZAWIY5,2026-01-31 15:00:00+00:00,2026-01-31 21:00:00+00:00,7,0,benign,,,,pre_april
v2_004598,IZAWIY5,2026-02-01 02:00:00+00:00,2026-02-01 02:00:00+00:00,1,0,benign,,,,pre_april
v2_004599,IZAWIY5,2026-02-01 05:00:00+00:00,2026-02-01 05:00:00+00:00,1,0,benign,,,,pre_april
v2_004600,IZAWIY5,2026-02-01 08:00:00+00:00,2026-02-01 08:00:00+00:00,1,0,benign,,,,pre_april
v2_004601,IZAWIY5,2026-02-01 10:00:00+00:00,2026-02-01 13:00:00+00:00,4,0,benign,,,,pre_april
v2_004602,IZAWIY5,2026-02-01 15:00:00+00:00,2026-02-01 15:00:00+00:00,1,0,benign,,,,pre_april
v2_004603,IZAWIY5,2026-02-03 13:00:00+00:00,2026-02-03 13:00:00+00:00,1,0,benign,,,,pre_april
v2_004604,IZAWIY5,2026-02-04 13:00:00+00:00,2026-02-04 13:00:00+00:00,1,0,benign,,,,pre_april
v2_004605,IZAWIY5,2026-02-04 15:00:00+00:00,2026-02-04 15:00:00+00:00,1,0,benign,,,,pre_april
v2_004606,IZAWIY5,2026-02-12 11:00:00+00:00,2026-02-12 11:00:00+00:00,1,0,benign,,,,pre_april
v2_004607,IZAWIY5,2026-02-12 12:00:00+00:00,2026-02-12 14:00:00+00:00,3,0,benign,,,,pre_april
v2_004608,IZAWIY5,2026-02-15 12:00:00+00:00,2026-02-15 14:00:00+00:00,3,0,benign,,,,pre_april
v2_004609,IZAWIY5,2026-02-17 13:00:00+00:00,2026-02-17 13:00:00+00:00,1,0,benign,,,,pre_april
v2_004610,IZAWIY5,2026-02-19 00:00:00+00:00,2026-02-19 00:00:00+00:00,1,1,fault,statistical_anomaly,barometer,statistical_anomaly=pressure_trend_hpa,pre_april
v2_004611,IZAWIY5,2026-02-28 11:00:00+00:00,2026-02-28 11:00:00+00:00,1,1,fault,statistical_anomaly,barometer,statistical_anomaly=pressure_trend_hpa,pre_april
v2_004612,IZAWIY5,2026-03-11 12:00:00+00:00,2026-03-11 12:00:00+00:00,1,0,benign,,,,pre_april
v2_004613,IZAWIY5,2026-03-11 14:00:00+00:00,2026-03-11 14:00:00+00:00,1,0,benign,,,,pre_april
v2_004614,IZAWIY5,2026-03-11 15:00:00+00:00,2026-03-11 15:00:00+00:00,1,0,benign,,,,pre_april
v2_004615,IZAWIY5,2026-03-11 18:00:00+00:00,2026-03-11 18:00:00+00:00,1,0,benign,,,,pre_april
v2_004616,IZAWIY5,2026-03-14 04:00:00+00:00,2026-03-14 04:00:00+00:00,1,0,benign,,,,pre_april
v2_004617,IZAWIY5,2026-03-16 01:00:00+00:00,2026-03-16 13:00:00+00:00,13,0,benign,,,,pre_april
v2_004618,IZAWIY5,2026-03-16 15:00:00+00:00,2026-03-17 02:00:00+00:00,12,0,benign,,,,pre_april
v2_004619,IZAWIY5,2026-03-16 22:00:00+00:00,2026-03-16 22:00:00+00:00,1,0,benign,,,,pre_april
v2_004620,IZAWIY5,2026-03-21 05:00:00+00:00,2026-03-21 05:00:00+00:00,1,0,benign,,,,pre_april
v2_004621,IZAWIY5,2026-03-21 07:00:00+00:00,2026-03-21 07:00:00+00:00,1,0,benign,,,,pre_april
v2_004622,IZAWIY5,2026-03-21 09:00:00+00:00,2026-03-21 09:00:00+00:00,1,0,benign,,,,pre_april
v2_004623,IZAWIY5,2026-04-01 16:00:00+00:00,2026-04-01 16:00:00+00:00,1,0,benign,,,,april_may
v2_004624,IZAWIY5,2026-04-02 09:00:00+00:00,2026-04-02 09:00:00+00:00,1,1,fault,spike_impossible,barometer,spike_impossible=pressure_trend_hpa,april_may
v2_004625,IZAWIY5,2026-04-02 11:00:00+00:00,2026-04-02 11:00:00+00:00,1,0,benign,,,,april_may
v2_004626,IZAWIY5,2026-04-10 11:00:00+00:00,2026-04-10 11:00:00+00:00,1,1,fault,spike_impossible,barometer,spike_impossible=pressure_trend_hpa,april_may
v2_004627,IZAWIY5,2026-04-11 10:00:00+00:00,2026-04-11 11:00:00+00:00,2,0,benign,,,,april_may
v2_004628,IZAWIY5,2026-04-12 07:00:00+00:00,2026-04-12 17:00:00+00:00,11,0,benign,,,,april_may
v2_004629,IZAWIY5,2026-04-13 08:00:00+00:00,2026-04-13 08:00:00+00:00,1,1,fault,spike_impossible,barometer,spike_impossible=pressure_trend_hpa,april_may
v2_004630,IZAWIY5,2026-04-14 20:00:00+00:00,2026-04-14 20:00:00+00:00,1,1,fault,statistical_anomaly,barometer,statistical_anomaly=pressure_trend_hpa,april_may
v2_004631,IZAWIY5,2026-04-15 03:00:00+00:00,2026-04-15 03:00:00+00:00,1,1,fault,statistical_anomaly,barometer,statistical_anomaly=pressure_trend_hpa,april_may
v2_004632,IZAWIY5,2026-04-15 10:00:00+00:00,2026-04-15 10:00:00+00:00,1,1,fault,statistical_anomaly,light_uv,statistical_anomaly=uv_high,april_may
v2_004633,IZAWIY5,2026-04-15 12:00:00+00:00,2026-04-15 12:00:00+00:00,1,0,benign,,,,april_may
v2_004634,IZAWIY5,2026-04-16 09:00:00+00:00,2026-04-16 09:00:00+00:00,1,1,fault,statistical_anomaly,barometer,statistical_anomaly=pressure_trend_hpa,april_may
v2_004635,IZAWIY5,2026-04-16 10:00:00+00:00,2026-04-16 11:00:00+00:00,2,1,fault,statistical_anomaly,light_uv,statistical_anomaly=uv_high,april_may
v2_004636,IZAWIY5,2026-04-19 10:00:00+00:00,2026-04-19 10:00:00+00:00,1,1,fault,statistical_anomaly,light_uv,statistical_anomaly=uv_high,april_may
v2_004637,IZAWIY5,2026-04-23 00:00:00+00:00,2026-04-23 00:00:00+00:00,1,0,benign,,,,april_may
v2_004638,IZAWIY5,2026-04-23 08:00:00+00:00,2026-04-23 08:00:00+00:00,1,1,fault,statistical_anomaly,barometer,statistical_anomaly=pressure_trend_hpa,april_may
v2_004639,IZAWIY5,2026-04-24 10:00:00+00:00,2026-04-24 10:00:00+00:00,1,1,fault,statistical_anomaly,light_uv,statistical_anomaly=uv_high,april_may
v2_004640,IZAWIY5,2026-04-25 05:00:00+00:00,2026-04-25 05:00:00+00:00,1,1,fault,statistical_anomaly,barometer,statistical_anomaly=pressure_trend_hpa,april_may
v2_004641,IZAWIY5,2026-04-25 10:00:00+00:00,2026-04-25 10:00:00+00:00,1,1,fault,statistical_anomaly,light_uv,statistical_anomaly=uv_high,april_may
v2_004642,IZAWIY5,2026-04-27 09:00:00+00:00,2026-04-27 10:00:00+00:00,2,1,fault,statistical_anomaly,light_uv,statistical_anomaly=uv_high,april_may
v2_004643,IZAWIY5,2026-05-01 12:00:00+00:00,2026-05-01 12:00:00+00:00,1,0,benign,,,,april_may
v2_004644,IZAWIY5,2026-05-01 17:00:00+00:00,2026-05-01 23:00:00+00:00,7,0,benign,,,,april_may
v2_004645,IZAWIY5,2026-05-02 10:00:00+00:00,2026-05-02 11:00:00+00:00,2,1,fault,statistical_anomaly,light_uv,statistical_anomaly=uv_high,april_may
v2_004646,IZAWIY5,2026-05-03 10:00:00+00:00,2026-05-03 11:00:00+00:00,2,1,fault,statistical_anomaly,light_uv,statistical_anomaly=uv_high,april_may
v2_004647,IZAWIY5,2026-05-04 10:00:00+00:00,2026-05-04 11:00:00+00:00,2,1,fault,statistical_anomaly,light_uv,statistical_anomaly=uv_high,april_may
v2_004648,IZAWIY5,2026-05-05 10:00:00+00:00,2026-05-05 11:00:00+00:00,2,1,fault,statistical_anomaly,light_uv,statistical_anomaly=uv_high,april_may
v2_004649,IZAWIY5,2026-05-06 10:00:00+00:00,2026-05-06 18:00:00+00:00,9,1,fault,statistical_anomaly,light_uv|thermo_hygrometer,statistical_anomaly=temp_avg_c+temp_high_c+temp_low_c+uv_high,april_may
v2_004650,IZAWIY5,2026-05-08 09:00:00+00:00,2026-05-08 11:00:00+00:00,3,1,fault,statistical_anomaly,thermo_hygrometer,statistical_anomaly=temp_high_c,april_may
v2_004651,IZAWIY5,2026-05-09 04:00:00+00:00,2026-05-09 04:00:00+00:00,1,0,benign,,,,april_may
v2_004652,IZAWIY5,2026-05-10 08:00:00+00:00,2026-05-10 09:00:00+00:00,2,1,fault,spike_impossible,barometer,spike_impossible=pressure_trend_hpa,april_may
v2_004653,IZAWIY5,2026-05-11 10:00:00+00:00,2026-05-11 11:00:00+00:00,2,1,fault,statistical_anomaly,light_uv,statistical_anomaly=uv_high,april_may
v2_004654,IZAWIY5,2026-05-12 08:00:00+00:00,2026-05-12 08:00:00+00:00,1,1,fault,statistical_anomaly,thermo_hygrometer,statistical_anomaly=temp_high_c,april_may
v2_004655,IZAWIY5,2026-05-14 10:00:00+00:00,2026-05-14 10:00:00+00:00,1,1,fault,statistical_anomaly,light_uv,statistical_anomaly=uv_high,april_may
v2_004656,IZAWIY5,2026-05-14 19:00:00+00:00,2026-05-14 19:00:00+00:00,1,0,benign,,,,april_may
v2_004657,IZAWIY5,2026-05-15 11:00:00+00:00,2026-05-15 14:00:00+00:00,4,1,fault,statistical_anomaly,thermo_hygrometer,statistical_anomaly=temp_avg_c+temp_high_c+temp_low_c,april_may
v2_004658,IZAWIY5,2026-05-16 17:00:00+00:00,2026-05-16 17:00:00+00:00,1,1,fault,statistical_anomaly,barometer,statistical_anomaly=pressure_trend_hpa,april_may
v2_004659,IZAWIY5,2026-05-16 23:00:00+00:00,2026-05-16 23:00:00+00:00,1,1,fault,statistical_anomaly,barometer,statistical_anomaly=pressure_trend_hpa,april_may
v2_004660,IZAWIY5,2026-05-17 01:00:00+00:00,2026-05-17 03:00:00+00:00,3,1,fault,spike_impossible|statistical_anomaly,barometer,spike_impossible=pressure_trend_hpa|statistical_anomaly=pressure_trend_hpa,april_may
v2_004661,IZAWIY5,2026-05-17 05:00:00+00:00,2026-05-17 05:00:00+00:00,1,1,fault,statistical_anomaly,barometer,statistical_anomaly=pressure_trend_hpa,april_may
v2_004662,IZAWIY5,2026-05-17 07:00:00+00:00,2026-05-17 08:00:00+00:00,2,1,fault,statistical_anomaly,barometer,statistical_anomaly=pressure_trend_hpa,april_may
v2_004663,IZAWIY5,2026-05-17 11:00:00+00:00,2026-05-17 11:00:00+00:00,1,1,fault,statistical_anomaly,barometer,statistical_anomaly=pressure_trend_hpa,april_may
v2_004664,IZAWIY5,2026-05-19 12:00:00+00:00,2026-05-19 12:00:00+00:00,1,0,benign,,,,april_may
v2_004665,IZAWIY5,2026-05-20 12:00:00+00:00,2026-05-20 12:00:00+00:00,1,0,benign,,,,april_may
v2_004666,IZAWIY5,2026-05-21 12:00:00+00:00,2026-05-21 12:00:00+00:00,1,0,benign,,,,april_may
v2_004667,IZAWIY5,2026-05-22 12:00:00+00:00,2026-05-22 12:00:00+00:00,1,0,benign,,,,april_may
v2_004668,IZAWIY5,2026-05-26 10:00:00+00:00,2026-05-26 10:00:00+00:00,1,0,benign,,,,april_may
v2_004669,IZAWIY5,2026-05-26 12:00:00+00:00,2026-05-26 12:00:00+00:00,1,0,benign,,,,april_may
v2_004670,IZAWIY5,2026-06-01 08:00:00+00:00,2026-06-01 08:00:00+00:00,1,1,fault,statistical_anomaly,barometer,statistical_anomaly=pressure_trend_hpa,june
v2_004671,IZAWIY5,2026-06-03 08:00:00+00:00,2026-06-03 16:00:00+00:00,9,1,fault,statistical_anomaly,thermo_hygrometer,statistical_anomaly=temp_avg_c+temp_high_c+temp_low_c,june
v2_004672,IZAWIY5,2026-06-03 16:00:00+00:00,2026-06-03 16:00:00+00:00,1,0,benign,,,,june
v2_004673,IZAWIY5,2026-06-03 22:00:00+00:00,2026-06-03 22:00:00+00:00,1,1,fault,statistical_anomaly,barometer,statistical_anomaly=pressure_trend_hpa,june
v2_004674,IZAWIY5,2026-06-04 10:00:00+00:00,2026-06-04 10:00:00+00:00,1,0,benign,,,,june
v2_004675,IZAWIY5,2026-06-06 22:00:00+00:00,2026-06-06 22:00:00+00:00,1,1,fault,spike_impossible,barometer,spike_impossible=pressure_trend_hpa,june
v2_004676,IZAWIY5,2026-06-10 20:00:00+00:00,2026-06-10 20:00:00+00:00,1,1,fault,spike_impossible,barometer,spike_impossible=pressure_trend_hpa,june
v2_004677,IZAWIY5,2026-06-11 06:00:00+00:00,2026-06-11 06:00:00+00:00,1,1,fault,statistical_anomaly,barometer,statistical_anomaly=pressure_trend_hpa,june
v2_004678,IZAWIY5,2026-06-15 09:00:00+00:00,2026-06-15 09:00:00+00:00,1,0,benign,,,,june
v2_004679,IZAWIY5,2026-06-16 02:00:00+00:00,2026-06-16 02:00:00+00:00,1,1,fault,statistical_anomaly,barometer,statistical_anomaly=pressure_trend_hpa,june
v2_004680,IZAWIY5,2026-06-18 18:00:00+00:00,2026-06-18 18:00:00+00:00,1,1,fault,statistical_anomaly,barometer,statistical_anomaly=pressure_trend_hpa,june
v2_004681,IZAWIY5,2026-06-19 22:00:00+00:00,2026-06-19 22:00:00+00:00,1,1,fault,spike_impossible,barometer,spike_impossible=pressure_trend_hpa,june
v2_004682,IZAWIY5,2026-06-22 17:00:00+00:00,2026-06-22 17:00:00+00:00,1,1,fault,spike_impossible,barometer,spike_impossible=pressure_trend_hpa,june
v2_004683,IZAWIY5,2026-06-28 09:00:00+00:00,2026-06-28 09:00:00+00:00,1,0,benign,,,,june
v2_004684,IZAWIY5,2026-06-28 11:00:00+00:00,2026-06-28 11:00:00+00:00,1,0,benign,,,,june
v2_004685,IZAWIY5,2026-06-29 02:00:00+00:00,2026-06-29 03:00:00+00:00,2,0,benign,,,,june
v2_004686,IZAWIY7,2025-10-18 11:00:00+00:00,2025-10-18 11:00:00+00:00,1,0,benign,,,,pre_april
v2_004687,IZAWIY7,2025-10-23 13:00:00+00:00,2025-10-23 13:00:00+00:00,1,0,benign,,,,pre_april
v2_004688,IZAWIY7,2025-10-26 12:00:00+00:00,2025-10-26 15:00:00+00:00,4,1,fault,statistical_anomaly,thermo_hygrometer,statistical_anomaly=temp_avg_c+temp_low_c,pre_april
v2_004689,IZAWIY7,2025-11-01 16:00:00+00:00,2025-11-01 16:00:00+00:00,1,0,benign,,,,pre_april
v2_004690,IZAWIY7,2025-11-04 15:00:00+00:00,2025-11-04 15:00:00+00:00,1,0,benign,,,,pre_april
v2_004691,IZAWIY7,2025-11-04 19:00:00+00:00,2025-11-04 19:00:00+00:00,1,0,benign,,,,pre_april
v2_004692,IZAWIY7,2025-11-12 16:00:00+00:00,2025-11-12 16:00:00+00:00,1,0,benign,,,,pre_april
v2_004693,IZAWIY7,2025-12-03 15:00:00+00:00,2025-12-03 15:00:00+00:00,1,0,benign,,,,pre_april
v2_004694,IZAWIY7,2025-12-04 23:00:00+00:00,2025-12-04 23:00:00+00:00,1,0,benign,,,,pre_april
v2_004695,IZAWIY7,2025-12-06 09:00:00+00:00,2025-12-06 09:00:00+00:00,1,0,benign,,,,pre_april
v2_004696,IZAWIY7,2025-12-16 05:00:00+00:00,2025-12-16 05:00:00+00:00,1,0,benign,,,,pre_april
v2_004697,IZAWIY7,2026-01-08 02:00:00+00:00,2026-01-08 02:00:00+00:00,1,0,benign,,,,pre_april
v2_004698,IZAWIY7,2026-01-09 05:00:00+00:00,2026-01-09 06:00:00+00:00,2,0,benign,,,,pre_april
v2_004699,IZAWIY7,2026-01-10 04:00:00+00:00,2026-01-10 05:00:00+00:00,2,0,benign,,,,pre_april
v2_004700,IZAWIY7,2026-01-20 15:00:00+00:00,2026-01-20 15:00:00+00:00,1,0,benign,,,,pre_april
v2_004701,IZAWIY7,2026-01-21 22:00:00+00:00,2026-01-21 22:00:00+00:00,1,0,benign,,,,pre_april
v2_004702,IZAWIY7,2026-01-24 14:00:00+00:00,2026-01-24 16:00:00+00:00,3,0,benign,,,,pre_april
v2_004703,IZAWIY7,2026-01-25 13:00:00+00:00,2026-01-25 13:00:00+00:00,1,0,benign,,,,pre_april
v2_004704,IZAWIY7,2026-01-26 10:00:00+00:00,2026-01-26 10:00:00+00:00,1,0,benign,,,,pre_april
v2_004705,IZAWIY7,2026-01-26 12:00:00+00:00,2026-01-26 14:00:00+00:00,3,1,fault,statistical_anomaly,anemometer,statistical_anomaly=windspeed_avg_kmh,pre_april
v2_004706,IZAWIY7,2026-01-26 15:00:00+00:00,2026-01-26 15:00:00+00:00,1,0,benign,,,,pre_april
v2_004707,IZAWIY7,2026-01-26 20:00:00+00:00,2026-01-26 20:00:00+00:00,1,0,benign,,,,pre_april
v2_004708,IZAWIY7,2026-01-28 14:00:00+00:00,2026-01-28 14:00:00+00:00,1,0,benign,,,,pre_april
v2_004709,IZAWIY7,2026-01-29 01:00:00+00:00,2026-01-29 01:00:00+00:00,1,0,benign,,,,pre_april
v2_004710,IZAWIY7,2026-01-31 11:00:00+00:00,2026-01-31 11:00:00+00:00,1,0,benign,,,,pre_april
v2_004711,IZAWIY7,2026-01-31 15:00:00+00:00,2026-01-31 16:00:00+00:00,2,0,benign,,,,pre_april
v2_004712,IZAWIY7,2026-01-31 18:00:00+00:00,2026-01-31 22:00:00+00:00,5,1,fault,statistical_anomaly,anemometer,statistical_anomaly=windgust_high_kmh,pre_april
v2_004713,IZAWIY7,2026-02-01 07:00:00+00:00,2026-02-01 09:00:00+00:00,3,0,benign,,,,pre_april
v2_004714,IZAWIY7,2026-02-03 12:00:00+00:00,2026-02-03 15:00:00+00:00,4,0,benign,,,,pre_april
v2_004715,IZAWIY7,2026-02-04 11:00:00+00:00,2026-02-04 12:00:00+00:00,2,0,benign,,,,pre_april
v2_004716,IZAWIY7,2026-02-04 13:00:00+00:00,2026-02-04 13:00:00+00:00,1,0,benign,,,,pre_april
v2_004717,IZAWIY7,2026-02-05 04:00:00+00:00,2026-02-05 04:00:00+00:00,1,0,benign,,,,pre_april
v2_004718,IZAWIY7,2026-02-05 23:00:00+00:00,2026-02-05 23:00:00+00:00,1,1,fault,statistical_anomaly,barometer,statistical_anomaly=pressure_trend_hpa,pre_april
v2_004719,IZAWIY7,2026-02-12 11:00:00+00:00,2026-02-12 13:00:00+00:00,3,0,benign,,,,pre_april
v2_004720,IZAWIY7,2026-02-14 15:00:00+00:00,2026-02-14 15:00:00+00:00,1,1,fault,statistical_anomaly,barometer,statistical_anomaly=pressure_trend_hpa,pre_april
v2_004721,IZAWIY7,2026-02-18 01:00:00+00:00,2026-02-18 22:00:00+00:00,22,1,fault,statistical_anomaly,barometer,statistical_anomaly=pressure_max_hpa,pre_april
v2_004722,IZAWIY7,2026-02-18 09:00:00+00:00,2026-02-18 12:00:00+00:00,4,1,fault,statistical_anomaly,barometer,statistical_anomaly=pressure_max_hpa,pre_april
v2_004723,IZAWIY7,2026-02-20 08:00:00+00:00,2026-02-20 13:00:00+00:00,6,0,benign,,,,pre_april
v2_004724,IZAWIY7,2026-02-20 15:00:00+00:00,2026-02-20 15:00:00+00:00,1,1,fault,spike_impossible,barometer,spike_impossible=pressure_trend_hpa,pre_april
v2_004725,IZAWIY7,2026-02-24 16:00:00+00:00,2026-02-24 16:00:00+00:00,1,0,benign,,,,pre_april
v2_004726,IZAWIY7,2026-03-06 05:00:00+00:00,2026-03-06 05:00:00+00:00,1,0,benign,,,,pre_april
v2_004727,IZAWIY7,2026-03-11 13:00:00+00:00,2026-03-11 14:00:00+00:00,2,0,benign,,,,pre_april
v2_004728,IZAWIY7,2026-03-13 00:00:00+00:00,2026-03-13 00:00:00+00:00,1,0,benign,,,,pre_april
v2_004729,IZAWIY7,2026-03-16 16:00:00+00:00,2026-03-16 16:00:00+00:00,1,0,benign,,,,pre_april
v2_004730,IZAWIY7,2026-03-17 18:00:00+00:00,2026-03-17 18:00:00+00:00,1,1,fault,statistical_anomaly,barometer,statistical_anomaly=pressure_trend_hpa,pre_april
v2_004731,IZAWIY7,2026-03-18 07:00:00+00:00,2026-03-18 07:00:00+00:00,1,0,benign,,,,pre_april
v2_004732,IZAWIY7,2026-03-22 07:00:00+00:00,2026-03-22 07:00:00+00:00,1,0,benign,,,,pre_april
v2_004733,IZAWIY7,2026-03-26 07:00:00+00:00,2026-03-26 07:00:00+00:00,1,0,benign,,,,pre_april
v2_004734,IZAWIY7,2026-04-01 09:00:00+00:00,2026-04-01 09:00:00+00:00,1,0,benign,,,,april_may
v2_004735,IZAWIY7,2026-04-01 10:00:00+00:00,2026-04-01 10:00:00+00:00,1,0,benign,,,,april_may
v2_004736,IZAWIY7,2026-04-01 16:00:00+00:00,2026-04-01 16:00:00+00:00,1,0,benign,,,,april_may
v2_004737,IZAWIY7,2026-04-01 18:00:00+00:00,2026-04-01 18:00:00+00:00,1,0,benign,,,,april_may
v2_004738,IZAWIY7,2026-04-02 09:00:00+00:00,2026-04-02 10:00:00+00:00,2,0,benign,,,,april_may
v2_004739,IZAWIY7,2026-04-05 00:00:00+00:00,2026-04-05 00:00:00+00:00,1,0,benign,,,,april_may
v2_004740,IZAWIY7,2026-04-07 12:00:00+00:00,2026-04-07 12:00:00+00:00,1,0,benign,,,,april_may
v2_004741,IZAWIY7,2026-04-11 10:00:00+00:00,2026-04-11 11:00:00+00:00,2,0,benign,,,,april_may
v2_004742,IZAWIY7,2026-04-12 06:00:00+00:00,2026-04-12 16:00:00+00:00,11,0,benign,,,,april_may
v2_004743,IZAWIY7,2026-04-14 07:00:00+00:00,2026-04-14 07:00:00+00:00,1,1,fault,statistical_anomaly,barometer,statistical_anomaly=pressure_trend_hpa,april_may
v2_004744,IZAWIY7,2026-04-14 15:00:00+00:00,2026-04-14 16:00:00+00:00,2,1,fault,spike_impossible,barometer,spike_impossible=pressure_trend_hpa,april_may
v2_004745,IZAWIY7,2026-04-14 17:00:00+00:00,2026-04-14 17:00:00+00:00,1,0,benign,,,,april_may
v2_004746,IZAWIY7,2026-04-14 18:00:00+00:00,2026-04-14 18:00:00+00:00,1,0,benign,,,,april_may
v2_004747,IZAWIY7,2026-04-16 21:00:00+00:00,2026-04-16 21:00:00+00:00,1,0,benign,,,,april_may
v2_004748,IZAWIY7,2026-04-18 19:00:00+00:00,2026-04-18 19:00:00+00:00,1,0,benign,,,,april_may
v2_004749,IZAWIY7,2026-04-19 21:00:00+00:00,2026-04-19 21:00:00+00:00,1,1,fault,statistical_anomaly,barometer,statistical_anomaly=pressure_trend_hpa,april_may
v2_004750,IZAWIY7,2026-04-23 04:00:00+00:00,2026-04-23 04:00:00+00:00,1,1,fault,spike_impossible,barometer,spike_impossible=pressure_trend_hpa,april_may
v2_004751,IZAWIY7,2026-04-30 08:00:00+00:00,2026-04-30 08:00:00+00:00,1,0,benign,,,,april_may
v2_004752,IZAWIY7,2026-05-01 15:00:00+00:00,2026-05-01 15:00:00+00:00,1,0,benign,,,,april_may
v2_004753,IZAWIY7,2026-05-01 18:00:00+00:00,2026-05-01 21:00:00+00:00,4,0,benign,,,,april_may
v2_004754,IZAWIY7,2026-05-02 10:00:00+00:00,2026-05-02 11:00:00+00:00,2,1,fault,statistical_anomaly,light_uv,statistical_anomaly=uv_high,april_may
v2_004755,IZAWIY7,2026-05-03 08:00:00+00:00,2026-05-03 08:00:00+00:00,1,1,fault,spike_impossible,barometer,spike_impossible=pressure_trend_hpa,april_may
v2_004756,IZAWIY7,2026-05-04 09:00:00+00:00,2026-05-04 09:00:00+00:00,1,1,fault,statistical_anomaly,barometer,statistical_anomaly=pressure_trend_hpa,april_may
v2_004757,IZAWIY7,2026-05-04 10:00:00+00:00,2026-05-04 11:00:00+00:00,2,1,fault,statistical_anomaly,light_uv,statistical_anomaly=uv_high,april_may
v2_004758,IZAWIY7,2026-05-05 09:00:00+00:00,2026-05-05 12:00:00+00:00,4,1,fault,statistical_anomaly,light_uv,statistical_anomaly=uv_high,april_may
v2_004759,IZAWIY7,2026-05-06 09:00:00+00:00,2026-05-06 18:00:00+00:00,10,1,fault,statistical_anomaly,light_uv|thermo_hygrometer,statistical_anomaly=temp_high_c+temp_low_c+uv_high,april_may
v2_004760,IZAWIY7,2026-05-07 05:00:00+00:00,2026-05-07 05:00:00+00:00,1,1,fault,statistical_anomaly,barometer,statistical_anomaly=pressure_trend_hpa,april_may
v2_004761,IZAWIY7,2026-05-07 20:00:00+00:00,2026-05-07 20:00:00+00:00,1,0,benign,,,,april_may
v2_004762,IZAWIY7,2026-05-08 09:00:00+00:00,2026-05-08 11:00:00+00:00,3,1,fault,statistical_anomaly,light_uv|thermo_hygrometer,statistical_anomaly=temp_high_c+temp_low_c+uv_high,april_may
v2_004763,IZAWIY7,2026-05-10 06:00:00+00:00,2026-05-10 06:00:00+00:00,1,0,benign,,,,april_may
v2_004764,IZAWIY7,2026-05-11 10:00:00+00:00,2026-05-11 11:00:00+00:00,2,1,fault,statistical_anomaly,light_uv,statistical_anomaly=uv_high,april_may
v2_004765,IZAWIY7,2026-05-12 08:00:00+00:00,2026-05-12 09:00:00+00:00,2,1,fault,statistical_anomaly,thermo_hygrometer,statistical_anomaly=temp_high_c,april_may
v2_004766,IZAWIY7,2026-05-14 10:00:00+00:00,2026-05-14 10:00:00+00:00,1,1,fault,statistical_anomaly,light_uv,statistical_anomaly=uv_high,april_may
v2_004767,IZAWIY7,2026-05-15 00:00:00+00:00,2026-05-15 00:00:00+00:00,1,0,benign,,,,april_may
v2_004768,IZAWIY7,2026-05-15 05:00:00+00:00,2026-05-15 05:00:00+00:00,1,0,benign,,,,april_may
v2_004769,IZAWIY7,2026-05-15 12:00:00+00:00,2026-05-15 14:00:00+00:00,3,1,fault,statistical_anomaly,thermo_hygrometer,statistical_anomaly=temp_avg_c+temp_high_c+temp_low_c,april_may
v2_004770,IZAWIY7,2026-05-16 17:00:00+00:00,2026-05-16 17:00:00+00:00,1,1,fault,statistical_anomaly,barometer,statistical_anomaly=pressure_trend_hpa,april_may
v2_004771,IZAWIY7,2026-05-16 22:00:00+00:00,2026-05-16 22:00:00+00:00,1,1,fault,statistical_anomaly,barometer,statistical_anomaly=pressure_trend_hpa,april_may
v2_004772,IZAWIY7,2026-05-17 05:00:00+00:00,2026-05-17 06:00:00+00:00,2,0,benign,,,,april_may
v2_004773,IZAWIY7,2026-05-17 08:00:00+00:00,2026-05-17 09:00:00+00:00,2,1,fault,statistical_anomaly,barometer,statistical_anomaly=pressure_trend_hpa,april_may
v2_004774,IZAWIY7,2026-05-17 11:00:00+00:00,2026-05-17 11:00:00+00:00,1,0,benign,,,,april_may
v2_004775,IZAWIY7,2026-05-17 14:00:00+00:00,2026-05-17 14:00:00+00:00,1,1,fault,statistical_anomaly,barometer,statistical_anomaly=pressure_trend_hpa,april_may
v2_004776,IZAWIY7,2026-05-20 11:00:00+00:00,2026-05-20 11:00:00+00:00,1,1,fault,statistical_anomaly,light_uv,statistical_anomaly=uv_high,april_may
v2_004777,IZAWIY7,2026-05-21 22:00:00+00:00,2026-05-21 22:00:00+00:00,1,1,fault,spike_impossible,barometer,spike_impossible=pressure_trend_hpa,april_may
v2_004778,IZAWIY7,2026-05-26 12:00:00+00:00,2026-05-26 13:00:00+00:00,2,0,benign,,,,april_may
v2_004779,IZAWIY7,2026-05-31 01:00:00+00:00,2026-05-31 01:00:00+00:00,1,1,fault,statistical_anomaly,barometer,statistical_anomaly=pressure_trend_hpa,april_may
v2_004780,IZAWIY7,2026-05-31 19:00:00+00:00,2026-05-31 19:00:00+00:00,1,0,benign,,,,april_may
v2_004781,IZAWIY7,2026-06-03 08:00:00+00:00,2026-06-03 16:00:00+00:00,9,1,fault,statistical_anomaly,light_uv|thermo_hygrometer,statistical_anomaly=temp_avg_c+temp_high_c+temp_low_c+uv_high,june
v2_004782,IZAWIY7,2026-06-05 11:00:00+00:00,2026-06-05 11:00:00+00:00,1,1,fault,statistical_anomaly,barometer,statistical_anomaly=pressure_trend_hpa,june
v2_004783,IZAWIY7,2026-06-07 19:00:00+00:00,2026-06-07 19:00:00+00:00,1,1,fault,spike_impossible,barometer,spike_impossible=pressure_trend_hpa,june
v2_004784,IZAWIY7,2026-06-09 01:00:00+00:00,2026-06-09 01:00:00+00:00,1,0,benign,,,,june
v2_004785,IZAWIY7,2026-06-10 08:00:00+00:00,2026-06-10 08:00:00+00:00,1,0,benign,,,,june
v2_004786,IZAWIY7,2026-06-12 19:00:00+00:00,2026-06-13 03:00:00+00:00,9,0,benign,,,,june
v2_004787,IZAWIY7,2026-06-13 10:00:00+00:00,2026-06-13 10:00:00+00:00,1,1,fault,statistical_anomaly,light_uv,statistical_anomaly=uv_high,june
v2_004788,IZAWIY7,2026-06-13 16:00:00+00:00,2026-06-13 16:00:00+00:00,1,1,fault,statistical_anomaly,barometer,statistical_anomaly=pressure_trend_hpa,june
v2_004789,IZAWIY7,2026-06-13 22:00:00+00:00,2026-06-13 22:00:00+00:00,1,0,benign,,,,june
v2_004790,IZAWIY7,2026-06-16 02:00:00+00:00,2026-06-16 02:00:00+00:00,1,1,fault,statistical_anomaly,barometer,statistical_anomaly=pressure_trend_hpa,june
v2_004791,IZAWIY7,2026-06-16 12:00:00+00:00,2026-06-16 13:00:00+00:00,2,0,benign,,,,june
v2_004792,IZAWIY7,2026-06-17 16:00:00+00:00,2026-06-17 16:00:00+00:00,1,0,benign,,,,june
v2_004793,IZAWIY7,2026-06-18 18:00:00+00:00,2026-06-18 18:00:00+00:00,1,1,fault,spike_impossible,barometer,spike_impossible=pressure_trend_hpa,june
v2_004794,IZAWIY7,2026-06-19 20:00:00+00:00,2026-06-19 20:00:00+00:00,1,1,fault,statistical_anomaly,barometer,statistical_anomaly=pressure_trend_hpa,june
v2_004795,IZAWIY7,2026-06-22 12:00:00+00:00,2026-06-22 12:00:00+00:00,1,1,fault,spike_impossible,barometer,spike_impossible=pressure_trend_hpa,june
v2_004796,IZAWIY7,2026-06-24 15:00:00+00:00,2026-06-24 15:00:00+00:00,1,0,benign,,,,june
v2_004797,IZAWIY7,2026-06-29 07:00:00+00:00,2026-06-29 07:00:00+00:00,1,1,fault,statistical_anomaly,barometer,statistical_anomaly=pressure_trend_hpa,june
v2_004798,IZAWIY7,2026-06-29 14:00:00+00:00,2026-06-29 14:00:00+00:00,1,1,fault,statistical_anomaly,barometer,statistical_anomaly=pressure_trend_hpa,june
v2_004799,IZAWIY7,2026-06-30 16:00:00+00:00,2026-06-30 16:00:00+00:00,1,1,fault,statistical_anomaly,anemometer,statistical_anomaly=windgust_high_kmh+windspeed_high_kmh,june
